generation,best_fitness,mean_fitness,std_fitness,best_so_far,mutation_rate,run
0,18.274165738677393,20.638774023056854,1.1615059153322291,18.274165738677393,0.5,1
1,15.368438714135813,19.99396920014969,1.34019913762353,15.368438714135813,0.5,1
2,15.368438714135813,19.28686819029689,1.248071453530874,15.368438714135813,0.5,1
3,15.368438714135813,18.655765994199374,1.3283858166480447,15.368438714135813,0.5,1
4,15.368438714135813,17.757521029382502,1.374850006894504,15.368438714135813,0.5,1
5,15.302172886644268,17.152674161339828,1.260962277642308,15.302172886644268,0.5,1
6,15.281534080237808,16.863515295808373,1.2287177200350548,15.281534080237808,0.5,1
7,14.81069386451104,16.49710991941617,1.0792183703314908,14.81069386451104,0.5,1
8,14.81069386451104,16.192459781684214,0.9526576680586323,14.81069386451104,0.5,1
9,14.734387974463898,15.899366766438462,0.6399202416061295,14.734387974463898,0.5,1
10,14.531300056749533,15.646395827878987,0.5106472350871245,14.531300056749533,0.5,1
11,14.531300056749533,15.568444897657002,0.5814205041309547,14.531300056749533,0.5,1
12,14.531300056749533,15.497127123750069,0.6253948809856007,14.531300056749533,0.5,1
13,14.4,15.460777469781721,0.563244686591243,14.4,0.5,1
14,14.4,15.353481077888764,0.5499681885806362,14.4,0.5,1
15,14.22574776766556,15.309117448355224,0.6538912813444165,14.22574776766556,0.5,1
16,14.22574776766556,15.255469778358167,0.8055468912032996,14.22574776766556,0.5,1
17,14.4,15.07680276336729,0.535792315297175,14.22574776766556,0.5,1
18,14.085677655436825,15.111608565983019,0.6484789083768678,14.085677655436825,0.5,1
19,14.4,15.17969549828578,0.6041255922775199,14.085677655436825,0.5,1
20,14.346049894151541,15.112261458570918,0.6390141505887125,14.085677655436825,0.5,1
21,14.346049894151541,15.144331808926813,0.7437171226464849,14.085677655436825,0.5,1
22,14.346049894151541,15.00102435165509,0.7249877762053892,14.085677655436825,0.5,1
23,14.346049894151541,15.283856006932087,1.009803934646261,14.085677655436825,0.5,1
24,14.346049894151541,15.16523386802113,0.9186600001302274,14.085677655436825,0.5,1
25,14.193737745050923,15.169792560860659,0.9168710892775935,14.085677655436825,0.5,1
26,14.346049894151541,15.089001008761587,0.8657213308060191,14.085677655436825,0.5,1
27,14.14355957741627,14.896649132991941,0.7200017394401262,14.085677655436825,0.5,1
28,14.333907960581373,14.930347112428269,0.7715864740528705,14.085677655436825,0.5,1
29,14.14355957741627,14.895274307880744,0.5315134119726391,14.085677655436825,0.5,1
30,14.139071942966531,14.87779682623919,0.6408344908431607,14.085677655436825,0.5,1
31,14.139071942966531,14.915201203617485,0.684032905764425,14.085677655436825,0.5,1
32,14.139071942966531,14.860132949614556,0.5552599831158137,14.085677655436825,0.5,1
33,14.020465053408525,14.913756873916943,0.827333369491616,14.020465053408525,0.5,1
34,14.020465053408525,14.714905782723399,0.5533266145328779,14.020465053408525,0.5,1
35,13.95472369909914,14.650636460465394,0.569227094980969,13.95472369909914,0.5,1
36,13.95472369909914,14.705761111204643,0.6838185186171132,13.95472369909914,0.5,1
37,13.95472369909914,14.865267613213808,0.8688020119234486,13.95472369909914,0.5,1
38,13.95472369909914,14.877980776927545,0.8067631554003081,13.95472369909914,0.5,1
39,13.95472369909914,14.931139812886702,0.841735034536399,13.95472369909914,0.5,1
40,13.95472369909914,14.956042174641748,0.7170225991339698,13.95472369909914,0.5,1
41,13.88806130178211,15.06241861382897,0.9693063336255996,13.88806130178211,0.5,1
42,13.70293863659264,14.679248957792684,0.7764589720654735,13.70293863659264,0.5,1
43,13.70293863659264,14.837199909458947,0.9292800599688044,13.70293863659264,0.5,1
44,13.70293863659264,14.673027075054334,0.5438079230817547,13.70293863659264,0.5,1
45,13.70293863659264,14.656417786792872,0.7339297592273636,13.70293863659264,0.5,1
46,13.70293863659264,14.58898724692277,0.772404213842511,13.70293863659264,0.5,1
47,13.70293863659264,14.648450708030133,0.8267767411516749,13.70293863659264,0.5,1
48,13.70293863659264,14.682190804905495,0.7715586767453564,13.70293863659264,0.5,1
49,13.70293863659264,14.824200470781397,0.9025449825637833,13.70293863659264,0.5,1
50,13.70293863659264,14.977194574833453,1.0215704587052576,13.70293863659264,0.5,1
51,13.70293863659264,14.814619564801774,0.8818661418570402,13.70293863659264,0.5,1
52,13.70293863659264,14.843527067607562,1.0185796149396218,13.70293863659264,0.5,1
53,13.70293863659264,14.811134642030458,0.934628721974701,13.70293863659264,0.5,1
54,13.70293863659264,14.634879034281882,0.8685962393067568,13.70293863659264,0.5,1
55,13.686796226411321,14.502656541809966,0.7355367781941644,13.686796226411321,0.5,1
56,13.686796226411321,14.522800780033498,0.659940048391317,13.686796226411321,0.5,1
57,13.686796226411321,14.60416501122097,0.8059594085923713,13.686796226411321,0.5,1
58,13.686796226411321,14.520165855348983,0.8343770742121194,13.686796226411321,0.5,1
59,13.686796226411321,14.412146036126444,0.7477626252367361,13.686796226411321,0.5,1
60,13.686796226411321,14.452504804601183,0.6444053091416582,13.686796226411321,0.5,1
61,13.686796226411321,14.577657216129266,0.7774742504954701,13.686796226411321,0.5,1
62,13.686796226411321,14.553476293827622,0.7943920212322614,13.686796226411321,0.5,1
63,13.686796226411321,14.614530138401294,0.9696720824430155,13.686796226411321,0.5,1
64,13.686796226411321,14.787945224376976,1.1268314765903413,13.686796226411321,0.5,1
65,13.686796226411321,14.74054534374824,0.9964661297458561,13.686796226411321,0.5,1
66,13.686796226411321,14.738679026533713,0.9102728858724386,13.686796226411321,0.5,1
67,13.686796226411321,14.798282912685353,1.0754836792429363,13.686796226411321,0.5,1
68,13.686796226411321,14.824777453167906,1.1003308587232354,13.686796226411321,0.5,1
69,13.686796226411321,14.755698008835406,1.00050126210497,13.686796226411321,0.5,1
70,13.686796226411321,14.684987621607416,0.9853789846023948,13.686796226411321,0.5,1
71,13.686796226411321,14.55384557203,0.8700996720460417,13.686796226411321,0.5,1
72,13.686796226411321,14.550050305040854,0.8441270406999015,13.686796226411321,0.5,1
73,13.686796226411321,14.540903440838552,0.8612403972491458,13.686796226411321,0.5,1
74,13.686796226411321,14.614229520105898,1.025762997191447,13.686796226411321,0.5,1
75,13.686796226411321,14.414163284295336,0.8902496294949344,13.686796226411321,0.5,1
76,13.686796226411321,14.50735795858401,0.93719295025113,13.686796226411321,0.5,1
77,13.686796226411321,14.504842579538675,0.9548800445250405,13.686796226411321,0.5,1
78,13.686796226411321,14.522179120969584,0.9378830286947385,13.686796226411321,0.5,1
79,13.686796226411321,14.582008184423483,0.9128033572884637,13.686796226411321,0.5,1
80,13.686796226411321,14.545128205436194,0.838941292659806,13.686796226411321,0.5,1
81,13.6431676725155,14.51421953527376,0.767635338177538,13.6431676725155,0.5,1
82,13.6431676725155,14.545977182235099,0.9703019699602449,13.6431676725155,0.5,1
83,13.6431676725155,14.2868439216676,0.6515923911939647,13.6431676725155,0.5,1
84,13.6431676725155,14.3437171845465,0.5659010023932515,13.6431676725155,0.5,1
85,13.6431676725155,14.434322098078633,0.6084877444424961,13.6431676725155,0.5,1
86,13.6431676725155,14.55625315352071,0.8644840723041334,13.6431676725155,0.5,1
87,13.6431676725155,14.477145816583379,0.7731823223108415,13.6431676725155,0.5,1
88,13.6431676725155,14.446187282776235,0.7113250670040103,13.6431676725155,0.5,1
89,13.6431676725155,14.449205034992229,0.752985177622841,13.6431676725155,0.5,1
90,13.6431676725155,14.478990971087336,0.8558930149142907,13.6431676725155,0.5,1
91,13.6431676725155,14.505025888640496,0.9229470147686794,13.6431676725155,0.5,1
92,13.686796226411321,14.476052614292117,0.8339520894483171,13.6431676725155,0.5,1
93,13.686796226411321,14.642087309490357,0.937119118649145,13.6431676725155,0.5,1
94,13.686796226411321,14.500614631928213,0.7646613908084708,13.6431676725155,0.5,1
95,13.639071942966531,14.462662859104173,0.6745244853852728,13.639071942966531,0.5,1
96,13.639071942966531,14.474105220671667,0.7005125153570002,13.639071942966531,0.5,1
97,13.639071942966531,14.767185487077361,0.8711961989614923,13.639071942966531,0.5,1
98,13.639071942966531,14.766708578644577,0.8426479032868324,13.639071942966531,0.5,1
99,13.639071942966531,14.541045504642334,0.6420542214074421,13.639071942966531,0.5,1
100,13.639071942966531,14.6088651183212,0.7584849775174715,13.639071942966531,0.5,1
0,18.63527000944073,20.70239265072595,1.1324407336486848,18.63527000944073,0.5,2
1,15.73072757526625,19.959752872273203,1.206047587757459,15.73072757526625,0.5,2
2,15.380972058177587,19.183075493198906,1.3630570046790094,15.380972058177587,0.5,2
3,15.274887385102321,18.47744349968129,1.39903352732355,15.274887385102321,0.5,2
4,14.956141357987224,17.635323765917526,1.3158793592656504,14.956141357987224,0.5,2
5,14.956141357987224,16.99069508964497,1.3217329074615947,14.956141357987224,0.5,2
6,14.737663853655729,16.4755109924279,1.1571900746228487,14.737663853655729,0.5,2
7,14.709361307176243,16.033219609860012,0.8486576613415229,14.709361307176243,0.5,2
8,14.709361307176243,15.816931065324884,0.8458837375136183,14.709361307176243,0.5,2
9,14.700000000000001,15.595627070990911,0.5744279176323478,14.700000000000001,0.5,2
10,14.345207879911715,15.525348656654486,0.5446276881488857,14.345207879911715,0.5,2
11,14.345207879911715,15.455430520929445,0.545666016160122,14.345207879911715,0.5,2
12,14.345207879911715,15.43310218686996,0.6162637979801601,14.345207879911715,0.5,2
13,14.107680962081059,15.261037402731446,0.530883471411329,14.107680962081059,0.5,2
14,14.107680962081059,15.17406019300329,0.6144921760359273,14.107680962081059,0.5,2
15,14.337211521390788,15.106864104232697,0.4124868489424848,14.107680962081059,0.5,2
16,14.337211521390788,15.137697964636343,0.5173659175215298,14.107680962081059,0.5,2
17,14.345207879911715,15.207041893086728,0.6428324353993689,14.107680962081059,0.5,2
18,13.64355957741627,15.103143048268661,0.6618576965799616,13.64355957741627,0.5,2
19,13.816590212458495,15.006104440460877,0.569384840917901,13.64355957741627,0.5,2
20,13.596662954709576,15.018854283825686,0.7798648122312474,13.596662954709576,0.5,2
21,13.596662954709576,14.969685803927192,0.8786117666202928,13.596662954709576,0.5,2
22,13.18062484748657,14.782345483078844,0.8132745814539526,13.18062484748657,0.5,2
23,13.18062484748657,14.695442375220859,0.7884684510025126,13.18062484748657,0.5,2
24,13.18062484748657,14.50458192663315,0.8013746188662133,13.18062484748657,0.5,2
25,13.096662954709576,14.474087379683342,0.832453557334351,13.096662954709576,0.5,2
26,13.096662954709576,14.336316559357748,0.7470947089791313,13.096662954709576,0.5,2
27,13.096662954709576,14.121112114638201,0.6235787231610534,13.096662954709576,0.5,2
28,13.096662954709576,14.190360265490574,0.7179694245750851,13.096662954709576,0.5,2
29,13.14355957741627,14.218088919125837,0.9350102934290834,13.096662954709576,0.5,2
30,13.14355957741627,14.151013419968349,0.8520215468020458,13.096662954709576,0.5,2
31,13.14355957741627,14.123521550793406,0.834109566943949,13.096662954709576,0.5,2
32,13.18062484748657,14.010210945657782,0.6492384740620221,13.096662954709576,0.5,2
33,13.18062484748657,14.099447028596888,0.7461368467641639,13.096662954709576,0.5,2
34,13.139071942966531,14.138640869500641,0.7801613655132338,13.096662954709576,0.5,2
35,13.088409872672514,14.1674082358999,0.8895370692506528,13.088409872672514,0.5,2
36,13.135270009440731,14.040986522988492,0.8260999632889573,13.088409872672514,0.5,2
37,13.135270009440731,13.903582668752604,0.6354447785116661,13.088409872672514,0.5,2
38,13.135270009440731,13.877022204733924,0.6389316212404182,13.088409872672514,0.5,2
39,13.135270009440731,13.838433075413509,0.5826335290080407,13.088409872672514,0.5,2
40,13.135270009440731,13.858720273292153,0.614346382952923,13.088409872672514,0.5,2
41,13.139071942966531,13.89027281771794,0.5554474072530633,13.088409872672514,0.5,2
42,13.139071942966531,13.931734745612673,0.6720764649524412,13.088409872672514,0.5,2
43,13.139071942966531,14.0435123058659,0.754085284490863,13.088409872672514,0.5,2
44,13.033030277982336,13.965361764482985,0.7580533254620336,13.033030277982336,0.5,2
45,13.033030277982336,13.906735164672545,0.7366296379199077,13.033030277982336,0.5,2
46,13.033030277982336,13.861220248957824,0.6755479219431864,13.033030277982336,0.5,2
47,13.135270009440731,13.960006765333715,0.7948274874898908,13.033030277982336,0.5,2
48,13.135270009440731,13.858569411574512,0.5710553036770867,13.033030277982336,0.5,2
49,13.135270009440731,13.87890616118603,0.625767424837623,13.033030277982336,0.5,2
50,13.135270009440731,13.913680733893417,0.6617190540181945,13.033030277982336,0.5,2
51,13.133030277982337,14.012168402582745,0.7290780934207028,13.033030277982336,0.5,2
52,13.133030277982337,13.907442306671781,0.7341031550095134,13.033030277982336,0.5,2
53,13.133030277982337,13.8519097224457,0.751268870640403,13.033030277982336,0.5,2
54,13.135270009440731,13.887016757065833,0.6686571319357867,13.033030277982336,0.5,2
55,13.135270009440731,13.884454739502205,0.5139318198958844,13.033030277982336,0.5,2
56,13.135270009440731,13.840553386688066,0.5744147312359216,13.033030277982336,0.5,2
57,13.135270009440731,13.936761299057084,0.6797903617973563,13.033030277982336,0.5,2
58,13.135270009440731,13.929840762264366,0.714069962940375,13.033030277982336,0.5,2
59,13.135270009440731,13.952039063379289,0.7539226012001048,13.033030277982336,0.5,2
60,13.135270009440731,13.88173573677132,0.6052695423659566,13.033030277982336,0.5,2
61,13.135270009440731,13.80764273840019,0.6169086985694832,13.033030277982336,0.5,2
62,13.105547008526779,13.855528690318065,0.6933728889327263,13.033030277982336,0.5,2
63,13.299999999999999,13.910860358353386,0.5411346508972217,13.033030277982336,0.5,2
64,13.299999999999999,13.862193667335672,0.4963083978164976,13.033030277982336,0.5,2
65,13.299999999999999,13.922930918079368,0.5304181279679088,13.033030277982336,0.5,2
66,13.299999999999999,14.099763528346443,0.7759573970117469,13.033030277982336,0.5,2
67,13.299999999999999,14.042498356811407,0.7544097536456177,13.033030277982336,0.5,2
68,13.255294535724685,14.10146881658402,0.7826199412654073,13.033030277982336,0.5,2
69,13.255294535724685,14.276062429360616,1.0401673716711324,13.033030277982336,0.5,2
70,13.255294535724685,14.22082480690667,0.9117910945335791,13.033030277982336,0.5,2
71,13.255294535724685,14.056024076575055,0.7771933598585216,13.033030277982336,0.5,2
72,13.255294535724685,13.974155389357032,0.6335441127676016,13.033030277982336,0.5,2
73,13.255294535724685,14.060298373808465,0.6337256532626456,13.033030277982336,0.5,2
74,13.139071942966531,14.073969339431658,0.8254286233342877,13.033030277982336,0.5,2
75,13.139071942966531,13.980900638857253,0.6994703405470112,13.033030277982336,0.5,2
76,13.135270009440731,13.939901241597854,0.6008070026297302,13.033030277982336,0.5,2
77,13.135270009440731,13.987544565564527,0.6225705007364652,13.033030277982336,0.5,2
78,13.135270009440731,13.957844187996296,0.5508491850551698,13.033030277982336,0.5,2
79,13.135270009440731,13.91426878605891,0.5898752853111584,13.033030277982336,0.5,2
80,13.135270009440731,13.938175631453383,0.5745363833784054,13.033030277982336,0.5,2
81,13.135270009440731,14.011534388080698,0.7600274580927581,13.033030277982336,0.5,2
82,13.135270009440731,13.978016988340563,0.7620244483382792,13.033030277982336,0.5,2
83,13.135270009440731,14.013556527458558,0.7201066103950301,13.033030277982336,0.5,2
84,13.135270009440731,14.078549993872821,0.8204430080088496,13.033030277982336,0.5,2
85,13.135270009440731,14.030794550801398,0.8000375854174985,13.033030277982336,0.5,2
86,13.135270009440731,14.033167555715407,0.8221416099128532,13.033030277982336,0.5,2
87,13.135270009440731,13.989737490334244,0.800154425769288,13.033030277982336,0.5,2
88,13.135270009440731,13.824160121389486,0.6717619326495766,13.033030277982336,0.5,2
89,13.135270009440731,13.799356117194334,0.7228820539991416,13.033030277982336,0.5,2
90,13.135270009440731,13.876631092698055,0.6775230943690173,13.033030277982336,0.5,2
91,13.135270009440731,13.758336249047568,0.5962142201285472,13.033030277982336,0.5,2
92,13.135270009440731,13.854454070266161,0.7077280136630569,13.033030277982336,0.5,2
93,13.135270009440731,13.994912994469212,0.8034126763761932,13.033030277982336,0.5,2
94,13.133030277982337,13.834600282903418,0.6011315351560453,13.033030277982336,0.5,2
95,13.133030277982337,13.842495552346145,0.6631324609651326,13.033030277982336,0.5,2
96,13.133030277982337,13.873879444628846,0.6451894851715503,13.033030277982336,0.5,2
97,13.133030277982337,13.777091811755783,0.7576918603670914,13.033030277982336,0.5,2
98,13.133030277982337,13.762241379352758,0.6785024066733885,13.033030277982336,0.5,2
99,13.133030277982337,13.782871453617126,0.6997044142481561,13.033030277982336,0.5,2
100,13.133030277982337,13.629008632367492,0.4571496617806407,13.033030277982336,0.5,2
0,18.949545416973503,20.703709157735183,0.9472739511528281,18.949545416973503,0.5,3
1,15.293325909419153,20.200108963357597,1.1410556040428839,15.293325909419153,0.5,3
2,15.293325909419153,19.641215411827282,1.1480992058261648,15.293325909419153,0.5,3
3,15.291924966748061,19.028711086875898,1.3606531959677488,15.291924966748061,0.5,3
4,15.315587038162704,18.302958333754194,1.4306013962842874,15.291924966748061,0.5,3
5,15.315587038162704,17.54239208746247,1.3181454372797823,15.291924966748061,0.5,3
6,15.172751070837068,16.82353008888285,1.1543308357856565,15.172751070837068,0.5,3
7,15.06767050061961,16.365448590274188,1.030178420776741,15.06767050061961,0.5,3
8,14.56767050061961,15.88901742266421,0.7503857635813892,14.56767050061961,0.5,3
9,14.56767050061961,15.731939115440989,0.6950919792143945,14.56767050061961,0.5,3
10,14.56767050061961,15.569819223327627,0.5788980168041705,14.56767050061961,0.5,3
11,14.56767050061961,15.374208352994783,0.5603851817905933,14.56767050061961,0.5,3
12,14.56767050061961,15.256279907849935,0.5670942850771621,14.56767050061961,0.5,3
13,14.56767050061961,15.365281244764642,0.6752619291792238,14.56767050061961,0.5,3
14,14.536308338453882,15.162772391529707,0.5200992391967801,14.536308338453882,0.5,3
15,14.280697580112786,15.102744381106534,0.5542160872126165,14.280697580112786,0.5,3
16,14.280697580112786,15.11497218928049,0.5275554980261556,14.280697580112786,0.5,3
17,14.280697580112786,15.1279127114473,0.494767512441848,14.280697580112786,0.5,3
18,14.280697580112786,15.069247829786255,0.5605566401457986,14.280697580112786,0.5,3
19,14.049509756796393,14.928081312801638,0.5162636135446259,14.049509756796393,0.5,3
20,14.253068523537422,14.927009403159875,0.47457318793086833,14.049509756796393,0.5,3
21,14.146426544510454,14.906085282426522,0.5418702491774278,14.049509756796393,0.5,3
22,14.146426544510454,14.82792101907284,0.5447590433481788,14.049509756796393,0.5,3
23,13.996150997149435,14.784803912448526,0.5240477076916433,13.996150997149435,0.5,3
24,13.996150997149435,14.71166283008844,0.43979537436769733,13.996150997149435,0.5,3
25,13.957066051117286,14.624746891454466,0.422199257155915,13.957066051117286,0.5,3
26,13.801999200639361,14.638322389743347,0.7095963075787846,13.801999200639361,0.5,3
27,13.957066051117286,14.734315571366034,0.6992873069941681,13.801999200639361,0.5,3
28,13.781934729198172,14.670058544180781,0.5311321598926089,13.781934729198172,0.5,3
29,13.781934729198172,14.617114696115154,0.4601912558639243,13.781934729198172,0.5,3
30,13.781934729198172,14.67798270056795,0.529583638701374,13.781934729198172,0.5,3
31,13.65796522451032,14.585246237382902,0.520382336827174,13.65796522451032,0.5,3
32,13.65796522451032,14.46845339543619,0.48181292490632766,13.65796522451032,0.5,3
33,13.52710574513201,14.408422277945064,0.5177290176927166,13.52710574513201,0.5,3
34,13.661706725018234,14.450146043859734,0.5105164191918772,13.52710574513201,0.5,3
35,13.679075450674064,14.463809428926663,0.6310776580631804,13.52710574513201,0.5,3
36,13.679075450674064,14.372989421503371,0.6224654567469392,13.52710574513201,0.5,3
37,13.637715508089904,14.373255513877284,0.6088820348978872,13.52710574513201,0.5,3
38,13.637715508089904,14.438526718546425,0.6658096511314048,13.52710574513201,0.5,3
39,13.637715508089904,14.280831131865527,0.39418736558561884,13.52710574513201,0.5,3
40,13.753068523537422,14.324381159117138,0.4856224137645536,13.52710574513201,0.5,3
41,13.664582518894846,14.353454555931284,0.5988858847325954,13.52710574513201,0.5,3
42,13.579075450674063,14.218599386003138,0.5076259562317588,13.52710574513201,0.5,3
43,13.579075450674063,14.233113415041942,0.49949224014885063,13.52710574513201,0.5,3
44,13.579075450674063,14.148031888452506,0.42250175772165066,13.52710574513201,0.5,3
45,13.579075450674063,14.12510639990797,0.4353357600774867,13.52710574513201,0.5,3
46,13.481488772222677,14.203167100442489,0.4780282349306274,13.481488772222677,0.5,3
47,13.453720459187963,14.15920081011516,0.523331621302208,13.453720459187963,0.5,3
48,13.453720459187963,14.136572501949535,0.46912907944288057,13.453720459187963,0.5,3
49,13.453720459187963,14.111684931090027,0.44626925406785534,13.453720459187963,0.5,3
50,13.453720459187963,14.158948551127084,0.5607754541666702,13.453720459187963,0.5,3
51,13.453720459187963,14.06712475927312,0.5858914656801458,13.453720459187963,0.5,3
52,13.453720459187963,14.089461664444642,0.5877035038692225,13.453720459187963,0.5,3
53,13.453720459187963,14.055283862512656,0.6101324539739283,13.453720459187963,0.5,3
54,13.200000000000001,13.972242811490496,0.5355182592073847,13.200000000000001,0.5,3
55,13.200000000000001,14.04568520074678,0.569161036728485,13.200000000000001,0.5,3
56,13.200000000000001,14.04435268085642,0.66059860334774,13.200000000000001,0.5,3
57,12.735270009440733,13.973094017840008,0.5616216148851069,12.735270009440733,0.5,3
58,12.735270009440733,13.96095512578727,0.666078899352784,12.735270009440733,0.5,3
59,12.735270009440733,14.000871111890707,0.5809950897630062,12.735270009440733,0.5,3
60,12.735270009440733,13.83614473149418,0.6330141805549448,12.735270009440733,0.5,3
61,12.735270009440733,13.822928397261851,0.7691999192993907,12.735270009440733,0.5,3
62,13.024807680927193,13.793002843188253,0.6632021137469224,12.735270009440733,0.5,3
63,13.033907960581372,13.74921114412195,0.6377296259502977,12.735270009440733,0.5,3
64,13.033907960581372,13.77561338190581,0.673036212308484,12.735270009440733,0.5,3
65,13.033907960581372,13.889507931309081,0.6527001612121248,12.735270009440733,0.5,3
66,12.94928556845359,13.940746867900025,0.6966162093552877,12.735270009440733,0.5,3
67,12.94928556845359,13.868718397650426,0.6332831180266925,12.735270009440733,0.5,3
68,12.94928556845359,13.796912010523918,0.5098326178964222,12.735270009440733,0.5,3
69,13.200000000000001,13.77265257383745,0.41169343730373387,12.735270009440733,0.5,3
70,13.200000000000001,13.726802853121562,0.3594745204094042,12.735270009440733,0.5,3
71,13.1431676725155,13.791854495912332,0.3951899798486034,12.735270009440733,0.5,3
72,13.1431676725155,13.868505786614126,0.5022211884389158,12.735270009440733,0.5,3
73,13.073644135332772,13.939143356315162,0.6024381838376491,12.735270009440733,0.5,3
74,13.254723699099141,13.931243046207554,0.5155568161643703,12.735270009440733,0.5,3
75,13.333907960581373,13.98087530367531,0.49453462155286587,12.735270009440733,0.5,3
76,13.333907960581373,13.95527813134641,0.5019652639015345,12.735270009440733,0.5,3
77,13.263976744055029,13.892652752946821,0.4478866453049002,12.735270009440733,0.5,3
78,13.133030277982337,13.896924462926222,0.4406418924282393,12.735270009440733,0.5,3
79,13.263976744055029,14.00349703702037,0.5861766650849188,12.735270009440733,0.5,3
80,12.927566688249707,14.035761492071773,0.6871623738378015,12.735270009440733,0.5,3
81,12.927566688249707,13.918544601243429,0.6662633459242306,12.735270009440733,0.5,3
82,12.927566688249707,13.851098427556087,0.5665568872639164,12.735270009440733,0.5,3
83,12.927566688249707,13.782974730712873,0.5799473695254925,12.735270009440733,0.5,3
84,12.830950643030008,13.79660649782449,0.683426469102129,12.735270009440733,0.5,3
85,12.830950643030008,13.717406743455962,0.6390595152477375,12.735270009440733,0.5,3
86,12.830950643030008,13.632420925143581,0.5875623423048434,12.735270009440733,0.5,3
87,12.830950643030008,13.678661371151712,0.6520642053126616,12.735270009440733,0.5,3
88,12.830950643030008,13.733246796495646,0.7144223743313631,12.735270009440733,0.5,3
89,12.830950643030008,13.583734319226249,0.5626993343443932,12.735270009440733,0.5,3
90,12.95472369909914,13.731534319202721,0.5080418271036939,12.735270009440733,0.5,3
91,12.95472369909914,13.718285591983108,0.48359776702072066,12.735270009440733,0.5,3
92,12.927566688249707,13.842345728992361,0.5164258813179036,12.735270009440733,0.5,3
93,12.927566688249707,13.78050333316812,0.49891465871854657,12.735270009440733,0.5,3
94,12.95472369909914,13.645645253076527,0.43505287647789775,12.735270009440733,0.5,3
95,13.073644135332772,13.771005719788082,0.6147739146266117,12.735270009440733,0.5,3
96,13.073644135332772,13.79113562917751,0.5778412627397184,12.735270009440733,0.5,3
97,13.073644135332772,13.771435321683043,0.5531176418564921,12.735270009440733,0.5,3
98,13.073644135332772,13.781607393967182,0.5246402188447266,12.735270009440733,0.5,3
99,13.073644135332772,13.844893104214016,0.5767472650724764,12.735270009440733,0.5,3
100,13.073644135332772,13.954651008392126,0.5736370843910533,12.735270009440733,0.5,3
0,18.822497216032183,20.94296674313333,0.9990650324047304,18.822497216032183,0.5,4
1,17.12261107708929,20.355149323358834,1.0147038793079568,17.12261107708929,0.5,4
2,16.983266665599967,19.577622026475904,1.2585582953544459,16.983266665599967,0.5,4
3,16.462977544445355,19.06380675383087,1.1867746137048958,16.462977544445355,0.5,4
4,16.462977544445355,18.44407987611283,1.1975195827469616,16.462977544445355,0.5,4
5,16.01109401705356,17.61367695720424,0.8228186809479281,16.01109401705356,0.5,4
6,15.667815921162743,17.263070645317207,0.7182967638205476,15.667815921162743,0.5,4
7,15.667815921162743,17.02346157358977,0.7086340190852475,15.667815921162743,0.5,4
8,15.667815921162743,16.81147869820997,0.6764978217410338,15.667815921162743,0.5,4
9,15.146536616149586,16.545901173987794,0.7336760690231936,15.146536616149586,0.5,4
10,14.793237062523877,16.353971879721136,0.6520653528694004,14.793237062523877,0.5,4
11,14.793237062523877,16.110502622841317,0.7072004143151497,14.793237062523877,0.5,4
12,14.793237062523877,15.901258227091603,0.572220120030893,14.793237062523877,0.5,4
13,14.793237062523877,15.770901637326032,0.5312963537078648,14.793237062523877,0.5,4
14,14.629285639896448,15.609466398969802,0.49508998333195714,14.629285639896448,0.5,4
15,14.696150997149434,15.585954871586729,0.45874507457017977,14.629285639896448,0.5,4
16,14.641311123146739,15.449317411668721,0.41215111957970607,14.629285639896448,0.5,4
17,14.50454076850486,15.424422002649099,0.4742573601949351,14.50454076850486,0.5,4
18,14.241653005427766,15.408111185105254,0.4941023850409474,14.241653005427766,0.5,4
19,14.241653005427766,15.383948159134816,0.530851938935793,14.241653005427766,0.5,4
20,14.241653005427766,15.315523669030314,0.6307053352136378,14.241653005427766,0.5,4
21,14.241653005427766,15.222637615536035,0.6688379295946375,14.241653005427766,0.5,4
22,14.16794833886788,15.025152738700529,0.6304063890269912,14.16794833886788,0.5,4
23,14.136664289109586,14.912544955885451,0.5157128161282805,14.136664289109586,0.5,4
24,14.12074368738204,14.957028619199388,0.5542073008651554,14.12074368738204,0.5,4
25,14.136664289109586,14.870048962771314,0.5586321071151857,14.12074368738204,0.5,4
26,13.957342370508885,14.81759505595315,0.5214553250087274,13.957342370508885,0.5,4
27,13.957342370508885,14.864916708607403,0.579452038405202,13.957342370508885,0.5,4
28,13.605547008526779,14.83955454698185,0.5491016032797755,13.605547008526779,0.5,4
29,14.024845673131658,14.834392958512362,0.5666575913886519,13.605547008526779,0.5,4
30,14.024845673131658,14.721881534903257,0.5193859955949456,13.605547008526779,0.5,4
31,14.007130750570548,14.762182640088904,0.5760528478547637,13.605547008526779,0.5,4
32,13.970540018881465,14.703150448554537,0.5382972105004177,13.605547008526779,0.5,4
33,13.93469899493758,14.655373077541164,0.5427036070109059,13.605547008526779,0.5,4
34,13.81494416796099,14.57947524363075,0.5256952388825891,13.605547008526779,0.5,4
35,13.81494416796099,14.565401468947124,0.5645830712653311,13.605547008526779,0.5,4
36,13.81494416796099,14.600699839915427,0.5049807358069263,13.605547008526779,0.5,4
37,13.81494416796099,14.506019012502437,0.4696490448462357,13.605547008526779,0.5,4
38,13.811871208194287,14.574116063845892,0.5128916921306689,13.605547008526779,0.5,4
39,13.811871208194287,14.617366326155,0.6587909399648946,13.605547008526779,0.5,4
40,13.811871208194287,14.594819529454906,0.5799922941787637,13.605547008526779,0.5,4
41,13.811871208194287,14.535467002708197,0.5295948733055467,13.605547008526779,0.5,4
42,13.811871208194287,14.514618586064223,0.6245614355091319,13.605547008526779,0.5,4
43,13.811871208194287,14.494724026675902,0.632260362879698,13.605547008526779,0.5,4
44,13.811871208194287,14.544441097557062,0.6001694510720194,13.605547008526779,0.5,4
45,13.533030277982336,14.57959275077008,0.6345281379480759,13.533030277982336,0.5,4
46,13.940063693621518,14.731984944531339,0.716873094404445,13.533030277982336,0.5,4
47,13.956141357987224,14.639135226171483,0.5518944345588369,13.533030277982336,0.5,4
48,13.754723699099141,14.749403529238624,0.6729589099165201,13.533030277982336,0.5,4
49,13.549285568453591,14.627337143630028,0.6693968747017499,13.533030277982336,0.5,4
50,13.549285568453591,14.638253198878534,0.6782238108092123,13.533030277982336,0.5,4
51,13.549285568453591,14.525397393133307,0.6250840896569135,13.533030277982336,0.5,4
52,13.549285568453591,14.507014141287957,0.6211009241519162,13.533030277982336,0.5,4
53,13.549285568453591,14.338034920947083,0.5394053939910447,13.533030277982336,0.5,4
54,13.549285568453591,14.365240901422794,0.5632073477937133,13.533030277982336,0.5,4
55,13.549285568453591,14.439935162857733,0.6537404611272954,13.533030277982336,0.5,4
56,13.533907960581372,14.53483848619639,0.840290477335429,13.533030277982336,0.5,4
57,13.533907960581372,14.337446593337447,0.5989244233343911,13.533030277982336,0.5,4
58,13.114642819948225,14.262115543758412,0.5654916774815051,13.114642819948225,0.5,4
59,13.081138830084189,14.209982334312123,0.6414463326013912,13.081138830084189,0.5,4
60,13.081138830084189,14.097619821688816,0.7068684046948557,13.081138830084189,0.5,4
61,13.081138830084189,14.065633425770661,0.7986260750709819,13.081138830084189,0.5,4
62,13.081138830084189,14.034006489773446,0.7483868218076761,13.081138830084189,0.5,4
63,13.081138830084189,14.041808403345726,0.7733467276426941,13.081138830084189,0.5,4
64,13.081138830084189,13.95368500094282,0.6638893476338167,13.081138830084189,0.5,4
65,13.081138830084189,14.08593466412315,0.7447854966021265,13.081138830084189,0.5,4
66,13.081138830084189,14.163477282450476,0.7789072923109774,13.081138830084189,0.5,4
67,13.081138830084189,14.154623198831512,0.8240059835245799,13.081138830084189,0.5,4
68,13.081138830084189,13.943955659709285,0.6488918493383551,13.081138830084189,0.5,4
69,13.081138830084189,13.998955410489705,0.7000055376280617,13.081138830084189,0.5,4
70,13.081138830084189,13.820620183634997,0.6479909416473086,13.081138830084189,0.5,4
71,13.081138830084189,13.912742295734168,0.7220163412813965,13.081138830084189,0.5,4
72,13.081138830084189,13.93920857485326,0.6860762434716721,13.081138830084189,0.5,4
73,13.081138830084189,13.890292432574242,0.5495540398827914,13.081138830084189,0.5,4
74,13.081138830084189,14.030723013239488,0.750154772524688,13.081138830084189,0.5,4
75,13.081138830084189,13.959527048198812,0.6378368848163115,13.081138830084189,0.5,4
76,13.081138830084189,13.929178570802518,0.6144164886838618,13.081138830084189,0.5,4
77,13.081138830084189,13.864390977384625,0.5620441296855745,13.081138830084189,0.5,4
78,13.081138830084189,13.944796652207165,0.6847952595842064,13.081138830084189,0.5,4
79,13.081138830084189,13.921472238020128,0.6401457484780896,13.081138830084189,0.5,4
80,13.081138830084189,14.023820477632464,0.8407714698552801,13.081138830084189,0.5,4
81,13.081138830084189,14.050376311502873,0.8485193053028265,13.081138830084189,0.5,4
82,13.081138830084189,13.90573295386619,0.7420011369788639,13.081138830084189,0.5,4
83,13.081138830084189,13.963595640523506,0.7069598889121462,13.081138830084189,0.5,4
84,13.081138830084189,14.041225481478195,0.6854103781772207,13.081138830084189,0.5,4
85,13.081138830084189,13.963094930271673,0.6233560393301673,13.081138830084189,0.5,4
86,13.081138830084189,13.812529061095958,0.4958928714587013,13.081138830084189,0.5,4
87,13.081138830084189,13.92302257659889,0.6125617842597132,13.081138830084189,0.5,4
88,13.081138830084189,13.969919563978024,0.6863344036542082,13.081138830084189,0.5,4
89,13.081138830084189,13.924441364550857,0.7118623351074007,13.081138830084189,0.5,4
90,13.081138830084189,13.959794385154753,0.6164681627718303,13.081138830084189,0.5,4
91,13.081138830084189,13.950542869934134,0.6236133675620552,13.081138830084189,0.5,4
92,13.081138830084189,13.866857943207746,0.5866655879124612,13.081138830084189,0.5,4
93,13.081138830084189,13.826406645770842,0.6305945533479451,13.081138830084189,0.5,4
94,13.081138830084189,14.011845101500754,0.7445933053635576,13.081138830084189,0.5,4
95,13.081138830084189,13.962841982671948,0.6225270218611384,13.081138830084189,0.5,4
96,13.081138830084189,14.018066244185936,0.6979937931957018,13.081138830084189,0.5,4
97,13.081138830084189,14.02810948643792,0.8063747506832493,13.081138830084189,0.5,4
98,13.081138830084189,13.926644785566591,0.6881568485730238,13.081138830084189,0.5,4
99,13.055294535724686,13.781112225300603,0.5065975476542577,13.055294535724686,0.5,4
100,13.055294535724686,13.928559703848567,0.6180840021708118,13.055294535724686,0.5,4
0,18.72474487139159,20.797322019873782,0.9614431746575625,18.72474487139159,0.5,5
1,16.95411901469428,20.205816560647463,1.135401814056798,16.95411901469428,0.5,5
2,15.758323293158117,19.455601307571186,1.621486671514751,15.758323293158117,0.5,5
3,15.758323293158117,18.621232093560526,1.6102686804247777,15.758323293158117,0.5,5
4,15.758323293158117,17.857410472877838,1.44064759408589,15.758323293158117,0.5,5
5,15.758323293158117,17.39095083572396,1.3954980796819934,15.758323293158117,0.5,5
6,15.449576240750524,16.795325912868453,1.1132296473368861,15.449576240750524,0.5,5
7,15.449576240750524,16.586238560557632,0.9050147840295523,15.449576240750524,0.5,5
8,15.27571129984594,16.161428837794112,0.5625540116733537,15.27571129984594,0.5,5
9,15.05329983228432,16.015645261656367,0.5125542618539709,15.05329983228432,0.5,5
10,15.05329983228432,15.8451513827636,0.4805780765690452,15.05329983228432,0.5,5
11,15.031300056749533,15.673393244982929,0.43514273070716153,15.031300056749533,0.5,5
12,14.774887385102321,15.673765630937597,0.5525655782773699,14.774887385102321,0.5,5
13,14.774887385102321,15.641943930632584,0.5723125933570434,14.774887385102321,0.5,5
14,14.774887385102321,15.403797068677637,0.46843000958136866,14.774887385102321,0.5,5
15,14.664054992217052,15.365607824054946,0.4660929183932183,14.664054992217052,0.5,5
16,14.664054992217052,15.293043395264629,0.37617201715444026,14.664054992217052,0.5,5
17,14.534387974463899,15.245164861901205,0.45478894135919473,14.534387974463899,0.5,5
18,14.410844001658269,15.164628137102634,0.4818885459372851,14.410844001658269,0.5,5
19,14.186796226411321,14.960784353690995,0.3858747709499912,14.186796226411321,0.5,5
20,14.186796226411321,14.955543884275246,0.3853828442278364,14.186796226411321,0.5,5
21,14.186796226411321,14.886739463472946,0.41967735087598845,14.186796226411321,0.5,5
22,13.769693845669908,14.84206803762875,0.4410490917031872,13.769693845669908,0.5,5
23,13.769693845669908,14.771650398082356,0.49928404406546517,13.769693845669908,0.5,5
24,13.596662954709576,14.686697915707482,0.47452061412152957,13.596662954709576,0.5,5
25,13.596662954709576,14.671945413692145,0.493425725360714,13.596662954709576,0.5,5
26,13.596662954709576,14.733308354751067,0.665043697874245,13.596662954709576,0.5,5
27,13.596662954709576,14.688378116572625,0.7268830507496944,13.596662954709576,0.5,5
28,13.596662954709576,14.684365018153425,0.7787443666088497,13.596662954709576,0.5,5
29,13.292838827718413,14.662065440391096,0.660099929536961,13.292838827718413,0.5,5
30,13.292838827718413,14.490624899131115,0.7992275440303671,13.292838827718413,0.5,5
31,13.292838827718413,14.412801592457315,0.7003671102168479,13.292838827718413,0.5,5
32,13.292838827718413,14.20557013138645,0.5518319826109176,13.292838827718413,0.5,5
33,13.292838827718413,14.233360481682388,0.7553518350847328,13.292838827718413,0.5,5
34,13.281488772222678,14.098568935217456,0.7336784130100505,13.281488772222678,0.5,5
35,13.268438714135812,14.131886780423649,0.7843232811837206,13.268438714135812,0.5,5
36,13.268438714135812,14.04228689227445,0.7107461510230514,13.268438714135812,0.5,5
37,13.281488772222678,14.052024191022376,0.6549310543169095,13.268438714135812,0.5,5
38,13.281488772222678,14.076579631968405,0.6118617638473858,13.268438714135812,0.5,5
39,13.281488772222678,13.999234112747233,0.5369180050169654,13.268438714135812,0.5,5
40,13.264688270438851,13.991187915968505,0.5546286250819593,13.264688270438851,0.5,5
41,13.281488772222678,13.941540015871022,0.489106888103895,13.264688270438851,0.5,5
42,13.18910462845192,13.940107005563702,0.4739040274975639,13.18910462845192,0.5,5
43,13.18910462845192,13.929565572288457,0.5530803116446195,13.18910462845192,0.5,5
44,13.18910462845192,14.0004513479439,0.6141818170927832,13.18910462845192,0.5,5
45,13.18910462845192,14.008356756949752,0.6435770491327992,13.18910462845192,0.5,5
46,13.08494332412792,13.962168694695942,0.6499113888703085,13.08494332412792,0.5,5
47,13.18910462845192,13.966769437568633,0.7348191044639975,13.08494332412792,0.5,5
48,13.18910462845192,13.71042179727134,0.3877447967929471,13.08494332412792,0.5,5
49,13.18910462845192,13.777121350559174,0.4938694788478381,13.08494332412792,0.5,5
50,13.18910462845192,13.76774640330822,0.5011401635433869,13.08494332412792,0.5,5
51,13.18910462845192,13.76525849817327,0.5390940039409386,13.08494332412792,0.5,5
52,13.160107523773828,13.841848273008573,0.6570940951584023,13.08494332412792,0.5,5
53,13.122611077089287,13.943188749909076,0.7596084990787697,13.08494332412792,0.5,5
54,13.122611077089287,13.87247046061167,0.682932490461539,13.08494332412792,0.5,5
55,13.122611077089287,13.857414551589656,0.6245919132204177,13.08494332412792,0.5,5
56,13.122611077089287,13.84101257396508,0.6171502985510726,13.08494332412792,0.5,5
57,13.122611077089287,13.965101706749707,0.7673749380579695,13.08494332412792,0.5,5
58,13.122611077089287,14.013314347888086,0.737048248563521,13.08494332412792,0.5,5
59,13.122611077089287,13.975216055714462,0.7971653852395091,13.08494332412792,0.5,5
60,13.122611077089287,13.892603509233142,0.6176455158904415,13.08494332412792,0.5,5
61,13.122611077089287,13.932463521109657,0.7268882184745988,13.08494332412792,0.5,5
62,13.122611077089287,13.831542744150907,0.6180145297762115,13.08494332412792,0.5,5
63,12.9591260281974,13.824481122627649,0.5794725461758469,12.9591260281974,0.5,5
64,12.9591260281974,13.85229440608243,0.654567999751249,12.9591260281974,0.5,5
65,12.9591260281974,13.906321489037207,0.6855961449880552,12.9591260281974,0.5,5
66,12.9591260281974,13.889211058513865,0.6654279613070517,12.9591260281974,0.5,5
67,13.030727575266251,13.860488760633162,0.6536772044077592,12.9591260281974,0.5,5
68,12.95472369909914,13.95241184820012,0.6890951313813648,12.95472369909914,0.5,5
69,12.95472369909914,13.933521166545152,0.7083817080997236,12.95472369909914,0.5,5
70,12.95472369909914,13.938886266984955,0.7592901603840967,12.95472369909914,0.5,5
71,12.768438714135812,13.93193999349365,0.8389688212883379,12.768438714135812,0.5,5
72,12.768438714135812,13.76246465159886,0.729616545061613,12.768438714135812,0.5,5
73,12.95472369909914,13.898790323199446,0.6904722271997035,12.768438714135812,0.5,5
74,12.95472369909914,13.83803229041098,0.6886537943886943,12.768438714135812,0.5,5
75,12.95472369909914,13.924749329394272,0.8292489304410466,12.768438714135812,0.5,5
76,12.95472369909914,13.861176464368576,0.6763933645742732,12.768438714135812,0.5,5
77,13.060107523773826,13.850196952087646,0.7219008279021902,12.768438714135812,0.5,5
78,13.060107523773826,13.76311304050786,0.5809931790155772,12.768438714135812,0.5,5
79,12.839607805437115,13.772073113133825,0.6308525590779592,12.768438714135812,0.5,5
80,12.993737745050923,13.77005208677386,0.5914921538710078,12.768438714135812,0.5,5
81,12.993737745050923,13.878422101057822,0.7270249478863964,12.768438714135812,0.5,5
82,12.811871208194287,13.869476844910936,0.8740583946153713,12.768438714135812,0.5,5
83,12.993737745050923,13.710186109333936,0.5247662994150819,12.768438714135812,0.5,5
84,12.993737745050923,13.803316177573226,0.6925254778466552,12.768438714135812,0.5,5
85,12.993737745050923,13.823531481407949,0.7254332356291165,12.768438714135812,0.5,5
86,12.993737745050923,13.635515817371333,0.5099157796930703,12.768438714135812,0.5,5
87,12.993737745050923,13.69849997484595,0.5378159107829069,12.768438714135812,0.5,5
88,12.993737745050923,13.687089973259885,0.563751799171952,12.768438714135812,0.5,5
89,12.993737745050923,13.712482376728163,0.6939015086301092,12.768438714135812,0.5,5
90,12.993737745050923,13.682783900210907,0.7184179709815467,12.768438714135812,0.5,5
91,12.993737745050923,13.718345864703807,0.7131326128485083,12.768438714135812,0.5,5
92,12.993737745050923,13.872710541793701,0.7415414712367524,12.768438714135812,0.5,5
93,12.993737745050923,13.78096479294436,0.7179192625987546,12.768438714135812,0.5,5
94,12.992838827718412,13.663683477177266,0.6529262965886355,12.768438714135812,0.5,5
95,12.992838827718412,13.649822258867491,0.5789561337200172,12.768438714135812,0.5,5
96,12.992838827718412,13.677903450423942,0.5746853733570026,12.768438714135812,0.5,5
97,12.992838827718412,13.704100321165493,0.6930165025442919,12.768438714135812,0.5,5
98,12.977638883463117,13.638558155254355,0.6721458522010599,12.768438714135812,0.5,5
99,12.977638883463117,13.574426053819334,0.5649316939009756,12.768438714135812,0.5,5
100,12.977638883463117,13.671096585093487,0.6521423579381893,12.768438714135812,0.5,5
0,18.183266665599966,20.77560305615962,1.041728335259792,18.183266665599966,0.5,6
1,18.035533905932738,20.16168882735672,1.0464874752596798,18.035533905932738,0.5,6
2,17.007138307550473,19.568835310758715,1.0380223957568762,17.007138307550473,0.5,6
3,14.577708763999663,18.73104706832557,1.2328992105287881,14.577708763999663,0.5,6
4,14.577708763999663,18.190496347306606,1.3163304368499817,14.577708763999663,0.5,6
5,14.577708763999663,17.5635981176944,1.1193713568297807,14.577708763999663,0.5,6
6,14.577708763999663,17.08682345417412,0.9838196797536652,14.577708763999663,0.5,6
7,14.80142828000232,16.613466633679646,0.8684264649583466,14.577708763999663,0.5,6
8,14.80142828000232,16.273815774600845,0.843389787635781,14.577708763999663,0.5,6
9,14.641186241925155,16.08589883380565,0.7456702727941291,14.577708763999663,0.5,6
10,14.577708763999663,15.999538329510699,0.7372121033352442,14.577708763999663,0.5,6
11,14.577708763999663,15.78011222851663,0.6396419062129081,14.577708763999663,0.5,6
12,14.497057550292606,15.63037301649535,0.654218018399897,14.497057550292606,0.5,6
13,14.326368339802363,15.623467264450408,0.7252661171040425,14.326368339802363,0.5,6
14,14.497057550292606,15.509843619859135,0.6486389021402259,14.326368339802363,0.5,6
15,14.355946767611899,15.378250191985387,0.626524224925483,14.326368339802363,0.5,6
16,14.100000000000001,15.231196371047693,0.6546660696974078,14.100000000000001,0.5,6
17,14.100000000000001,15.072549086814977,0.5890203262830844,14.100000000000001,0.5,6
18,14.24037034920393,15.136922577117923,0.7639190360986675,14.100000000000001,0.5,6
19,13.908054053584012,15.006972263484457,0.7605478833524525,13.908054053584012,0.5,6
20,13.908054053584012,14.969703303382047,0.6931682371387589,13.908054053584012,0.5,6
21,13.908054053584012,14.80349528669792,0.5377530893268605,13.908054053584012,0.5,6
22,13.908054053584012,14.852183763409123,0.6167006985403453,13.908054053584012,0.5,6
23,13.908054053584012,14.835018290069488,0.7155793381315584,13.908054053584012,0.5,6
24,13.908054053584012,14.819310510364467,0.7252604372900934,13.908054053584012,0.5,6
25,13.908054053584012,14.736860327143605,0.6671411306748495,13.908054053584012,0.5,6
26,13.908054053584012,14.820991733290418,0.7705530653347714,13.908054053584012,0.5,6
27,13.908054053584012,14.828697086846885,0.8073526717452131,13.908054053584012,0.5,6
28,13.908054053584012,14.823212039330013,0.802018490380764,13.908054053584012,0.5,6
29,13.908054053584012,14.770154532687181,0.6205354657256948,13.908054053584012,0.5,6
30,13.774887385102321,14.912032366064768,0.7845371182069345,13.774887385102321,0.5,6
31,13.953068523537421,14.891621368984268,0.7192160898199101,13.774887385102321,0.5,6
32,13.717800560721074,14.771201483357093,0.8095213023190103,13.717800560721074,0.5,6
33,13.70998338865848,14.795479214509607,0.7623615871304382,13.70998338865848,0.5,6
34,13.70998338865848,14.641345858000902,0.5482839024804819,13.70998338865848,0.5,6
35,13.70998338865848,14.58983133442917,0.5956748253320323,13.70998338865848,0.5,6
36,13.167156809750928,14.574737245843208,0.6089101165064442,13.167156809750928,0.5,6
37,13.167156809750928,14.559162783198111,0.6029357556182953,13.167156809750928,0.5,6
38,13.167156809750928,14.616246155426724,0.7338184156460175,13.167156809750928,0.5,6
39,13.167156809750928,14.575399330874179,0.7159898957649147,13.167156809750928,0.5,6
40,13.167156809750928,14.552328765533032,0.6601945516066151,13.167156809750928,0.5,6
41,13.32763633939717,14.644700703672518,0.7050443584102938,13.167156809750928,0.5,6
42,13.32763633939717,14.522827801599167,0.5985909299117833,13.167156809750928,0.5,6
43,13.32763633939717,14.475312476422575,0.6192913141922808,13.167156809750928,0.5,6
44,13.32763633939717,14.414184516069026,0.5812675291221833,13.167156809750928,0.5,6
45,13.32763633939717,14.362661611107042,0.6254059618578434,13.167156809750928,0.5,6
46,13.32763633939717,14.366659051646868,0.7183741701108621,13.167156809750928,0.5,6
47,13.32763633939717,14.373129137735361,0.7064898469515652,13.167156809750928,0.5,6
48,13.32763633939717,14.40138056017179,0.6967862123916397,13.167156809750928,0.5,6
49,13.380972058177587,14.45297841434911,0.7486106239578459,13.167156809750928,0.5,6
50,13.380972058177587,14.379925615946188,0.6392616491961322,13.167156809750928,0.5,6
51,13.380972058177587,14.381856355520274,0.6725475173782184,13.167156809750928,0.5,6
52,13.534387974463899,14.345187322793942,0.6100704372812995,13.167156809750928,0.5,6
53,13.167156809750928,14.284619664179882,0.5986211746953718,13.167156809750928,0.5,6
54,13.14575131106459,14.289784664593881,0.7193175633901351,13.14575131106459,0.5,6
55,13.404540768504859,14.39716681423543,0.7058530961463323,13.14575131106459,0.5,6
56,13.404540768504859,14.287695721971936,0.6878732537074147,13.14575131106459,0.5,6
57,13.404540768504859,14.319853859710177,0.7153047342732782,13.14575131106459,0.5,6
58,13.404540768504859,14.215695138216471,0.6618639694677444,13.14575131106459,0.5,6
59,13.404540768504859,14.301030926442907,0.8290944529206372,13.14575131106459,0.5,6
60,13.404540768504859,14.236470930961845,0.7180045484367535,13.14575131106459,0.5,6
61,13.404540768504859,14.316777131921885,0.7341889938135406,13.14575131106459,0.5,6
62,13.301999200639361,14.15298591987906,0.6271784274431308,13.14575131106459,0.5,6
63,13.301999200639361,14.14418159524341,0.7307791097238863,13.14575131106459,0.5,6
64,13.428991560298224,14.144298783317158,0.7599234110200835,13.14575131106459,0.5,6
65,13.32763633939717,13.964676438073719,0.565401746866669,13.14575131106459,0.5,6
66,13.32763633939717,14.192410908062278,0.7850650005861352,13.14575131106459,0.5,6
67,13.0494443758404,13.969000185881702,0.6566492902490304,13.0494443758404,0.5,6
68,13.404540768504859,14.036495864514174,0.669261221875291,13.0494443758404,0.5,6
69,13.167156809750928,14.091137508738706,0.8065048430917371,13.0494443758404,0.5,6
70,13.167156809750928,14.282436582591927,1.0544724552078761,13.0494443758404,0.5,6
71,13.167156809750928,14.349869923859856,0.9033841334737314,13.0494443758404,0.5,6
72,13.23072757526625,14.093894471960708,0.7326077722369122,13.0494443758404,0.5,6
73,13.23072757526625,14.10572169080615,0.6641441649619724,13.0494443758404,0.5,6
74,13.23072757526625,14.141938749989864,0.7219218433594132,13.0494443758404,0.5,6
75,13.159126028197399,14.297426675616462,0.9233263477854288,13.0494443758404,0.5,6
76,13.159126028197399,14.208468611129293,0.8063878195385273,13.0494443758404,0.5,6
77,13.159126028197399,14.119412783794482,0.7739528446526025,13.0494443758404,0.5,6
78,13.159126028197399,14.259261746269376,0.8436871339377678,13.0494443758404,0.5,6
79,13.159126028197399,14.150037941101798,0.765152476266965,13.0494443758404,0.5,6
80,13.159126028197399,14.259941701074696,0.8263636621215561,13.0494443758404,0.5,6
81,13.159126028197399,14.136459042822928,0.7229559446235577,13.0494443758404,0.5,6
82,13.159126028197399,14.127728147769483,0.7457086002266446,13.0494443758404,0.5,6
83,13.159126028197399,14.20739463397007,0.7715948144769537,13.0494443758404,0.5,6
84,13.159126028197399,14.210994676600944,0.9302639186936559,13.0494443758404,0.5,6
85,13.159126028197399,14.240617059186464,0.8683760483677077,13.0494443758404,0.5,6
86,13.159126028197399,14.109925060387827,0.7961247031192163,13.0494443758404,0.5,6
87,13.159126028197399,13.990913191744493,0.6768707737563463,13.0494443758404,0.5,6
88,13.159126028197399,13.968313745024494,0.6185277083278996,13.0494443758404,0.5,6
89,13.073644135332772,13.95203561247521,0.6482396283471483,13.0494443758404,0.5,6
90,13.073644135332772,14.035194050534756,0.7016551559821849,13.0494443758404,0.5,6
91,13.073644135332772,14.095121652836918,0.6969801218465281,13.0494443758404,0.5,6
92,13.073644135332772,14.20289300985806,0.8934005144524656,13.0494443758404,0.5,6
93,13.073644135332772,14.26447968583289,0.8105503622283614,13.0494443758404,0.5,6
94,13.073644135332772,14.25581942074554,0.9455843280011798,13.0494443758404,0.5,6
95,13.073644135332772,14.331659394922962,0.8944624331397462,13.0494443758404,0.5,6
96,13.073644135332772,14.444148975050837,0.8466643490369009,13.0494443758404,0.5,6
97,13.141311123146739,14.518320853698752,0.8786620119267885,13.0494443758404,0.5,6
98,13.141311123146739,14.42257257579259,0.7477673124980658,13.0494443758404,0.5,6
99,13.141311123146739,14.35563715543271,0.7625721769493362,13.0494443758404,0.5,6
100,13.141311123146739,14.209766581010474,0.5900418811073489,13.0494443758404,0.5,6
0,19.169693845669904,20.861476433412935,0.8704830710910632,19.169693845669904,0.5,7
1,15.164054992217052,20.255213206969028,1.132598803324435,15.164054992217052,0.5,7
2,15.164054992217052,19.48783998185661,1.3144188268747485,15.164054992217052,0.5,7
3,14.70998338865848,18.59780988894355,1.6490908426349171,14.70998338865848,0.5,7
4,14.708607914449798,17.73392726868738,1.6742355150875463,14.708607914449798,0.5,7
5,14.708607914449798,16.79476639721815,1.4472952401449621,14.708607914449798,0.5,7
6,14.708607914449798,16.205785272026514,1.139322290384397,14.708607914449798,0.5,7
7,14.708607914449798,15.919979715380284,0.9898661262486246,14.708607914449798,0.5,7
8,14.708607914449798,15.65199404168975,0.6593731009631248,14.708607914449798,0.5,7
9,14.708607914449798,15.452016868288377,0.5639609287935127,14.708607914449798,0.5,7
10,14.708607914449798,15.328261493876505,0.4532685822536458,14.708607914449798,0.5,7
11,14.467670500619608,15.323487591379164,0.663720299791644,14.467670500619608,0.5,7
12,14.467670500619608,15.231493549125423,0.6040367434719937,14.467670500619608,0.5,7
13,14.467670500619608,15.182509341397457,0.528409146440914,14.467670500619608,0.5,7
14,14.467670500619608,15.284041329452437,0.5424284477362591,14.467670500619608,0.5,7
15,14.467670500619608,15.385585103822343,0.6001106003847909,14.467670500619608,0.5,7
16,14.467670500619608,15.260495273973747,0.5096137597061341,14.467670500619608,0.5,7
17,14.467670500619608,15.195219008703546,0.4399457128515666,14.467670500619608,0.5,7
18,14.467670500619608,15.15164449961097,0.5028656205971542,14.467670500619608,0.5,7
19,14.467670500619608,15.106216443759868,0.5020300411424286,14.467670500619608,0.5,7
20,14.467670500619608,15.10515108508763,0.4721543430170088,14.467670500619608,0.5,7
21,14.117935662402834,15.21675239383565,0.7441337813388026,14.117935662402834,0.5,7
22,14.117935662402834,15.209054456367612,0.7700721509981553,14.117935662402834,0.5,7
23,14.437715508089905,15.135199345560075,0.7440164537654039,14.117935662402834,0.5,7
24,14.437715508089905,15.065194305633502,0.5998574763970962,14.117935662402834,0.5,7
25,14.20199920063936,15.011010428514219,0.6411569184115473,14.117935662402834,0.5,7
26,14.20199920063936,15.023967395040724,0.6623224201424786,14.117935662402834,0.5,7
27,14.18193472919817,14.8995245563753,0.45060000598209676,14.117935662402834,0.5,7
28,14.261249694973138,14.94940460023644,0.44731922213938036,14.117935662402834,0.5,7
29,14.261249694973138,15.027040976066594,0.6245374809047788,14.117935662402834,0.5,7
30,14.261249694973138,15.042295649739572,0.6062266883894463,14.117935662402834,0.5,7
31,14.261249694973138,14.9802530894451,0.4811918600664618,14.117935662402834,0.5,7
32,14.25329983228432,15.044008186953574,0.5719224332240479,14.117935662402834,0.5,7
33,14.25329983228432,14.92868816382901,0.44468233117579575,14.117935662402834,0.5,7
34,14.25329983228432,14.930205050503737,0.5296732966231653,14.117935662402834,0.5,7
35,14.107680962081059,14.873302957407619,0.4356828680187915,14.107680962081059,0.5,7
36,14.107680962081059,14.932743594278412,0.6088955873783871,14.107680962081059,0.5,7
37,13.81494416796099,14.852096201360945,0.7030763208680296,13.81494416796099,0.5,7
38,13.81494416796099,14.823701190260806,0.7118752486853757,13.81494416796099,0.5,7
39,13.81494416796099,14.800915206406925,0.6366222599895673,13.81494416796099,0.5,7
40,13.81494416796099,14.766755846692403,0.6548879793222722,13.81494416796099,0.5,7
41,13.81494416796099,14.789368249102639,0.709052315909223,13.81494416796099,0.5,7
42,13.81494416796099,14.84844550092417,0.7698158217708624,13.81494416796099,0.5,7
43,13.81494416796099,14.935456022299508,0.8098577440631535,13.81494416796099,0.5,7
44,13.81494416796099,14.802475953522132,0.8375360383983633,13.81494416796099,0.5,7
45,13.81494416796099,14.67232046901543,0.7187453384238777,13.81494416796099,0.5,7
46,13.81494416796099,14.53599137937602,0.5408930257382771,13.81494416796099,0.5,7
47,13.81494416796099,14.632647801319944,0.6727084711200105,13.81494416796099,0.5,7
48,13.788854381999831,14.693474354078175,0.7761170059622792,13.788854381999831,0.5,7
49,13.788854381999831,14.531835302265058,0.599246515376626,13.788854381999831,0.5,7
50,13.788854381999831,14.518475515477714,0.5012198571526844,13.788854381999831,0.5,7
51,13.693737745050923,14.512562321601575,0.6217236030271264,13.693737745050923,0.5,7
52,13.693737745050923,14.475567310183926,0.6397186330649274,13.693737745050923,0.5,7
53,13.693737745050923,14.490881179500402,0.7239656845685091,13.693737745050923,0.5,7
54,13.693737745050923,14.33239725658713,0.523776256599765,13.693737745050923,0.5,7
55,13.38494332412792,14.453396075709344,0.6183761551546856,13.38494332412792,0.5,7
56,13.38494332412792,14.426965581750114,0.7040497834077801,13.38494332412792,0.5,7
57,13.38494332412792,14.44974921889466,0.7415012409352489,13.38494332412792,0.5,7
58,13.38494332412792,14.433877833050207,0.7289060836818754,13.38494332412792,0.5,7
59,13.38494332412792,14.330576007359713,0.6430864059183683,13.38494332412792,0.5,7
60,13.36287388383278,14.259203835493327,0.6992788057021485,13.36287388383278,0.5,7
61,13.38494332412792,14.175268611653415,0.5905246682250049,13.36287388383278,0.5,7
62,13.38494332412792,14.296722652918316,0.6638882347705793,13.36287388383278,0.5,7
63,13.088409872672514,14.361936916467537,0.7601650460636532,13.088409872672514,0.5,7
64,13.38494332412792,14.270486221810565,0.7348460732828902,13.088409872672514,0.5,7
65,13.38494332412792,14.258861112194007,0.6958633608066055,13.088409872672514,0.5,7
66,13.38494332412792,14.367756186611365,0.7448542919773383,13.088409872672514,0.5,7
67,13.38494332412792,14.261279130914783,0.7065181385919876,13.088409872672514,0.5,7
68,13.38494332412792,14.224525588185914,0.5444416384923838,13.088409872672514,0.5,7
69,13.423538406167134,14.259747387474016,0.5987865266775021,13.088409872672514,0.5,7
70,13.423538406167134,14.18485093679712,0.5196912239074721,13.088409872672514,0.5,7
71,13.423538406167134,14.325356298879944,0.7444726060493237,13.088409872672514,0.5,7
72,13.423538406167134,14.33213619036377,0.6814457565710337,13.088409872672514,0.5,7
73,13.37082869338697,14.240649435036344,0.5839039562273709,13.088409872672514,0.5,7
74,13.37082869338697,14.350075773291556,0.6443493102150163,13.088409872672514,0.5,7
75,13.37082869338697,14.36220387879418,0.7068776389943954,13.088409872672514,0.5,7
76,13.37082869338697,14.361693465953824,0.7477351160051513,13.088409872672514,0.5,7
77,13.37082869338697,14.246207582200446,0.6854368207650501,13.088409872672514,0.5,7
78,13.37082869338697,14.262284717471445,0.6365927323104208,13.088409872672514,0.5,7
79,13.37082869338697,14.14681913753506,0.6009003508893335,13.088409872672514,0.5,7
80,13.281488772222678,14.119445937127582,0.6728757927684387,13.088409872672514,0.5,7
81,13.281488772222678,14.158090259226832,0.7733571607977002,13.088409872672514,0.5,7
82,13.333907960581373,14.246996267947454,0.7460764922781834,13.088409872672514,0.5,7
83,13.333907960581373,14.137497277221764,0.5806825259631588,13.088409872672514,0.5,7
84,13.333907960581373,14.210859797207014,0.6887987536146355,13.088409872672514,0.5,7
85,13.37082869338697,14.161520403736926,0.6260131683148897,13.088409872672514,0.5,7
86,13.37082869338697,14.110823209380401,0.5718652930015252,13.088409872672514,0.5,7
87,13.333907960581373,14.156653126725748,0.6075647495723625,13.088409872672514,0.5,7
88,13.333907960581373,14.259737399777812,0.6566832629603249,13.088409872672514,0.5,7
89,12.894427190999917,14.23359689502529,0.7360975106985396,12.894427190999917,0.5,7
90,12.894427190999917,14.177881575669655,0.8076656438830916,12.894427190999917,0.5,7
91,12.894427190999917,14.109650620129464,0.8939666744677425,12.894427190999917,0.5,7
92,12.894427190999917,14.056009012047916,0.9095210664459735,12.894427190999917,0.5,7
93,12.894427190999917,13.997270944955917,0.7583019817674406,12.894427190999917,0.5,7
94,12.894427190999917,14.010601461943994,0.687644923484864,12.894427190999917,0.5,7
95,12.894427190999917,13.972365651625616,0.6177225444296137,12.894427190999917,0.5,7
96,12.894427190999917,14.011427341077171,0.7854881101094118,12.894427190999917,0.5,7
97,12.894427190999917,13.924066421001992,0.7501830578104685,12.894427190999917,0.5,7
98,12.894427190999917,13.947894542187889,0.9694876930299808,12.894427190999917,0.5,7
99,12.894427190999917,13.80645667656993,0.8479007603686037,12.894427190999917,0.5,7
100,12.894427190999917,13.736459648813023,0.7417629493296023,12.894427190999917,0.5,7
0,18.960232526704264,20.706263945352372,0.9136558805080014,18.960232526704264,0.5,8
1,18.960232526704264,20.232599257098876,0.7479854243739141,18.960232526704264,0.5,8
2,15.208607914449798,19.574133885085363,1.2445119759235341,15.208607914449798,0.5,8
3,15.208607914449798,18.934515130991592,1.518657669772983,15.208607914449798,0.5,8
4,14.886084215408221,18.070178819042884,1.6411641857831867,14.886084215408221,0.5,8
5,14.886084215408221,17.240045959850747,1.5226560891116827,14.886084215408221,0.5,8
6,14.36287388383278,16.52960951152581,1.2987787599754588,14.36287388383278,0.5,8
7,14.36287388383278,16.11003869345568,0.9397517471724791,14.36287388383278,0.5,8
8,14.36287388383278,15.784589159579571,0.7802279147088961,14.36287388383278,0.5,8
9,14.36287388383278,15.78964889265963,0.8455097857806865,14.36287388383278,0.5,8
10,14.36287388383278,15.625101121410331,0.8053252380786532,14.36287388383278,0.5,8
11,14.227566688249707,15.36010642713129,0.6367640621773794,14.227566688249707,0.5,8
12,14.227566688249707,15.172707666729522,0.6028975761207414,14.227566688249707,0.5,8
13,14.139071942966531,15.05804022000114,0.6305708772292803,14.139071942966531,0.5,8
14,14.139071942966531,14.878422997827826,0.56121163083648,14.139071942966531,0.5,8
15,13.781488772222678,14.847875339192479,0.6478759664202154,13.781488772222678,0.5,8
16,13.781488772222678,14.672714802989477,0.5337052566210412,13.781488772222678,0.5,8
17,13.781488772222678,14.676657652862918,0.5093184169046068,13.781488772222678,0.5,8
18,13.781488772222678,14.642821492452995,0.5908318716247553,13.781488772222678,0.5,8
19,13.781488772222678,14.628219839950567,0.6050392053222975,13.781488772222678,0.5,8
20,13.781488772222678,14.606005769259914,0.5753643005253808,13.781488772222678,0.5,8
21,13.781488772222678,14.609481124532937,0.6947377208795961,13.781488772222678,0.5,8
22,13.781488772222678,14.42509352373929,0.45853970374498293,13.781488772222678,0.5,8
23,13.785229954635271,14.573963855802173,0.6934783165455287,13.781488772222678,0.5,8
24,13.781488772222678,14.525327771875089,0.7705513386603052,13.781488772222678,0.5,8
25,13.51657508881031,14.468821612851187,0.6513197211192888,13.51657508881031,0.5,8
26,13.51657508881031,14.359522467660426,0.4903624714626366,13.51657508881031,0.5,8
27,13.4,14.338321224080154,0.5774935663459467,13.4,0.5,8
28,13.4,14.407244670427334,0.6636927403413515,13.4,0.5,8
29,13.51657508881031,14.423133394289518,0.709784519876134,13.4,0.5,8
30,13.51657508881031,14.369303281203845,0.6938026562431151,13.4,0.5,8
31,13.23622914957372,14.233911014194094,0.6927640495623458,13.23622914957372,0.5,8
32,13.23622914957372,14.286946132918054,0.7246227469873038,13.23622914957372,0.5,8
33,13.23622914957372,14.34565909738636,0.8079665612969801,13.23622914957372,0.5,8
34,12.9,14.262735567044535,0.7520839674101402,12.9,0.5,8
35,12.9,14.180580047217939,0.7567524911581911,12.9,0.5,8
36,12.9,14.139928109141488,0.7035678834269733,12.9,0.5,8
37,12.9,14.068857468114501,0.6823158364607528,12.9,0.5,8
38,12.632455532033676,14.155978404418512,0.8120830671757793,12.632455532033676,0.5,8
39,12.632455532033676,14.01847418803583,0.8289663390347292,12.632455532033676,0.5,8
40,12.632455532033676,13.886862865571903,0.8433712216419412,12.632455532033676,0.5,8
41,12.68309518948453,13.814213804895799,0.7251690227264506,12.632455532033676,0.5,8
42,12.68309518948453,13.82069967416812,0.7527066603624073,12.632455532033676,0.5,8
43,12.68309518948453,13.916948681941507,1.0072400130052797,12.632455532033676,0.5,8
44,12.68309518948453,14.028967759416558,1.1582732261868833,12.632455532033676,0.5,8
45,12.56332495807108,13.9851916668029,1.1108413887526118,12.56332495807108,0.5,8
46,12.56332495807108,13.945737107991157,1.049534742132952,12.56332495807108,0.5,8
47,12.56332495807108,13.640985820332162,0.6060696022501705,12.56332495807108,0.5,8
48,12.56332495807108,13.653658620069375,0.6964328151319832,12.56332495807108,0.5,8
49,12.56332495807108,13.52416745711627,0.6844440908142932,12.56332495807108,0.5,8
50,12.56332495807108,13.565710734852232,0.8700587917246368,12.56332495807108,0.5,8
51,12.56332495807108,13.431308078156865,0.8503573143573597,12.56332495807108,0.5,8
52,12.56332495807108,13.457693788876325,0.8479018343517949,12.56332495807108,0.5,8
53,12.56332495807108,13.511126054217115,0.8631124080228219,12.56332495807108,0.5,8
54,12.56332495807108,13.487334873709472,0.8027541780790094,12.56332495807108,0.5,8
55,12.56332495807108,13.555318857389231,0.7895159204866448,12.56332495807108,0.5,8
56,12.56332495807108,13.702274382708593,0.8854717186036892,12.56332495807108,0.5,8
57,12.56332495807108,13.636078428493834,0.775505209634544,12.56332495807108,0.5,8
58,12.56332495807108,13.580766362111545,0.9049301645920025,12.56332495807108,0.5,8
59,12.56332495807108,13.519076317698921,0.8293037034485108,12.56332495807108,0.5,8
60,12.760232526704263,13.613312323968035,0.8483097447207221,12.56332495807108,0.5,8
61,12.760232526704263,13.701039168858998,0.8706404816950969,12.56332495807108,0.5,8
62,12.760232526704263,13.640965617297617,0.8467764540227616,12.56332495807108,0.5,8
63,12.760232526704263,13.718454951569411,0.9661177792471195,12.56332495807108,0.5,8
64,12.760232526704263,13.790776663891156,1.1110798906266812,12.56332495807108,0.5,8
65,12.760232526704263,13.767746975055264,1.1439884681223202,12.56332495807108,0.5,8
66,12.760232526704263,13.857234898883302,1.2516398766152657,12.56332495807108,0.5,8
67,12.760232526704263,13.752888761275932,1.1880655038582415,12.56332495807108,0.5,8
68,12.760232526704263,13.440517757210579,0.7027757914407734,12.56332495807108,0.5,8
69,12.760232526704263,13.52395308478388,0.8062592882702503,12.56332495807108,0.5,8
70,12.760232526704263,13.44933453575462,0.7764868504797277,12.56332495807108,0.5,8
71,12.640967364599087,13.539849298280787,0.9209947744198167,12.56332495807108,0.5,8
72,12.640967364599087,13.439343239521065,0.7433196192831315,12.56332495807108,0.5,8
73,12.640967364599087,13.479761518151975,0.8690770145842655,12.56332495807108,0.5,8
74,12.640967364599087,13.432586678684094,0.9493743292034847,12.56332495807108,0.5,8
75,12.640967364599087,13.495595096451025,0.8718181508138843,12.56332495807108,0.5,8
76,12.707106781186548,13.522936650211866,0.8072435742687014,12.56332495807108,0.5,8
77,12.707106781186548,13.455224511646428,0.7419953486820431,12.56332495807108,0.5,8
78,12.760232526704263,13.49699048117331,0.7782954796209729,12.56332495807108,0.5,8
79,12.760232526704263,13.784026727271176,1.0437571501101823,12.56332495807108,0.5,8
80,12.68309518948453,13.687339144972382,0.9196984482848558,12.56332495807108,0.5,8
81,12.68309518948453,13.583687401939951,0.928120916432521,12.56332495807108,0.5,8
82,12.56332495807108,13.507181303765684,0.8403873747923386,12.56332495807108,0.5,8
83,12.56332495807108,13.57237977629198,0.874436076853517,12.56332495807108,0.5,8
84,12.56332495807108,13.45108788906699,0.8154482113700554,12.56332495807108,0.5,8
85,12.56332495807108,13.590814655100711,0.9279960084967332,12.56332495807108,0.5,8
86,12.56332495807108,13.460838089770096,0.7335475544237064,12.56332495807108,0.5,8
87,12.56332495807108,13.458972410979468,0.6973641281992874,12.56332495807108,0.5,8
88,12.56332495807108,13.402239390167292,0.6570187482049146,12.56332495807108,0.5,8
89,12.56332495807108,13.510553920982641,0.7387377103997212,12.56332495807108,0.5,8
90,12.56332495807108,13.46319823686444,0.784373205369283,12.56332495807108,0.5,8
91,12.56332495807108,13.465347370312083,0.7025211043658167,12.56332495807108,0.5,8
92,12.56332495807108,13.419056253757494,0.6802059215580075,12.56332495807108,0.5,8
93,12.56332495807108,13.485422001434397,0.8493760655583329,12.56332495807108,0.5,8
94,12.56332495807108,13.449190341652002,0.8341171489331117,12.56332495807108,0.5,8
95,12.56332495807108,13.612845514184052,0.9069199821222641,12.56332495807108,0.5,8
96,12.56332495807108,13.517351641731864,0.7784572747852444,12.56332495807108,0.5,8
97,12.56332495807108,13.697987631671465,1.065132262652023,12.56332495807108,0.5,8
98,12.56332495807108,13.736969927667245,1.0724765156378135,12.56332495807108,0.5,8
99,12.56332495807108,13.612695368023857,1.0029637415320485,12.56332495807108,0.5,8
100,12.56332495807108,13.618700418510999,0.9260853551620618,12.56332495807108,0.5,8
0,19.193737745050925,20.874934307703853,1.0291682661527866,19.193737745050925,0.5,9
1,18.88494332412792,20.41333526104945,1.0217782451164739,18.88494332412792,0.5,9
2,15.782461550347977,19.647942197931187,1.0853905645791848,15.782461550347977,0.5,9
3,15.782461550347977,19.030780414017528,1.1958247786942848,15.782461550347977,0.5,9
4,15.782461550347977,18.238253512159286,1.2118885591257007,15.782461550347977,0.5,9
5,15.6,17.694692476590472,1.1944943508486543,15.6,0.5,9
6,15.6,17.219084262283992,1.0684320913029193,15.6,0.5,9
7,15.394182110716777,16.819648912736653,1.0017948639130017,15.394182110716777,0.5,9
8,15.394182110716777,16.471305526452063,0.8359174627246878,15.394182110716777,0.5,9
9,15.13318042491699,16.20288243889921,0.6281697912922337,15.13318042491699,0.5,9
10,15.12664991614216,15.89661604797575,0.41389169179129726,15.12664991614216,0.5,9
11,15.12664991614216,15.856357725435435,0.49498947056829945,15.12664991614216,0.5,9
12,14.894438717061496,15.799450334202895,0.49942480161405495,14.894438717061496,0.5,9
13,14.894438717061496,15.707924038284263,0.579431342293643,14.894438717061496,0.5,9
14,14.659729717389748,15.587772948427132,0.4903485448210228,14.659729717389748,0.5,9
15,14.659729717389748,15.465267796880507,0.5148381301959892,14.659729717389748,0.5,9
16,14.603569153775238,15.478007933895306,0.5390810757179547,14.603569153775238,0.5,9
17,14.4,15.341743529650392,0.6122932434929524,14.4,0.5,9
18,14.4,15.132068096194857,0.4957963429226195,14.4,0.5,9
19,13.780350850198277,15.178402873346588,0.6607075970653085,13.780350850198277,0.5,9
20,13.780350850198277,15.080644135956529,0.6329703568478663,13.780350850198277,0.5,9
21,14.00454076850486,15.088017469486068,0.6761195030005364,13.780350850198277,0.5,9
22,14.00454076850486,14.929863474734155,0.5715428520397752,13.780350850198277,0.5,9
23,14.00454076850486,15.022649340586177,0.8510733065507419,13.780350850198277,0.5,9
24,13.780350850198277,14.869670526433268,0.7797914369358164,13.780350850198277,0.5,9
25,13.780350850198277,14.765702100866484,0.6725300284196742,13.780350850198277,0.5,9
26,13.780350850198277,14.6971640995638,0.6133903550733674,13.780350850198277,0.5,9
27,13.780350850198277,14.667154012256486,0.6498514853396249,13.780350850198277,0.5,9
28,13.780350850198277,14.740637198829331,0.8084063975917933,13.780350850198277,0.5,9
29,13.71084400165827,14.579146848834604,0.7020137007744732,13.71084400165827,0.5,9
30,13.458703314492292,14.555849742336722,0.8173644781455964,13.458703314492292,0.5,9
31,13.458703314492292,14.598406035188729,0.7545749602452321,13.458703314492292,0.5,9
32,13.458703314492292,14.617339871033014,0.6429167946632952,13.458703314492292,0.5,9
33,13.458703314492292,14.667534846750836,0.7576785929378546,13.458703314492292,0.5,9
34,13.458703314492292,14.493545365491059,0.7391122389948683,13.458703314492292,0.5,9
35,13.397366596101028,14.480717153861942,0.7662462162245813,13.397366596101028,0.5,9
36,13.458703314492292,14.350521617079215,0.5790690853563063,13.397366596101028,0.5,9
37,13.458703314492292,14.307992998294722,0.6029834299876269,13.397366596101028,0.5,9
38,13.458703314492292,14.304300457390136,0.611128908940942,13.397366596101028,0.5,9
39,13.458703314492292,14.212940981040015,0.5160771130490434,13.397366596101028,0.5,9
40,13.458703314492292,14.37946591675807,0.5356041730234604,13.397366596101028,0.5,9
41,13.458703314492292,14.4673278946919,0.618436631242005,13.397366596101028,0.5,9
42,13.458703314492292,14.4506444786414,0.6023056079690371,13.397366596101028,0.5,9
43,13.491153452528778,14.458446953460722,0.6458444218371278,13.397366596101028,0.5,9
44,13.430950643030009,14.615809321681548,0.6948566788725413,13.397366596101028,0.5,9
45,13.430950643030009,14.58290685367387,0.7167503578278251,13.397366596101028,0.5,9
46,13.672004514666936,14.689986391428754,0.8017306315848158,13.397366596101028,0.5,9
47,13.672004514666936,14.612686209513585,0.6939869093471571,13.397366596101028,0.5,9
48,13.672004514666936,14.576140968389746,0.7356922118899476,13.397366596101028,0.5,9
49,13.64355957741627,14.645062279434887,0.9200895062030378,13.397366596101028,0.5,9
50,13.35870331449229,14.460555759096351,0.7632171933257001,13.35870331449229,0.5,9
51,13.672004514666936,14.406597940696736,0.7050304773867824,13.35870331449229,0.5,9
52,13.672004514666936,14.284495123970453,0.6621811582285286,13.35870331449229,0.5,9
53,13.640175425099137,14.241625693948947,0.5827255573029899,13.35870331449229,0.5,9
54,13.640175425099137,14.217201741318222,0.581005564191544,13.35870331449229,0.5,9
55,13.640175425099137,14.257785441170375,0.6610856446130907,13.35870331449229,0.5,9
56,13.640175425099137,14.230089599636186,0.7147901080735355,13.35870331449229,0.5,9
57,13.640175425099137,14.14699383114284,0.6503809824355065,13.35870331449229,0.5,9
58,13.548808848170152,14.134898935441933,0.603212658948212,13.35870331449229,0.5,9
59,13.548808848170152,13.989497468002012,0.46068730200395125,13.35870331449229,0.5,9
60,13.30384048104053,14.058041239427924,0.5434859172188198,13.30384048104053,0.5,9
61,13.30384048104053,14.183308098225494,0.7701697504240299,13.30384048104053,0.5,9
62,13.299999999999999,14.179403956437131,0.7524874173828268,13.299999999999999,0.5,9
63,13.299999999999999,14.082869817939956,0.6596295436215887,13.299999999999999,0.5,9
64,13.299999999999999,14.159539646336043,0.7145631114362959,13.299999999999999,0.5,9
65,13.299999999999999,14.137222195536625,0.8055436038817934,13.299999999999999,0.5,9
66,13.299999999999999,14.240866116639598,0.8232038470378433,13.299999999999999,0.5,9
67,13.299999999999999,14.186149001961716,0.844069517714735,13.299999999999999,0.5,9
68,13.299999999999999,13.96698865724003,0.6800016676257833,13.299999999999999,0.5,9
69,13.264911064067352,14.051526174066748,0.7587638766086247,13.264911064067352,0.5,9
70,13.264911064067352,14.07227806778081,0.7792314040001,13.264911064067352,0.5,9
71,13.1,14.002778360892956,0.7421823499013304,13.1,0.5,9
72,13.1,13.92415847093278,0.6770616663153601,13.1,0.5,9
73,12.960232526704262,13.85315552566515,0.5810067884361018,12.960232526704262,0.5,9
74,12.960232526704262,13.762861521166965,0.59603667083584,12.960232526704262,0.5,9
75,12.960232526704262,13.749546928347852,0.545948632084114,12.960232526704262,0.5,9
76,12.948683298050513,13.737692126769657,0.5646102814673923,12.948683298050513,0.5,9
77,12.948683298050513,13.957521107144794,0.7468779249180206,12.948683298050513,0.5,9
78,12.948683298050513,13.763841233247865,0.5688015854825603,12.948683298050513,0.5,9
79,12.948683298050513,13.703649826659465,0.6275902980048819,12.948683298050513,0.5,9
80,12.948683298050513,13.732209090849459,0.5543626131190453,12.948683298050513,0.5,9
81,13.069535971483266,13.791371099724358,0.5626761426127811,12.948683298050513,0.5,9
82,13.069535971483266,13.804493146942416,0.7039008058886825,12.948683298050513,0.5,9
83,13.069535971483266,13.949558304744194,0.8188659257679187,12.948683298050513,0.5,9
84,13.069535971483266,13.831865305792846,0.7983167563111437,12.948683298050513,0.5,9
85,13.069535971483266,13.704147783282814,0.6733821604502876,12.948683298050513,0.5,9
86,13.069535971483266,13.694051523766989,0.6772882026754891,12.948683298050513,0.5,9
87,12.816515138991168,13.724343075679803,0.6924665887196141,12.816515138991168,0.5,9
88,12.816515138991168,13.71555831603077,0.7228708067766777,12.816515138991168,0.5,9
89,12.816515138991168,13.671757528654965,0.7184005874092579,12.816515138991168,0.5,9
90,12.816515138991168,13.542992812125844,0.5335746100972103,12.816515138991168,0.5,9
91,12.816515138991168,13.53843531412168,0.41009645733515615,12.816515138991168,0.5,9
92,12.816515138991168,13.575370165130048,0.47872182025611726,12.816515138991168,0.5,9
93,12.960232526704262,13.886156952921688,0.911753080097968,12.816515138991168,0.5,9
94,12.960232526704262,13.721476614757492,0.7937587367118053,12.816515138991168,0.5,9
95,12.960232526704262,13.641200145170078,0.6380977241087324,12.816515138991168,0.5,9
96,12.9,13.79323696322282,0.7977282732213842,12.816515138991168,0.5,9
97,12.9,13.714823548547875,0.6923554330541237,12.816515138991168,0.5,9
98,12.9,13.816367454797717,0.7215546968162831,12.816515138991168,0.5,9
99,12.709901951359278,13.823195361045567,0.7678456508602951,12.709901951359278,0.5,9
100,12.709901951359278,13.783481923498528,0.8268107122828807,12.709901951359278,0.5,9
0,17.960232526704264,20.756316020816783,0.9963662388956355,17.960232526704264,0.5,10
1,17.640175425099137,20.23958307741517,1.0939427918841442,17.640175425099137,0.5,10
2,16.460970061472082,19.512970508788168,1.1927130064123783,16.460970061472082,0.5,10
3,16.460970061472082,18.883143184201867,1.1801384556833745,16.460970061472082,0.5,10
4,15.474921382870358,18.270890279016633,1.29850156705201,15.474921382870358,0.5,10
5,15.474921382870358,17.41932860498217,1.1257110102965382,15.474921382870358,0.5,10
6,15.206404996924922,16.903339728855816,0.8779164297634633,15.206404996924922,0.5,10
7,14.962977544445355,16.495943385410804,0.7031326056570905,14.962977544445355,0.5,10
8,14.962977544445355,16.28860308128459,0.6987954120138435,14.962977544445355,0.5,10
9,15.220743687382042,16.070268521982186,0.6074908491111048,14.962977544445355,0.5,10
10,14.97484176581315,15.89582791908368,0.5326563120608979,14.962977544445355,0.5,10
11,14.97484176581315,15.779259116970763,0.43979961878155227,14.962977544445355,0.5,10
12,14.97484176581315,15.731688937468437,0.5222780860824338,14.962977544445355,0.5,10
13,14.833907960581373,15.662703979608793,0.597181009000746,14.833907960581373,0.5,10
14,14.833907960581373,15.706457485490857,0.7239703347902425,14.833907960581373,0.5,10
15,14.795829710142188,15.609183648972824,0.6549519353103069,14.795829710142188,0.5,10
16,14.833907960581373,15.544701084021106,0.6600649443722278,14.795829710142188,0.5,10
17,14.660107523773828,15.537917233098241,0.7153399767938997,14.660107523773828,0.5,10
18,14.771085446759225,15.48847571401108,0.675065108084956,14.660107523773828,0.5,10
19,14.771085446759225,15.398532478882615,0.575159002946695,14.660107523773828,0.5,10
20,14.46619037896906,15.405706085293524,0.7119892703447026,14.46619037896906,0.5,10
21,14.292838827718413,15.254705476044643,0.626355540931525,14.292838827718413,0.5,10
22,14.292838827718413,15.236439802860362,0.6139336850507892,14.292838827718413,0.5,10
23,14.46619037896906,15.189491247427295,0.6166127016264554,14.292838827718413,0.5,10
24,14.292838827718413,15.121862942163107,0.5579668698871029,14.292838827718413,0.5,10
25,14.292838827718413,15.22793333019551,0.7602494175324325,14.292838827718413,0.5,10
26,13.94928556845359,15.14398676460016,0.7772232945853287,13.94928556845359,0.5,10
27,13.94928556845359,15.177460538857035,0.8246541618589759,13.94928556845359,0.5,10
28,13.94928556845359,14.950957717080009,0.6540017810319295,13.94928556845359,0.5,10
29,13.94928556845359,14.888869654050813,0.6525893156420847,13.94928556845359,0.5,10
30,13.94928556845359,14.939152400476614,0.8652944643066842,13.94928556845359,0.5,10
31,13.94928556845359,14.941858139924204,0.8841083827965528,13.94928556845359,0.5,10
32,13.94928556845359,14.906879665130335,0.8431018762800232,13.94928556845359,0.5,10
33,13.88494332412792,14.66121234103561,0.5238320492116788,13.88494332412792,0.5,10
34,13.88494332412792,14.680308173735966,0.6251373971628988,13.88494332412792,0.5,10
35,13.88494332412792,14.735870653141488,0.6915328779685045,13.88494332412792,0.5,10
36,13.914213562373096,14.683593263067927,0.6192799043544938,13.88494332412792,0.5,10
37,13.914213562373096,14.635145989558152,0.6659726950381809,13.88494332412792,0.5,10
38,13.68062484748657,14.657194708736037,0.8945565492696727,13.68062484748657,0.5,10
39,13.755294535724685,14.601712127411623,0.6361918353685218,13.68062484748657,0.5,10
40,13.755294535724685,14.6244624286145,0.6708864060650482,13.68062484748657,0.5,10
41,13.792838827718413,14.691904382610389,0.7702741981681246,13.68062484748657,0.5,10
42,13.735270009440733,14.651498937659637,0.7912594456080698,13.68062484748657,0.5,10
43,13.68062484748657,14.69905284739119,0.8664672148055301,13.68062484748657,0.5,10
44,13.68062484748657,14.67367327241989,0.8700373141971804,13.68062484748657,0.5,10
45,13.68062484748657,14.64276994478985,0.8043100847282707,13.68062484748657,0.5,10
46,13.68062484748657,14.727991420364019,0.9338572600357563,13.68062484748657,0.5,10
47,13.68062484748657,14.576000667525607,0.753911073746925,13.68062484748657,0.5,10
48,13.735270009440733,14.690819968671287,0.8020747919731639,13.68062484748657,0.5,10
49,13.735270009440733,14.605682242689445,0.8003070056675711,13.68062484748657,0.5,10
50,13.735270009440733,14.608037907889425,0.6276108218428433,13.68062484748657,0.5,10
51,13.735270009440733,14.710122943497897,0.6460656629301141,13.68062484748657,0.5,10
52,13.735270009440733,14.723568243910547,0.7530044572534388,13.68062484748657,0.5,10
53,13.68062484748657,14.59669337359607,0.6884776403735899,13.68062484748657,0.5,10
54,13.68062484748657,14.604165125421494,0.7817109585407231,13.68062484748657,0.5,10
55,13.68062484748657,14.585175635129804,0.7046212274365943,13.68062484748657,0.5,10
56,13.68062484748657,14.509543479472656,0.6575901494045215,13.68062484748657,0.5,10
57,13.68062484748657,14.462344650073787,0.676608860577855,13.68062484748657,0.5,10
58,13.673320053068151,14.592370253984909,0.8483262597189123,13.673320053068151,0.5,10
59,13.68062484748657,14.520113055506313,0.9445385969035703,13.673320053068151,0.5,10
60,13.68062484748657,14.50955852880928,0.8735786649971061,13.673320053068151,0.5,10
61,13.68062484748657,14.273684874424895,0.5855418558507419,13.673320053068151,0.5,10
62,13.68062484748657,14.366305985808687,0.6734892391625033,13.673320053068151,0.5,10
63,13.68062484748657,14.277237091478225,0.6435050727879887,13.673320053068151,0.5,10
64,13.68062484748657,14.28219965231085,0.6817954520128482,13.673320053068151,0.5,10
65,13.68062484748657,14.250763854041006,0.7098095481605069,13.673320053068151,0.5,10
66,13.671779788708136,14.231975620615039,0.5356753341034426,13.671779788708136,0.5,10
67,13.671779788708136,14.28579692722722,0.6143663036319101,13.671779788708136,0.5,10
68,13.671779788708136,14.369154594283424,0.6330072034744663,13.671779788708136,0.5,10
69,13.508304597359459,14.396274360718023,0.6321832866055286,13.508304597359459,0.5,10
70,13.508304597359459,14.491430046119483,0.8499723373767344,13.508304597359459,0.5,10
71,13.257583690279022,14.511956867382375,0.8783670867781658,13.257583690279022,0.5,10
72,13.257583690279022,14.388533221955402,0.6739400956425339,13.257583690279022,0.5,10
73,13.257583690279022,14.416461135382736,0.7079814917965871,13.257583690279022,0.5,10
74,13.2295630140987,14.392252892718204,0.7812364126169504,13.2295630140987,0.5,10
75,13.2295630140987,14.3984042609916,0.7595604241353283,13.2295630140987,0.5,10
76,13.2295630140987,14.494844303961349,0.8706080560291649,13.2295630140987,0.5,10
77,13.071779788708135,14.50483455760503,0.9315232878579335,13.071779788708135,0.5,10
78,13.071779788708135,14.324789271767486,0.9345833998978494,13.071779788708135,0.5,10
79,13.299999999999999,14.227567479429823,0.8739378432679072,13.071779788708135,0.5,10
80,13.299999999999999,14.421720556122445,0.9948000293563795,13.071779788708135,0.5,10
81,13.419090595827292,14.362402049616456,1.0754242611663438,13.071779788708135,0.5,10
82,13.419090595827292,14.136832160381092,0.7172110884571666,13.071779788708135,0.5,10
83,13.419090595827292,14.127190864264328,0.6384482534489033,13.071779788708135,0.5,10
84,13.419090595827292,14.03913523986506,0.585871348560509,13.071779788708135,0.5,10
85,13.377032961426902,14.099382463026958,0.7356520048211346,13.071779788708135,0.5,10
86,13.377032961426902,14.286612549313693,0.8818967302848418,13.071779788708135,0.5,10
87,13.377032961426902,14.4252020549136,0.8833435846169359,13.071779788708135,0.5,10
88,13.377032961426902,14.343053932882658,0.8372785845005171,13.071779788708135,0.5,10
89,13.2295630140987,14.293577752338406,0.7796740108042978,13.071779788708135,0.5,10
90,13.2295630140987,14.211847517606207,0.6796908598412327,13.071779788708135,0.5,10
91,13.2295630140987,14.087097108381167,0.6139856223316364,13.071779788708135,0.5,10
92,13.316515138991168,14.113993267143655,0.702594480664587,13.071779788708135,0.5,10
93,13.316515138991168,14.182051872133302,0.8254542404062023,13.071779788708135,0.5,10
94,13.419803902718558,14.336600204260037,0.8775119169233617,13.071779788708135,0.5,10
95,13.419803902718558,14.273618187665646,0.8083206756847591,13.071779788708135,0.5,10
96,13.419803902718558,14.208204588251217,0.8138108417436333,13.071779788708135,0.5,10
97,13.419803902718558,14.206325966162911,0.7486336484107429,13.071779788708135,0.5,10
98,13.419803902718558,14.136525483213779,0.706266563900285,13.071779788708135,0.5,10
99,13.378404875209021,14.151173301697968,0.7056077038726272,13.071779788708135,0.5,10
100,13.213552872566003,13.982916662006119,0.5461700049668495,13.071779788708135,0.5,10
0,19.01657508881031,20.741684026787837,0.8458195216109339,19.01657508881031,0.5,11
1,15.683266665599966,20.191371694392483,1.1904169504218896,15.683266665599966,0.5,11
2,15.911871208194288,19.47444001702615,1.4243120764792776,15.683266665599966,0.5,11
3,15.911871208194288,18.592555972014704,1.444452758787517,15.683266665599966,0.5,11
4,15.377902338672774,17.64353328823504,1.4093799158268543,15.377902338672774,0.5,11
5,15.423243291566195,16.954425016724084,1.1338548892767533,15.377902338672774,0.5,11
6,15.115167380558045,16.32169728362705,0.5595694572832415,15.115167380558045,0.5,11
7,15.115167380558045,16.11106005398783,0.5287565027787207,15.115167380558045,0.5,11
8,15.115167380558045,16.005082549963532,0.4970144723204195,15.115167380558045,0.5,11
9,14.738612787525831,15.862706308199206,0.47438196258520804,14.738612787525831,0.5,11
10,14.738612787525831,15.78114443594085,0.5332280230204433,14.738612787525831,0.5,11
11,14.738612787525831,15.74110685271305,0.623342847468148,14.738612787525831,0.5,11
12,14.738612787525831,15.65377215129626,0.5229037711054715,14.738612787525831,0.5,11
13,14.277032961426901,15.533640900560222,0.6422533869758313,14.277032961426901,0.5,11
14,14.277032961426901,15.574194749469866,0.7883639659414313,14.277032961426901,0.5,11
15,14.277032961426901,15.45175595422571,0.7370431038894922,14.277032961426901,0.5,11
16,14.277032961426901,15.299653735729585,0.7449151695393156,14.277032961426901,0.5,11
17,14.277032961426901,15.206131301348456,0.6879770913537535,14.277032961426901,0.5,11
18,14.277032961426901,15.121570501686685,0.5006306615800751,14.277032961426901,0.5,11
19,14.277032961426901,15.265165785971167,0.8304041466859037,14.277032961426901,0.5,11
20,14.135270009440731,15.181565847776508,0.8126489914040798,14.135270009440731,0.5,11
21,14.235270009440733,15.224653814704213,0.879949214487583,14.135270009440731,0.5,11
22,14.277032961426901,15.094087087048733,0.7511673672785166,14.135270009440731,0.5,11
23,14.069535971483266,15.083671548015568,0.798569128896486,14.069535971483266,0.5,11
24,14.277032961426901,15.191007210126026,0.9016932333428981,14.069535971483266,0.5,11
25,14.277032961426901,15.264647577827335,0.9925966162577801,14.069535971483266,0.5,11
26,14.277032961426901,15.314921552244083,1.105999210514044,14.069535971483266,0.5,11
27,14.277032961426901,15.286292906064702,1.000710290605213,14.069535971483266,0.5,11
28,14.277032961426901,15.206816609587401,1.0098935175683776,14.069535971483266,0.5,11
29,14.277032961426901,15.212390794846948,1.111688200620533,14.069535971483266,0.5,11
30,14.277032961426901,15.021282310685212,0.9787615655827958,14.069535971483266,0.5,11
31,14.277032961426901,15.156869852327663,0.9729113389739438,14.069535971483266,0.5,11
32,14.235270009440733,15.038861488648324,0.7630123934132466,14.069535971483266,0.5,11
33,14.088409872672514,14.809274483690706,0.44335122227488166,14.069535971483266,0.5,11
34,14.088409872672514,14.883378169721434,0.744094705037375,14.069535971483266,0.5,11
35,14.088409872672514,14.835712436271601,0.7582120708292482,14.069535971483266,0.5,11
36,14.088409872672514,14.91709163665012,0.8450716906880008,14.069535971483266,0.5,11
37,14.04899959967968,14.816483041228857,0.6365963089437064,14.04899959967968,0.5,11
38,14.04899959967968,14.770440172651151,0.4163726752948518,14.04899959967968,0.5,11
39,14.04899959967968,14.687802108251736,0.41175499122384795,14.04899959967968,0.5,11
40,14.048808848170152,14.777683250203445,0.6504596647556322,14.048808848170152,0.5,11
41,14.048808848170152,14.648694967304849,0.5455734809901993,14.048808848170152,0.5,11
42,14.048808848170152,14.91587255224756,0.8088771290570101,14.048808848170152,0.5,11
43,14.048808848170152,14.888524795626273,0.9140818960852198,14.048808848170152,0.5,11
44,14.048808848170152,14.87362037488547,0.8118551439332207,14.048808848170152,0.5,11
45,13.922497216032184,15.044683081445317,0.9996310086831365,13.922497216032184,0.5,11
46,13.922497216032184,14.927167095707402,0.9589063809097893,13.922497216032184,0.5,11
47,13.894427190999917,14.894804620097897,0.9188310211686813,13.894427190999917,0.5,11
48,13.829563014098701,14.670725395567795,0.759462888127787,13.829563014098701,0.5,11
49,13.829563014098701,14.486034059758074,0.43432732701655236,13.829563014098701,0.5,11
50,13.54833147735479,14.545543643691595,0.762321792018302,13.54833147735479,0.5,11
51,13.54833147735479,14.547778876576972,0.7498395764203087,13.54833147735479,0.5,11
52,13.54833147735479,14.559338599551955,0.7320313469911983,13.54833147735479,0.5,11
53,13.54833147735479,14.610611224081937,0.9439181217610121,13.54833147735479,0.5,11
54,13.54833147735479,14.563758488375965,0.9144093595994744,13.54833147735479,0.5,11
55,13.54833147735479,14.409243663219378,0.6686859262861938,13.54833147735479,0.5,11
56,13.54833147735479,14.378967095371591,0.592465094136446,13.54833147735479,0.5,11
57,13.54833147735479,14.347143868905823,0.6249987552735385,13.54833147735479,0.5,11
58,13.54833147735479,14.364097853014348,0.8262163418414408,13.54833147735479,0.5,11
59,13.516515138991167,14.337224650545622,0.9091630984140107,13.516515138991167,0.5,11
60,13.460232526704262,14.14172826770267,0.699871966873981,13.460232526704262,0.5,11
61,13.516515138991167,14.249098546275327,0.6967699743735676,13.460232526704262,0.5,11
62,13.516515138991167,14.158021499493179,0.8178502271762493,13.460232526704262,0.5,11
63,13.54833147735479,14.24865328335843,0.9301131482506326,13.460232526704262,0.5,11
64,13.516515138991167,14.274388382568969,0.8625818135361953,13.460232526704262,0.5,11
65,13.516515138991167,14.317867825009877,0.7700319449003457,13.460232526704262,0.5,11
66,13.516515138991167,14.287406120318735,0.9415854035138307,13.460232526704262,0.5,11
67,13.516515138991167,14.476022125791985,1.1905459909962968,13.460232526704262,0.5,11
68,13.516515138991167,14.631241623244764,1.1231577370649697,13.460232526704262,0.5,11
69,13.516515138991167,14.584715029649338,1.0368105451853928,13.460232526704262,0.5,11
70,13.516515138991167,14.53716177106953,0.9680921351788653,13.460232526704262,0.5,11
71,13.516515138991167,14.351693033807244,0.7403691317569253,13.460232526704262,0.5,11
72,13.516515138991167,14.369862352715174,0.9193613421835488,13.460232526704262,0.5,11
73,13.5,14.42096555535684,1.023459274034174,13.460232526704262,0.5,11
74,13.512403840463595,14.471094291883663,1.0795121855552803,13.460232526704262,0.5,11
75,13.512403840463595,14.441488446952697,1.033952959528785,13.460232526704262,0.5,11
76,13.512403840463595,14.378498532812321,0.9387420580621343,13.460232526704262,0.5,11
77,13.512403840463595,14.444341965702156,1.0421027712908753,13.460232526704262,0.5,11
78,13.512403840463595,14.351379306167958,0.9368629949851379,13.460232526704262,0.5,11
79,13.394427190999917,14.312722432695802,0.7527460519238347,13.394427190999917,0.5,11
80,13.512403840463595,14.266324638223802,0.738304996607619,13.394427190999917,0.5,11
81,13.512403840463595,14.472133725948845,0.8094380090111503,13.394427190999917,0.5,11
82,13.512403840463595,14.709247955141016,0.9520855219054182,13.394427190999917,0.5,11
83,13.512403840463595,14.64893622246451,0.8884642836835626,13.394427190999917,0.5,11
84,13.612403840463596,14.512518295189595,0.7505003962487506,13.394427190999917,0.5,11
85,13.612403840463596,14.574294786370995,0.8631285452960326,13.394427190999917,0.5,11
86,13.612403840463596,14.480677702912985,0.836066966371898,13.394427190999917,0.5,11
87,13.612403840463596,14.490901279631569,0.8225172456536441,13.394427190999917,0.5,11
88,13.612403840463596,14.453350181471025,0.8871654586120804,13.394427190999917,0.5,11
89,13.612403840463596,14.57128557399168,1.0721155332265264,13.394427190999917,0.5,11
90,13.612403840463596,14.544651348832605,1.0527233852440185,13.394427190999917,0.5,11
91,13.612403840463596,14.38924819924372,0.8142424076659606,13.394427190999917,0.5,11
92,13.612403840463596,14.297868297438633,0.6441331306818613,13.394427190999917,0.5,11
93,13.612403840463596,14.354987253615409,0.7944477901763505,13.394427190999917,0.5,11
94,13.612403840463596,14.417104730970694,0.8208823409689022,13.394427190999917,0.5,11
95,13.612403840463596,14.441986200665816,0.9131257845297794,13.394427190999917,0.5,11
96,13.612403840463596,14.480417446756128,0.9163501953994132,13.394427190999917,0.5,11
97,13.48309518948453,14.347190954155517,0.8580900254184282,13.394427190999917,0.5,11
98,13.48309518948453,14.470220121224063,0.8808809372227369,13.394427190999917,0.5,11
99,13.48309518948453,14.310497122453315,0.8338384764044011,13.394427190999917,0.5,11
100,13.48309518948453,14.479226032967349,0.9079499630459215,13.394427190999917,0.5,11
0,18.94899959967968,20.69082817704764,0.826689453604127,18.94899959967968,0.5,12
1,16.0132473986153,20.142170047029705,0.9985803164571446,16.0132473986153,0.5,12
2,16.0132473986153,19.434220203897695,1.2384210116234138,16.0132473986153,0.5,12
3,16.0132473986153,18.74131855312149,1.3915465332413326,16.0132473986153,0.5,12
4,16.009990019950138,18.038266357256347,1.4982987285352698,16.009990019950138,0.5,12
5,16.009990019950138,17.327192730184105,1.0587815229627109,16.009990019950138,0.5,12
6,15.49722114972099,16.825572366269558,0.7151591048211292,15.49722114972099,0.5,12
7,15.49722114972099,16.588509812471887,0.5646420911065267,15.49722114972099,0.5,12
8,15.34302481094059,16.47460030506573,0.5831145795030603,15.34302481094059,0.5,12
9,15.164054992217052,16.270207811903205,0.5288711576078806,15.164054992217052,0.5,12
10,15.164054992217052,16.212446345224336,0.5537480286041294,15.164054992217052,0.5,12
11,15.164054992217052,16.100285808077317,0.5975584442763469,15.164054992217052,0.5,12
12,15.164054992217052,15.995032805763215,0.4592006933435486,15.164054992217052,0.5,12
13,15.12565782966318,15.858144543906944,0.4141676102582808,15.12565782966318,0.5,12
14,15.011094017053559,15.82101238789657,0.4948048173941507,15.011094017053559,0.5,12
15,15.011094017053559,15.81132928779718,0.5846782643840308,15.011094017053559,0.5,12
16,14.772077843177478,15.753264519521643,0.6630527391596983,14.772077843177478,0.5,12
17,14.772077843177478,15.62943962003343,0.6935201243489443,14.772077843177478,0.5,12
18,14.772077843177478,15.481779953448658,0.6471545694418063,14.772077843177478,0.5,12
19,14.68193472919817,15.43306628340392,0.692731932112673,14.68193472919817,0.5,12
20,14.646916505762094,15.397252081194502,0.5266544067266857,14.646916505762094,0.5,12
21,14.646916505762094,15.447448050248967,0.6301409754248157,14.646916505762094,0.5,12
22,14.646916505762094,15.408267403462112,0.6023421916704926,14.646916505762094,0.5,12
23,14.646916505762094,15.31636703108016,0.5558858094293019,14.646916505762094,0.5,12
24,14.511744421846396,15.233362573627494,0.5873176728912224,14.511744421846396,0.5,12
25,14.633630940518895,15.42343768755664,0.8819284159496035,14.511744421846396,0.5,12
26,14.511094017053559,15.183728542428973,0.64548052527519,14.511094017053559,0.5,12
27,14.619392214170771,15.26578422419735,0.731768908922044,14.511094017053559,0.5,12
28,14.22654919008431,15.32653162696136,0.8188942400651145,14.22654919008431,0.5,12
29,14.534192325759246,15.329842199567482,0.7621654955302481,14.22654919008431,0.5,12
30,14.534192325759246,15.232680494536,0.5801747438898147,14.22654919008431,0.5,12
31,14.480243893371345,15.357679407720873,0.7640219022406131,14.22654919008431,0.5,12
32,14.25277655408689,15.374618774918499,0.688702819326382,14.22654919008431,0.5,12
33,14.25277655408689,15.231833375107788,0.7399383968458649,14.22654919008431,0.5,12
34,14.25277655408689,15.184282849690133,0.7503133039102403,14.22654919008431,0.5,12
35,14.25277655408689,15.175742937288994,0.7403996364819474,14.22654919008431,0.5,12
36,13.938181191654584,15.091051946278348,0.7003878983442047,13.938181191654584,0.5,12
37,14.123243291566194,14.912400011002326,0.5802033459753354,13.938181191654584,0.5,12
38,14.123243291566194,14.934358816801964,0.6906544115974592,13.938181191654584,0.5,12
39,13.801999200639361,14.999371376003419,0.7922002324806673,13.801999200639361,0.5,12
40,13.801999200639361,14.812521851520955,0.6565322392681602,13.801999200639361,0.5,12
41,13.801999200639361,14.72295606275178,0.6224049983519905,13.801999200639361,0.5,12
42,13.801999200639361,14.779894581481656,0.7034277856921047,13.801999200639361,0.5,12
43,13.801999200639361,14.65208064475663,0.5855128141781757,13.801999200639361,0.5,12
44,13.801999200639361,14.650350342686028,0.5681342870771264,13.801999200639361,0.5,12
45,13.801999200639361,14.720711762019242,0.7503518649066887,13.801999200639361,0.5,12
46,13.801999200639361,14.534907898891634,0.5318593167202716,13.801999200639361,0.5,12
47,13.799999999999999,14.627814693686787,0.6669539226223754,13.799999999999999,0.5,12
48,13.801999200639361,14.721437417466987,0.6832671943317701,13.799999999999999,0.5,12
49,13.495829710142187,14.625081916142934,0.6841532883945589,13.495829710142187,0.5,12
50,13.621320343559642,14.524373249885771,0.6320424892869164,13.495829710142187,0.5,12
51,13.621320343559642,14.459736146996418,0.6175802720511325,13.495829710142187,0.5,12
52,13.621320343559642,14.469658977362387,0.5137720090508537,13.495829710142187,0.5,12
53,13.6,14.49201471778714,0.5635474240509232,13.495829710142187,0.5,12
54,13.6,14.586749172579907,0.6973626274155331,13.495829710142187,0.5,12
55,13.621320343559642,14.559183978094062,0.7230168721976873,13.495829710142187,0.5,12
56,13.621320343559642,14.566445548576153,0.6694510005665304,13.495829710142187,0.5,12
57,13.621320343559642,14.527566844668268,0.5807468510871184,13.495829710142187,0.5,12
58,13.621320343559642,14.46731048296633,0.4786100568513311,13.495829710142187,0.5,12
59,13.781488772222678,14.503895031009549,0.534853781337492,13.495829710142187,0.5,12
60,13.781488772222678,14.531087222513271,0.6160648121167568,13.495829710142187,0.5,12
61,13.47484176581315,14.538680716709443,0.6547979158500833,13.47484176581315,0.5,12
62,13.47484176581315,14.479300055902213,0.6927826216285774,13.47484176581315,0.5,12
63,13.47484176581315,14.395945104343177,0.5891891869628093,13.47484176581315,0.5,12
64,13.47484176581315,14.641813395493283,0.6857061334932987,13.47484176581315,0.5,12
65,13.47484176581315,14.628891575847776,0.7031695789102708,13.47484176581315,0.5,12
66,13.47484176581315,14.466595618561385,0.6475320701321897,13.47484176581315,0.5,12
67,13.430950643030009,14.448953055823948,0.705869216282692,13.430950643030009,0.5,12
68,13.430950643030009,14.522909241021052,0.7569844977952765,13.430950643030009,0.5,12
69,13.430950643030009,14.466609990410932,0.7725326101057992,13.430950643030009,0.5,12
70,13.430950643030009,14.406311695760841,0.8374651388815272,13.430950643030009,0.5,12
71,13.430950643030009,14.421909570765413,0.8454865479612506,13.430950643030009,0.5,12
72,13.430950643030009,14.514995574197666,0.6606999091875947,13.430950643030009,0.5,12
73,13.430950643030009,14.527127191575573,0.6349688781678932,13.430950643030009,0.5,12
74,13.430950643030009,14.399584537619779,0.5912521951477525,13.430950643030009,0.5,12
75,13.430950643030009,14.438647778430273,0.6208023043545763,13.430950643030009,0.5,12
76,13.430950643030009,14.44983859368047,0.7303834142019175,13.430950643030009,0.5,12
77,13.430950643030009,14.50534839181794,0.7600067850529175,13.430950643030009,0.5,12
78,13.430950643030009,14.407112397248646,0.7756451444168132,13.430950643030009,0.5,12
79,13.430950643030009,14.343574041695106,0.6925836402532494,13.430950643030009,0.5,12
80,13.430950643030009,14.358548809567454,0.6880984917729999,13.430950643030009,0.5,12
81,13.430950643030009,14.385917556381157,0.6781717718465817,13.430950643030009,0.5,12
82,13.303329637837292,14.257777791973911,0.6654785803252583,13.303329637837292,0.5,12
83,13.303329637837292,14.302689151618688,0.6549554638308818,13.303329637837292,0.5,12
84,13.256465996625053,14.301002376325757,0.7469891108978535,13.256465996625053,0.5,12
85,13.303329637837292,14.380623544016421,0.7965206572567801,13.256465996625053,0.5,12
86,13.303329637837292,14.314411952492343,0.757194221823437,13.256465996625053,0.5,12
87,13.303329637837292,14.258710522087895,0.8381966330087356,13.256465996625053,0.5,12
88,13.303329637837292,14.093602875379696,0.7143369201475356,13.256465996625053,0.5,12
89,13.303329637837292,14.075184377832826,0.6389626304786389,13.256465996625053,0.5,12
90,13.303329637837292,14.107505894853247,0.6597709368009494,13.256465996625053,0.5,12
91,13.303329637837292,14.134588649320555,0.6463551042095653,13.256465996625053,0.5,12
92,13.303329637837292,14.022199699430011,0.5324372194653453,13.256465996625053,0.5,12
93,13.260681686165901,14.095207522801646,0.6584356471667874,13.256465996625053,0.5,12
94,13.260681686165901,14.131980145726718,0.6578542287897637,13.256465996625053,0.5,12
95,13.260681686165901,14.138047354960634,0.6724456364401019,13.256465996625053,0.5,12
96,13.292838827718413,14.157680027585998,0.6237496555125174,13.256465996625053,0.5,12
97,13.268438714135812,14.18455546274297,0.7097883519031923,13.256465996625053,0.5,12
98,13.268438714135812,14.164335344277083,0.8013675648991659,13.256465996625053,0.5,12
99,13.292838827718413,14.25159652676728,0.8564245783216038,13.256465996625053,0.5,12
100,13.129705854077836,14.083244631364629,0.6051678232970717,13.129705854077836,0.5,12
0,19.213552872566005,20.667876540655733,0.766343662918514,19.213552872566005,0.5,13
1,16.78262224629348,20.16793228228443,0.8694644009425502,16.78262224629348,0.5,13
2,16.429705854077834,19.593064194111207,1.0889527007869992,16.429705854077834,0.5,13
3,15.962098312457286,18.94164656237895,1.2023901985396874,15.962098312457286,0.5,13
4,15.962098312457286,18.22174264007972,1.2726687717563139,15.962098312457286,0.5,13
5,15.951803788283282,17.70193377293577,1.1537513365267769,15.951803788283282,0.5,13
6,15.700000000000001,17.121228170232104,0.8079429095678332,15.700000000000001,0.5,13
7,15.700000000000001,16.76941707007551,0.6753905414514207,15.700000000000001,0.5,13
8,15.700000000000001,16.612573365741586,0.5760503298127427,15.700000000000001,0.5,13
9,15.700000000000001,16.46328725334601,0.5120482439878177,15.700000000000001,0.5,13
10,15.66693988153255,16.316689372962784,0.4283957794833282,15.66693988153255,0.5,13
11,14.991454509095757,16.249092351838105,0.5546285883502434,14.991454509095757,0.5,13
12,14.991454509095757,16.201645230934197,0.5835660290133371,14.991454509095757,0.5,13
13,14.991454509095757,16.043401500774575,0.5285622846348931,14.991454509095757,0.5,13
14,14.991454509095757,15.993591840370998,0.5305428672560287,14.991454509095757,0.5,13
15,14.991454509095757,15.939808035489012,0.5436521775734368,14.991454509095757,0.5,13
16,15.067366884975474,15.937078131449086,0.6329343789159656,14.991454509095757,0.5,13
17,14.877193921634788,15.831561141775579,0.6299784815272476,14.877193921634788,0.5,13
18,14.877193921634788,15.729590227991366,0.5780288800652709,14.877193921634788,0.5,13
19,14.877193921634788,15.634641000385644,0.47669090233376377,14.877193921634788,0.5,13
20,14.877193921634788,15.627175525778323,0.4672469160186319,14.877193921634788,0.5,13
21,14.806750598570128,15.646947004114933,0.5466138308744863,14.806750598570128,0.5,13
22,14.687119154832537,15.669917961844817,0.5436830972740144,14.687119154832537,0.5,13
23,14.687119154832537,15.627417693834321,0.6202675033727859,14.687119154832537,0.5,13
24,14.555430508634199,15.505838666459029,0.4671912281803371,14.555430508634199,0.5,13
25,14.555430508634199,15.50683866541256,0.6133934721924028,14.555430508634199,0.5,13
26,14.555430508634199,15.338343532992331,0.493519571633903,14.555430508634199,0.5,13
27,14.555430508634199,15.237628370171326,0.36214246070204875,14.555430508634199,0.5,13
28,14.555430508634199,15.287510084134293,0.5262366437641911,14.555430508634199,0.5,13
29,14.589459064299284,15.256532292376514,0.4621886797656909,14.555430508634199,0.5,13
30,13.43469899493758,15.210349731651457,0.4700146218006886,13.43469899493758,0.5,13
31,13.43469899493758,15.115275983241553,0.5453453724506417,13.43469899493758,0.5,13
32,13.43469899493758,15.18081112111954,0.7594028383986384,13.43469899493758,0.5,13
33,13.43469899493758,15.184510050689594,0.734103764309612,13.43469899493758,0.5,13
34,13.622611077089287,15.118844520606569,0.807705445570331,13.43469899493758,0.5,13
35,13.622611077089287,15.098226121695301,0.6969889585155093,13.43469899493758,0.5,13
36,13.396662954709576,14.925334999057043,0.5739015391666021,13.396662954709576,0.5,13
37,13.396662954709576,14.887528940895233,0.6821163915942247,13.396662954709576,0.5,13
38,13.396662954709576,14.813629488667015,0.8548218290596872,13.396662954709576,0.5,13
39,13.396662954709576,14.814666827213502,0.8700686728997238,13.396662954709576,0.5,13
40,13.268438714135812,14.676315915991456,0.8178489828940407,13.268438714135812,0.5,13
41,13.268438714135812,14.562979777094501,0.8233204525084068,13.268438714135812,0.5,13
42,13.268438714135812,14.462848471120545,0.6741387819976309,13.268438714135812,0.5,13
43,13.268438714135812,14.458143712152774,0.7422659806981052,13.268438714135812,0.5,13
44,13.23622914957372,14.293604771525517,0.6305760198740761,13.23622914957372,0.5,13
45,13.23622914957372,14.237597099657663,0.6297061750758182,13.23622914957372,0.5,13
46,13.23622914957372,14.339297539872138,0.8668338777977136,13.23622914957372,0.5,13
47,13.23622914957372,14.289829014043075,0.7363549944734514,13.23622914957372,0.5,13
48,13.23622914957372,14.307806436802949,0.6748323766123024,13.23622914957372,0.5,13
49,13.23622914957372,14.163024658230478,0.6360070133512167,13.23622914957372,0.5,13
50,13.23622914957372,14.08079656655708,0.631573570968501,13.23622914957372,0.5,13
51,13.193737745050923,14.02623263893279,0.6634207180230363,13.193737745050923,0.5,13
52,13.129705854077836,14.057417124874794,0.7394901919890007,13.129705854077836,0.5,13
53,13.129705854077836,14.066373487550631,0.7628972911135845,13.129705854077836,0.5,13
54,13.129705854077836,14.033096101139577,0.7714243487444834,13.129705854077836,0.5,13
55,13.129705854077836,14.12630781401367,0.8087011860210103,13.129705854077836,0.5,13
56,13.129705854077836,14.093699716403675,0.8964475311200443,13.129705854077836,0.5,13
57,13.129705854077836,13.960359022010142,0.7040577866026932,13.129705854077836,0.5,13
58,13.129705854077836,13.902399067323849,0.776011260531288,13.129705854077836,0.5,13
59,13.129705854077836,13.837146739654626,0.7473575626373837,13.129705854077836,0.5,13
60,13.1,13.818136159974067,0.746459001053272,13.1,0.5,13
61,12.72736184954957,13.759117384009022,0.6965342886025003,12.72736184954957,0.5,13
62,12.72736184954957,13.917104286651021,0.9391164695944509,12.72736184954957,0.5,13
63,12.72736184954957,13.781912551628993,0.7967031979057065,12.72736184954957,0.5,13
64,12.72736184954957,13.677882762692057,0.7347726354236566,12.72736184954957,0.5,13
65,12.72736184954957,13.79687958077368,0.848633655076974,12.72736184954957,0.5,13
66,12.72736184954957,13.724409264843649,0.8450079965026049,12.72736184954957,0.5,13
67,12.72736184954957,13.721008809815382,0.8583238409613382,12.72736184954957,0.5,13
68,12.72736184954957,13.606159660382668,0.7893762573488099,12.72736184954957,0.5,13
69,12.72736184954957,13.508078618668884,0.6774006694763982,12.72736184954957,0.5,13
70,12.72736184954957,13.728236344277208,1.0433730651282709,12.72736184954957,0.5,13
71,12.72736184954957,13.662999396633907,0.9856004960504777,12.72736184954957,0.5,13
72,12.72736184954957,13.862310289119444,1.2041754792713397,12.72736184954957,0.5,13
73,12.72736184954957,13.5803307144105,0.9371307662649777,12.72736184954957,0.5,13
74,12.72736184954957,13.423618142656835,0.7615401623940129,12.72736184954957,0.5,13
75,12.72736184954957,13.438489730044534,0.8100895140903221,12.72736184954957,0.5,13
76,12.72736184954957,13.540682414819038,1.0239000229059263,12.72736184954957,0.5,13
77,12.54833147735479,13.573476561105434,1.0599130594246555,12.54833147735479,0.5,13
78,12.54833147735479,13.532621173657178,1.0301170859725124,12.54833147735479,0.5,13
79,12.54833147735479,13.486813052494737,0.8113251061786534,12.54833147735479,0.5,13
80,12.54833147735479,13.51325977641788,0.6742853714625027,12.54833147735479,0.5,13
81,12.72736184954957,13.637637582816273,0.9417766798841164,12.54833147735479,0.5,13
82,12.72736184954957,13.65097455849712,0.8114375282979789,12.54833147735479,0.5,13
83,12.72736184954957,13.678674973256975,0.7986159686919813,12.54833147735479,0.5,13
84,12.72736184954957,13.561064853204357,0.6450778388770096,12.54833147735479,0.5,13
85,12.72736184954957,13.577153704156396,0.8081200115589734,12.54833147735479,0.5,13
86,12.72736184954957,13.542523762916328,0.6182494236673292,12.54833147735479,0.5,13
87,12.72736184954957,13.656736155927367,0.608319742770642,12.54833147735479,0.5,13
88,12.72736184954957,13.725661225180778,0.9208047189580394,12.54833147735479,0.5,13
89,12.72736184954957,13.606941764188898,0.7416721078437664,12.54833147735479,0.5,13
90,12.72736184954957,13.811921635201315,1.1655865110258088,12.54833147735479,0.5,13
91,12.72736184954957,13.60200425193579,0.933236093390383,12.54833147735479,0.5,13
92,12.72736184954957,13.671885815752267,0.7486153302900312,12.54833147735479,0.5,13
93,12.72736184954957,13.640394365822978,0.6724139958242054,12.54833147735479,0.5,13
94,12.72736184954957,13.718432015129622,0.7982017333841637,12.54833147735479,0.5,13
95,12.72736184954957,13.710430179627735,0.8662310099102535,12.54833147735479,0.5,13
96,12.72736184954957,13.657970330259761,0.8815250833248591,12.54833147735479,0.5,13
97,12.72736184954957,13.711815789287293,0.9961327451378174,12.54833147735479,0.5,13
98,12.72736184954957,13.702244239835805,1.034683177503702,12.54833147735479,0.5,13
99,12.72736184954957,13.56060737321308,0.6696464251215116,12.54833147735479,0.5,13
100,12.72736184954957,13.484792076420376,0.7063928584358347,12.54833147735479,0.5,13
0,18.63907194296653,20.7517973355288,0.8880293284877606,18.63907194296653,0.5,14
1,17.92756668824971,20.299876765033954,0.9615181855499969,17.92756668824971,0.5,14
2,16.83390796058137,19.565823694515966,1.1057205973274233,16.83390796058137,0.5,14
3,16.83390796058137,18.939287117336963,1.0920207024187967,16.83390796058137,0.5,14
4,15.694996871087636,18.246558373704083,1.2485588540171093,15.694996871087636,0.5,14
5,15.141311123146739,17.520551953230715,1.058988651133657,15.141311123146739,0.5,14
6,15.141311123146739,17.047581633309733,0.8040504800568337,15.141311123146739,0.5,14
7,15.141311123146739,16.71494490985718,0.6971089919185357,15.141311123146739,0.5,14
8,15.141311123146739,16.517640898130328,0.7148078078682781,15.141311123146739,0.5,14
9,15.10665927567458,16.224690445567106,0.48033655491117083,15.10665927567458,0.5,14
10,14.887475490101846,16.080181709642858,0.6011722031120176,14.887475490101846,0.5,14
11,14.887475490101846,15.973576731623517,0.5752480637412868,14.887475490101846,0.5,14
12,14.887475490101846,15.899375089093867,0.46522900388367466,14.887475490101846,0.5,14
13,14.781934729198172,15.828920726265215,0.529457528286129,14.781934729198172,0.5,14
14,14.949545416973503,15.740348987191489,0.5061821383156956,14.781934729198172,0.5,14
15,14.625747767665558,15.711003965772617,0.576471137534844,14.625747767665558,0.5,14
16,14.521347195933176,15.624610286632308,0.6259795715023184,14.521347195933176,0.5,14
17,14.521347195933176,15.558122908670969,0.6782807546214319,14.521347195933176,0.5,14
18,14.521347195933176,15.405511435630052,0.5087951712397407,14.521347195933176,0.5,14
19,14.521347195933176,15.420356739548192,0.612638777600248,14.521347195933176,0.5,14
20,14.521347195933176,15.422089486393814,0.6422828081897816,14.521347195933176,0.5,14
21,14.521347195933176,15.372322147194438,0.7251608771027821,14.521347195933176,0.5,14
22,14.521347195933176,15.312544042382818,0.6563472357033225,14.521347195933176,0.5,14
23,14.521347195933176,15.29515809199391,0.7202925809472358,14.521347195933176,0.5,14
24,14.412931993250107,15.261361042848248,0.6815368846484746,14.412931993250107,0.5,14
25,14.412931993250107,15.22270796500908,0.6052036547976095,14.412931993250107,0.5,14
26,14.412931993250107,15.217198225355668,0.583810963425747,14.412931993250107,0.5,14
27,14.412931993250107,15.123104228064784,0.533835044917398,14.412931993250107,0.5,14
28,14.412931993250107,15.130723681648924,0.5485197799524164,14.412931993250107,0.5,14
29,14.117935662402834,15.079744770316118,0.5614768095416829,14.117935662402834,0.5,14
30,14.117935662402834,15.190029854706863,0.6769840630536591,14.117935662402834,0.5,14
31,14.117935662402834,15.122787482176456,0.706038715805141,14.117935662402834,0.5,14
32,14.117935662402834,15.107906073032282,0.6797968242406753,14.117935662402834,0.5,14
33,14.117935662402834,15.032337392365372,0.6677847824876875,14.117935662402834,0.5,14
34,14.117935662402834,14.97055079070319,0.618506887186385,14.117935662402834,0.5,14
35,14.117935662402834,14.88598166513185,0.5552411442439439,14.117935662402834,0.5,14
36,14.117935662402834,14.906153232655818,0.7015532970638736,14.117935662402834,0.5,14
37,14.117935662402834,14.91359879694266,0.7138598931876854,14.117935662402834,0.5,14
38,13.795829710142188,14.858895730414439,0.7145246911957399,13.795829710142188,0.5,14
39,13.795829710142188,14.81723318692756,0.620431197075065,13.795829710142188,0.5,14
40,13.713594362117865,14.916021496126616,0.7376261705298436,13.713594362117865,0.5,14
41,14.121347195933177,14.89789014304488,0.7340013642899513,13.713594362117865,0.5,14
42,14.121347195933177,14.897135124234094,0.770881020036164,13.713594362117865,0.5,14
43,14.121347195933177,14.999517356509907,0.882560942907655,13.713594362117865,0.5,14
44,14.109243436828814,14.996782721204712,0.7946926039237171,13.713594362117865,0.5,14
45,14.039013913315678,14.99304645774783,0.7876541144771404,13.713594362117865,0.5,14
46,13.976819745345026,14.97658438846322,0.8341778401720537,13.713594362117865,0.5,14
47,14.049545416973505,14.71703098013023,0.5120976357015004,13.713594362117865,0.5,14
48,14.049545416973505,14.604636926151425,0.48179340249673425,13.713594362117865,0.5,14
49,14.049545416973505,14.715362271784988,0.6195315802579694,13.713594362117865,0.5,14
50,14.049545416973505,14.661315277580261,0.5394190702136422,13.713594362117865,0.5,14
51,14.049545416973505,14.678692545181526,0.556464255192904,13.713594362117865,0.5,14
52,14.049545416973505,14.893318133070508,0.8590461011279251,13.713594362117865,0.5,14
53,14.049545416973505,14.835346728993182,0.853790960671821,13.713594362117865,0.5,14
54,14.049545416973505,14.73955997361814,0.7996507261168412,13.713594362117865,0.5,14
55,14.049545416973505,14.608834843686093,0.5908472934865406,13.713594362117865,0.5,14
56,13.795829710142188,14.742204904260321,0.7099714768008645,13.713594362117865,0.5,14
57,13.700000000000001,14.644543063858206,0.6595022528086528,13.700000000000001,0.5,14
58,13.700000000000001,14.802747802672092,0.8364362393639949,13.700000000000001,0.5,14
59,13.700000000000001,14.770085714945521,0.7595440581628439,13.700000000000001,0.5,14
60,13.700000000000001,14.717878287611141,0.8805494692951904,13.700000000000001,0.5,14
61,13.700000000000001,14.625093445260225,0.7568242356035262,13.700000000000001,0.5,14
62,13.700000000000001,14.427530854483107,0.5289831107688534,13.700000000000001,0.5,14
63,13.700000000000001,14.496241656244065,0.6378627548706789,13.700000000000001,0.5,14
64,13.700000000000001,14.590607058658197,0.6034300952213919,13.700000000000001,0.5,14
65,13.66468827043885,14.568118544954036,0.6817078160446065,13.66468827043885,0.5,14
66,13.66468827043885,14.456418008246668,0.6241581963994887,13.66468827043885,0.5,14
67,13.66468827043885,14.518072561515373,0.6630978539940398,13.66468827043885,0.5,14
68,13.64355957741627,14.6170613853367,0.6789541162138281,13.64355957741627,0.5,14
69,13.700000000000001,14.741986197579866,0.8028152758679404,13.64355957741627,0.5,14
70,13.700000000000001,14.633539170376592,0.7857875250947265,13.64355957741627,0.5,14
71,13.700000000000001,14.558380274907455,0.6493475337018934,13.64355957741627,0.5,14
72,13.63469899493758,14.572843149885971,0.765678815653241,13.63469899493758,0.5,14
73,13.63469899493758,14.461727901924252,0.6028743004497428,13.63469899493758,0.5,14
74,13.700000000000001,14.450215920180225,0.712280647747542,13.63469899493758,0.5,14
75,13.700000000000001,14.481696983438406,0.6507578373608458,13.63469899493758,0.5,14
76,13.700000000000001,14.379061562121267,0.5540629311975502,13.63469899493758,0.5,14
77,13.700000000000001,14.45304481036202,0.6304586162113306,13.63469899493758,0.5,14
78,13.411871208194288,14.414412788360476,0.6359855306595449,13.411871208194288,0.5,14
79,13.579075450674063,14.493408057853747,0.6119622381568978,13.411871208194288,0.5,14
80,13.579075450674063,14.36450697074527,0.49997013087967157,13.411871208194288,0.5,14
81,13.579075450674063,14.365197238695623,0.5167040812456742,13.411871208194288,0.5,14
82,13.579075450674063,14.357753150830652,0.6615261931938163,13.411871208194288,0.5,14
83,13.579075450674063,14.243252061138408,0.5413484600632613,13.411871208194288,0.5,14
84,13.493468988235943,14.232424293544591,0.5054282806427818,13.411871208194288,0.5,14
85,13.493468988235943,14.20693679012623,0.6134227693462108,13.411871208194288,0.5,14
86,13.493468988235943,14.129179318965123,0.40137593118906095,13.411871208194288,0.5,14
87,13.493468988235943,14.37104913906622,0.6284487343360894,13.411871208194288,0.5,14
88,13.493468988235943,14.47936892951151,0.7316212085820123,13.411871208194288,0.5,14
89,13.493468988235943,14.48034447299674,0.7548076824156436,13.411871208194288,0.5,14
90,13.493468988235943,14.368706115814103,0.7006294923326989,13.411871208194288,0.5,14
91,13.493468988235943,14.372576143978163,0.8194407295043651,13.411871208194288,0.5,14
92,13.493468988235943,14.34521946373052,0.7340951225915788,13.411871208194288,0.5,14
93,13.493468988235943,14.353764336052672,0.7304458719560176,13.411871208194288,0.5,14
94,13.493468988235943,14.385560500481528,0.7546481921711033,13.411871208194288,0.5,14
95,13.493468988235943,14.351075142070501,0.6817406206556722,13.411871208194288,0.5,14
96,13.493468988235943,14.46037567254708,0.7398535061482752,13.411871208194288,0.5,14
97,13.579075450674063,14.359995848249678,0.5502453347358854,13.411871208194288,0.5,14
98,13.579075450674063,14.515365440805699,0.6732759249551945,13.411871208194288,0.5,14
99,13.411871208194288,14.485705550696618,0.6885032130362994,13.411871208194288,0.5,14
100,13.411871208194288,14.587988395179545,0.7767810355352235,13.411871208194288,0.5,14
0,17.956465996625056,20.459048580783836,1.0617213711123994,17.956465996625056,0.5,15
1,16.274868417407582,19.942948964768224,1.2643626729441722,16.274868417407582,0.5,15
2,15.670459909270544,19.045194537096553,1.2865367125622016,15.670459909270544,0.5,15
3,15.173320053068151,18.325443942080486,1.426103797255674,15.173320053068151,0.5,15
4,15.427566688249707,17.488066385953058,1.2682152773593969,15.173320053068151,0.5,15
5,15.427566688249707,16.888017407159097,1.0220979407307393,15.173320053068151,0.5,15
6,15.3,16.47564688535332,0.7124703223338202,15.173320053068151,0.5,15
7,15.173320053068151,16.250470137289497,0.6761517913105461,15.173320053068151,0.5,15
8,14.992838827718412,16.00007941850314,0.5672867659961498,14.992838827718412,0.5,15
9,14.563818169698585,15.806038655083062,0.6173569769172316,14.563818169698585,0.5,15
10,14.563818169698585,15.636169434217885,0.6499591306366005,14.563818169698585,0.5,15
11,14.563818169698585,15.565801238092192,0.6924452972574425,14.563818169698585,0.5,15
12,14.521347195933176,15.431527699159021,0.5378911878799268,14.521347195933176,0.5,15
13,14.521347195933176,15.266919478697252,0.4855509959745242,14.521347195933176,0.5,15
14,14.555592347112503,15.308759917955653,0.5677355232843319,14.521347195933176,0.5,15
15,14.555592347112503,15.234955813607966,0.5513599288408666,14.521347195933176,0.5,15
16,14.449137674618944,15.220445337723879,0.6798933727976815,14.449137674618944,0.5,15
17,14.470540018881465,15.164599374544034,0.5840077365739638,14.449137674618944,0.5,15
18,14.457066051117286,14.95930787843941,0.35967473240855274,14.449137674618944,0.5,15
19,14.457066051117286,14.960610368690016,0.37890281664348957,14.449137674618944,0.5,15
20,14.030727575266251,14.98979806809465,0.5480759602212482,14.030727575266251,0.5,15
21,14.030727575266251,14.97341201791637,0.6399636012694212,14.030727575266251,0.5,15
22,14.030727575266251,14.7967669054084,0.49150477731490716,14.030727575266251,0.5,15
23,14.02710574513201,14.761582161448327,0.5655334359512553,14.02710574513201,0.5,15
24,14.02710574513201,14.730688251549052,0.523991540086008,14.02710574513201,0.5,15
25,13.447213595499958,14.735285121179453,0.6237620724611421,13.447213595499958,0.5,15
26,13.447213595499958,14.615462491588824,0.6097907257611552,13.447213595499958,0.5,15
27,13.447213595499958,14.657006858577901,0.6956878762314124,13.447213595499958,0.5,15
28,13.447213595499958,14.544650994370675,0.740170204619199,13.447213595499958,0.5,15
29,13.316227766016837,14.478664245962106,0.7945352123688437,13.316227766016837,0.5,15
30,13.316227766016837,14.436185898041252,0.7608986784874344,13.316227766016837,0.5,15
31,13.316227766016837,14.259621975086047,0.7154795371051684,13.316227766016837,0.5,15
32,13.316227766016837,14.114191164631432,0.5575179508786334,13.316227766016837,0.5,15
33,13.316227766016837,14.071996826672352,0.5148769138802023,13.316227766016837,0.5,15
34,13.447213595499958,14.11873474181498,0.5362798687389092,13.316227766016837,0.5,15
35,13.447213595499958,14.227539057198692,0.713059715186778,13.316227766016837,0.5,15
36,13.316227766016837,14.247288070809597,0.6711912710345164,13.316227766016837,0.5,15
37,13.316227766016837,14.241328966645362,0.7804729492429703,13.316227766016837,0.5,15
38,13.447213595499958,14.20239705906975,0.47281141143663924,13.316227766016837,0.5,15
39,13.447213595499958,14.11678187663935,0.5207363747878303,13.316227766016837,0.5,15
40,13.447213595499958,14.2643967282983,0.7488879389121326,13.316227766016837,0.5,15
41,13.378232998312527,14.110865871720584,0.6765707269255926,13.316227766016837,0.5,15
42,13.378232998312527,14.03303173948099,0.5801135865578689,13.316227766016837,0.5,15
43,13.378232998312527,13.97743528129299,0.47231407816370796,13.316227766016837,0.5,15
44,13.378232998312527,14.00406515511636,0.5871511961781474,13.316227766016837,0.5,15
45,13.274165738677395,14.003307666562536,0.618187037153342,13.274165738677395,0.5,15
46,13.274165738677395,14.028370762707118,0.6109933737995838,13.274165738677395,0.5,15
47,13.274165738677395,14.093687690595612,0.6709287317774274,13.274165738677395,0.5,15
48,13.274165738677395,14.13239046741345,0.7866433070493617,13.274165738677395,0.5,15
49,13.274165738677395,14.12353669323762,0.6141007152287239,13.274165738677395,0.5,15
50,13.274165738677395,14.066215177147246,0.6138595656492125,13.274165738677395,0.5,15
51,13.274165738677395,14.021006946193868,0.6431376114658874,13.274165738677395,0.5,15
52,13.274165738677395,14.000013590982228,0.6382754876161846,13.274165738677395,0.5,15
53,13.316227766016837,14.018232735586093,0.5883238253122252,13.274165738677395,0.5,15
54,13.316227766016837,13.925609159565608,0.522001879754341,13.274165738677395,0.5,15
55,13.260232526704263,13.838308206444717,0.440595269141881,13.260232526704263,0.5,15
56,12.889897948556635,13.7534528206355,0.48461330909322275,12.889897948556635,0.5,15
57,12.889897948556635,13.814724165012448,0.6838057352338239,12.889897948556635,0.5,15
58,13.127361849549569,13.742085397865658,0.5743904675330059,12.889897948556635,0.5,15
59,13.127361849549569,13.768677807370354,0.57705814470362,12.889897948556635,0.5,15
60,13.127361849549569,13.784047540709869,0.6117671760377177,12.889897948556635,0.5,15
61,12.948331477354788,13.884206745064684,0.6575051493279432,12.889897948556635,0.5,15
62,12.948331477354788,13.832236374544609,0.5382813531229617,12.889897948556635,0.5,15
63,13.012403840463595,13.782996663873014,0.4708756091702502,12.889897948556635,0.5,15
64,13.012403840463595,13.741447685558375,0.44537916444595604,12.889897948556635,0.5,15
65,13.012403840463595,13.695089909359126,0.46968211845537816,12.889897948556635,0.5,15
66,13.012403840463595,13.799244833613571,0.5868567554889527,12.889897948556635,0.5,15
67,13.012403840463595,13.749348870495965,0.6198634819223481,12.889897948556635,0.5,15
68,13.0,13.753557731912002,0.590618957978147,12.889897948556635,0.5,15
69,13.0,13.856460420964725,0.7099231600405732,12.889897948556635,0.5,15
70,13.0,13.819812589234278,0.688606570009665,12.889897948556635,0.5,15
71,13.0,13.730163298603227,0.5415809939220587,12.889897948556635,0.5,15
72,12.878232998312527,13.769989493319503,0.6040207307156423,12.878232998312527,0.5,15
73,13.0,13.716569555747048,0.4724668557844338,12.878232998312527,0.5,15
74,13.0,13.683754220929922,0.4172915959256784,12.878232998312527,0.5,15
75,13.0,13.77726924273747,0.5919749821537348,12.878232998312527,0.5,15
76,13.0,13.76814746471822,0.4496570918015606,12.878232998312527,0.5,15
77,13.0,13.829638444001375,0.5001270872463905,12.878232998312527,0.5,15
78,13.0,13.767947403901676,0.474943308242585,12.878232998312527,0.5,15
79,13.0,13.800456478895535,0.5795248862475406,12.878232998312527,0.5,15
80,13.0,13.65517217942074,0.43207436879477334,12.878232998312527,0.5,15
81,13.0,13.762449203615033,0.5893896875560174,12.878232998312527,0.5,15
82,13.0,13.789344859327805,0.5557810114347257,12.878232998312527,0.5,15
83,13.0,13.774757839518228,0.5894481735518038,12.878232998312527,0.5,15
84,13.0,13.830079678099754,0.6811823033859944,12.878232998312527,0.5,15
85,13.0,13.885725212293371,0.6878176333992452,12.878232998312527,0.5,15
86,13.0,13.914524499582853,0.6720471778491394,12.878232998312527,0.5,15
87,13.0,13.828484984272873,0.6493998549995411,12.878232998312527,0.5,15
88,13.0,13.783304942113348,0.5874939913018298,12.878232998312527,0.5,15
89,13.0,13.775766724855895,0.5475316514454591,12.878232998312527,0.5,15
90,13.0,13.676151674578687,0.5092861946772211,12.878232998312527,0.5,15
91,13.0,13.706918938659099,0.5417715803026375,12.878232998312527,0.5,15
92,13.0,13.699519256058439,0.5477856375809305,12.878232998312527,0.5,15
93,13.0,13.654719667799771,0.5709525296414425,12.878232998312527,0.5,15
94,13.0,13.73923557804668,0.663706325955853,12.878232998312527,0.5,15
95,13.0,13.736410578916622,0.5242757321063506,12.878232998312527,0.5,15
96,13.0,13.7142183947376,0.5554372206749764,12.878232998312527,0.5,15
97,13.0,13.74819097758913,0.6089238781946477,12.878232998312527,0.5,15
98,13.0,13.753039558492624,0.6497608118609196,12.878232998312527,0.5,15
99,12.948331477354788,13.747175040984922,0.5856812741395613,12.878232998312527,0.5,15
100,13.0,13.811090031240873,0.6078553023431582,12.878232998312527,0.5,15
0,18.56953597148327,20.81176126688105,1.0713763361704063,18.56953597148327,0.5,16
1,15.966533331199933,19.989535907625676,1.1280268968574072,15.966533331199933,0.5,16
2,15.894182110716777,19.41994851490639,1.3874716058992784,15.894182110716777,0.5,16
3,15.521347195933176,18.544900570933613,1.3906396914297252,15.521347195933176,0.5,16
4,15.305167809266791,17.616241670260766,1.3063036581987384,15.305167809266791,0.5,16
5,15.305167809266791,16.88848153256544,0.9817680070520887,15.305167809266791,0.5,16
6,14.95472369909914,16.50630467241193,0.8997698045267389,14.95472369909914,0.5,16
7,15.021347195933176,16.18733592618222,0.7982188511350788,14.95472369909914,0.5,16
8,15.021347195933176,15.891559403794458,0.6580163390897732,14.95472369909914,0.5,16
9,14.85808937493144,15.73563234999623,0.6195182616887319,14.85808937493144,0.5,16
10,14.85808937493144,15.641343054648075,0.6304172429194226,14.85808937493144,0.5,16
11,14.857066051117284,15.550555955840514,0.4389705800885926,14.857066051117284,0.5,16
12,14.857066051117284,15.479359064090335,0.4960139617393018,14.857066051117284,0.5,16
13,14.557641145488901,15.452448990750707,0.539503456347079,14.557641145488901,0.5,16
14,14.159126028197399,15.413024843202868,0.566663615550284,14.159126028197399,0.5,16
15,14.159126028197399,15.313121195090305,0.4727513908136286,14.159126028197399,0.5,16
16,14.159126028197399,15.299765755716365,0.46900859179039667,14.159126028197399,0.5,16
17,14.0,15.23522801798978,0.5740583899260401,14.0,0.5,16
18,14.0,15.197650724384257,0.5873912876507857,14.0,0.5,16
19,14.0,15.154273589115755,0.6304450097294405,14.0,0.5,16
20,14.0,15.032256529832328,0.6522057830859523,14.0,0.5,16
21,14.0,15.015152868055331,0.7294818527378202,14.0,0.5,16
22,13.991153452528778,14.844634992137035,0.6860066666496938,13.991153452528778,0.5,16
23,13.9,14.789434294911045,0.7087682387234775,13.9,0.5,16
24,13.9,14.851324105887745,0.6987795760095478,13.9,0.5,16
25,13.991153452528778,14.828223067830715,0.6734985829885538,13.9,0.5,16
26,13.920465053408524,14.825692613288465,0.7876524721046597,13.9,0.5,16
27,14.0,14.729970752393267,0.6924444881469435,13.9,0.5,16
28,14.0,14.83057572071456,0.8379878121834156,13.9,0.5,16
29,14.0,14.65373071033044,0.7369822849045241,13.9,0.5,16
30,13.760232526704263,14.601332798558472,0.7797586632238059,13.760232526704263,0.5,16
31,13.760232526704263,14.658236697869974,0.7677190274971993,13.760232526704263,0.5,16
32,13.760232526704263,14.50991310263102,0.6153416043461597,13.760232526704263,0.5,16
33,13.48309518948453,14.464085270444789,0.5851990878145217,13.48309518948453,0.5,16
34,13.48309518948453,14.386116107715194,0.497624574333354,13.48309518948453,0.5,16
35,13.48309518948453,14.51047715674454,0.6715838339288562,13.48309518948453,0.5,16
36,13.48309518948453,14.362168618591536,0.7032562075287795,13.48309518948453,0.5,16
37,13.48309518948453,14.313460859342545,0.6025924923142352,13.48309518948453,0.5,16
38,13.48309518948453,14.380540760309431,0.668322215832573,13.48309518948453,0.5,16
39,13.48309518948453,14.35892850527786,0.8315833583742495,13.48309518948453,0.5,16
40,13.48309518948453,14.365786964019032,0.7115491780020805,13.48309518948453,0.5,16
41,13.48309518948453,14.28417183317242,0.6718483051694123,13.48309518948453,0.5,16
42,13.48309518948453,14.223547570894626,0.5944031780242054,13.48309518948453,0.5,16
43,13.48309518948453,14.271001467971073,0.5838316943348197,13.48309518948453,0.5,16
44,13.48309518948453,14.268050695812406,0.5480675828012949,13.48309518948453,0.5,16
45,13.48309518948453,14.335802626040486,0.6039151649950384,13.48309518948453,0.5,16
46,13.48309518948453,14.285642376067855,0.7830151681042562,13.48309518948453,0.5,16
47,13.48309518948453,14.30024008237417,0.7978841056590029,13.48309518948453,0.5,16
48,13.48309518948453,14.25375379104955,0.686122581493248,13.48309518948453,0.5,16
49,13.444948974278317,14.123938182670202,0.5554622547997692,13.444948974278317,0.5,16
50,13.444948974278317,14.232922283592949,0.7697695246250905,13.444948974278317,0.5,16
51,13.444948974278317,14.323761058398379,0.7427507468451342,13.444948974278317,0.5,16
52,13.444948974278317,14.315383047512022,0.5910117162163402,13.444948974278317,0.5,16
53,13.444948974278317,14.352162862523445,0.7691359930499525,13.444948974278317,0.5,16
54,13.444948974278317,14.277069625277491,0.6253622763180406,13.444948974278317,0.5,16
55,13.444948974278317,14.32052375971407,0.7650378950609903,13.444948974278317,0.5,16
56,13.444948974278317,14.254883928277842,0.7024608813438714,13.444948974278317,0.5,16
57,13.444948974278317,14.217998738303924,0.7556182479725573,13.444948974278317,0.5,16
58,13.444948974278317,14.27879482981456,0.9196603300822466,13.444948974278317,0.5,16
59,13.444948974278317,14.169691639951902,0.7453487279412064,13.444948974278317,0.5,16
60,13.444948974278317,14.143729547558411,0.7885422294193365,13.444948974278317,0.5,16
61,13.444948974278317,14.112323905211435,0.7468629183970769,13.444948974278317,0.5,16
62,13.444948974278317,14.215903751097796,0.7558895023652973,13.444948974278317,0.5,16
63,13.444948974278317,14.143283459388247,0.69211782867235,13.444948974278317,0.5,16
64,13.444948974278317,14.199762613285971,0.71951966036022,13.444948974278317,0.5,16
65,13.444948974278317,14.213858842087854,0.7213829539807991,13.444948974278317,0.5,16
66,13.444948974278317,14.068824893919041,0.5098658076704516,13.444948974278317,0.5,16
67,13.444948974278317,14.139010646337866,0.7087430679903562,13.444948974278317,0.5,16
68,13.444948974278317,14.357245803034665,0.8795605551132305,13.444948974278317,0.5,16
69,13.444948974278317,14.205831138401658,0.6243713786882535,13.444948974278317,0.5,16
70,13.444948974278317,14.268020782228964,0.7331886895698123,13.444948974278317,0.5,16
71,13.444948974278317,14.370533490225514,0.7849695384637057,13.444948974278317,0.5,16
72,13.299999999999999,14.326002696253624,0.7661561596973758,13.299999999999999,0.5,16
73,13.299999999999999,14.339558955519419,0.7855903310153896,13.299999999999999,0.5,16
74,13.299999999999999,14.224011996754177,0.7132531069068886,13.299999999999999,0.5,16
75,13.257583690279022,14.300312475099748,0.8583362125233268,13.257583690279022,0.5,16
76,13.257583690279022,14.323696557228534,0.7946497743926277,13.257583690279022,0.5,16
77,13.257583690279022,14.208619868925803,0.7620917207148444,13.257583690279022,0.5,16
78,13.257583690279022,14.064113013015758,0.7198883034297892,13.257583690279022,0.5,16
79,13.257583690279022,14.083042749163706,0.7786970075224009,13.257583690279022,0.5,16
80,13.257583690279022,14.053218513286675,0.7944566570625633,13.257583690279022,0.5,16
81,13.257583690279022,13.930106357028885,0.6513334454467244,13.257583690279022,0.5,16
82,13.257583690279022,13.96237489923106,0.7498123654902186,13.257583690279022,0.5,16
83,13.257583690279022,13.928156891175613,0.7446561114025524,13.257583690279022,0.5,16
84,13.257583690279022,13.884253497501522,0.6346480362931872,13.257583690279022,0.5,16
85,13.257583690279022,13.948676301867732,0.7376072906950704,13.257583690279022,0.5,16
86,13.254723699099141,13.973363161727713,0.657895544425865,13.254723699099141,0.5,16
87,13.127361849549569,13.880397811063714,0.5678441132005649,13.127361849549569,0.5,16
88,13.127361849549569,13.851170370009244,0.6554372097397234,13.127361849549569,0.5,16
89,13.14355957741627,13.86247841717059,0.6424262013796388,13.127361849549569,0.5,16
90,13.14355957741627,13.897571029303519,0.6651261176066514,13.127361849549569,0.5,16
91,13.14355957741627,13.756823609418609,0.5482841547643724,13.127361849549569,0.5,16
92,13.135270009440731,13.82977984030235,0.642519830987794,13.127361849549569,0.5,16
93,13.135270009440731,13.935874022724033,0.7057560887149459,13.127361849549569,0.5,16
94,13.135270009440731,13.836918970879665,0.7034507695524982,13.127361849549569,0.5,16
95,13.135270009440731,13.744343481534813,0.6143161250253879,13.127361849549569,0.5,16
96,13.135270009440731,13.902445454384525,0.8791439876129594,13.127361849549569,0.5,16
97,13.135270009440731,13.749107136215537,0.6663383123755974,13.127361849549569,0.5,16
98,13.114642819948225,13.73323364135114,0.6536022798474029,13.114642819948225,0.5,16
99,13.055294535724686,13.70050178165476,0.639743226684472,13.055294535724686,0.5,16
100,13.055294535724686,13.750058149134075,0.7403203396021895,13.055294535724686,0.5,16
0,18.707106781186546,20.8612165507941,0.9768393140406155,18.707106781186546,0.5,17
1,16.230839160261237,20.117075734596607,1.2485320682273944,16.230839160261237,0.5,17
2,16.042810150121692,19.37695705597926,1.5195192644618198,16.042810150121692,0.5,17
3,15.74037034920393,18.37494750582596,1.4944324425943298,15.74037034920393,0.5,17
4,15.281534080237808,17.731870232279682,1.3813647217820677,15.281534080237808,0.5,17
5,15.281534080237808,17.123453766640804,1.0929379277467057,15.281534080237808,0.5,17
6,15.182461550347975,16.52643412837188,0.786937853698105,15.182461550347975,0.5,17
7,15.025657829663178,16.237913425899098,0.659037360148402,15.025657829663178,0.5,17
8,15.025657829663178,16.097573809987452,0.6208345872076683,15.025657829663178,0.5,17
9,15.025657829663178,15.981961994189465,0.5943627714525104,15.025657829663178,0.5,17
10,15.025657829663178,15.907889587152088,0.6509500315197301,15.025657829663178,0.5,17
11,14.754723699099141,15.652295964823855,0.627583055640764,14.754723699099141,0.5,17
12,14.483294573433785,15.444974526407526,0.5131317564122695,14.483294573433785,0.5,17
13,14.754723699099141,15.38744053211155,0.4990398706034118,14.483294573433785,0.5,17
14,14.754723699099141,15.294585626840078,0.4422378894749968,14.483294573433785,0.5,17
15,14.633030277982337,15.303851917009958,0.5384780421367779,14.483294573433785,0.5,17
16,14.302172886644268,15.150134913103363,0.6029333759258935,14.302172886644268,0.5,17
17,13.719090595827293,15.082918700163646,0.5813148720619536,13.719090595827293,0.5,17
18,13.719090595827293,15.063571701089131,0.7362201257172378,13.719090595827293,0.5,17
19,13.719090595827293,14.908010093481954,0.6510962055108783,13.719090595827293,0.5,17
20,13.719090595827293,14.78687806075535,0.5926033230043232,13.719090595827293,0.5,17
21,13.719090595827293,14.796753691085275,0.6860046524688076,13.719090595827293,0.5,17
22,13.719090595827293,14.726502670711364,0.6583286853946937,13.719090595827293,0.5,17
23,13.70332963783729,14.66250610548944,0.700153266330293,13.70332963783729,0.5,17
24,13.70332963783729,14.586252711351628,0.7088578264343997,13.70332963783729,0.5,17
25,13.70332963783729,14.42137941447562,0.6065838412506624,13.70332963783729,0.5,17
26,13.555294535724686,14.24643828784753,0.5585279816982759,13.555294535724686,0.5,17
27,13.549193338482967,14.202235897158758,0.5514051577445994,13.549193338482967,0.5,17
28,13.549193338482967,14.197753114009181,0.48604336828352374,13.549193338482967,0.5,17
29,13.612403840463596,14.219339632655435,0.685632499302813,13.549193338482967,0.5,17
30,13.505547008526777,14.221867559187341,0.6976151078335577,13.505547008526777,0.5,17
31,13.505547008526777,14.341034064486209,0.8650440194833677,13.505547008526777,0.5,17
32,13.505547008526777,14.17775275869676,0.640838897449379,13.505547008526777,0.5,17
33,13.505547008526777,14.094435980650484,0.6034524430753871,13.505547008526777,0.5,17
34,13.505547008526777,14.17085036061753,0.6978303283602642,13.505547008526777,0.5,17
35,13.505547008526777,14.179095408137087,0.7765164215676363,13.505547008526777,0.5,17
36,13.341640786499873,14.133059773276445,0.7453846454111598,13.341640786499873,0.5,17
37,13.341640786499873,14.078464177198914,0.656211482050884,13.341640786499873,0.5,17
38,13.277032961426901,14.028928889730519,0.5602836619289376,13.277032961426901,0.5,17
39,13.341640786499873,13.951138743095646,0.5694314259793861,13.277032961426901,0.5,17
40,13.341640786499873,14.012464507295462,0.5470758504709906,13.277032961426901,0.5,17
41,13.341640786499873,14.056525619686552,0.67779834737152,13.277032961426901,0.5,17
42,13.316515138991168,14.026185260825141,0.7259981047674189,13.277032961426901,0.5,17
43,13.095445115010332,13.982090940788256,0.5807305304012561,13.095445115010332,0.5,17
44,13.095445115010332,13.933590355352115,0.6834012337370544,13.095445115010332,0.5,17
45,13.316515138991168,13.941956855042388,0.6232724877329016,13.095445115010332,0.5,17
46,13.316515138991168,13.920109749972362,0.5978386350808963,13.095445115010332,0.5,17
47,13.316515138991168,13.961327526964237,0.6367227144580999,13.095445115010332,0.5,17
48,13.316515138991168,14.081145801198417,0.7353735119984328,13.095445115010332,0.5,17
49,13.316515138991168,13.930277130622592,0.749991702885009,13.095445115010332,0.5,17
50,13.316515138991168,13.961737830798297,0.7643259102454582,13.095445115010332,0.5,17
51,13.277032961426901,14.004485188165459,0.7732858397120801,13.095445115010332,0.5,17
52,13.277032961426901,14.057702224224158,0.8728240813251729,13.095445115010332,0.5,17
53,13.274596669241483,14.135338292393099,0.7532627399249786,13.095445115010332,0.5,17
54,13.274596669241483,14.136651036888487,0.7906463719813227,13.095445115010332,0.5,17
55,13.274596669241483,14.017382116995034,0.6403012049027528,13.095445115010332,0.5,17
56,13.274596669241483,14.164915149446445,0.8145895200701803,13.095445115010332,0.5,17
57,13.277032961426901,14.176843695627078,0.7900178513661149,13.095445115010332,0.5,17
58,13.277032961426901,14.178129788712221,0.8217697290714789,13.095445115010332,0.5,17
59,13.277032961426901,14.131514478198845,0.8173316513991726,13.095445115010332,0.5,17
60,13.277032961426901,14.13924459774813,0.740953760092641,13.095445115010332,0.5,17
61,13.277032961426901,14.161725824161506,0.8195363452121462,13.095445115010332,0.5,17
62,13.277032961426901,14.174959266374024,0.7198689295179073,13.095445115010332,0.5,17
63,13.277032961426901,14.06631144437669,0.6925960729182649,13.095445115010332,0.5,17
64,13.277032961426901,14.034680273298541,0.7076243613925768,13.095445115010332,0.5,17
65,13.277032961426901,14.126509198718146,0.73866088216387,13.095445115010332,0.5,17
66,13.277032961426901,14.04694122358276,0.6817244240276672,13.095445115010332,0.5,17
67,13.071779788708135,14.126168495001211,0.6954204626585997,13.071779788708135,0.5,17
68,13.071779788708135,13.96583010546502,0.5147271031582206,13.071779788708135,0.5,17
69,13.071779788708135,13.943427968553046,0.6136633028843504,13.071779788708135,0.5,17
70,13.071779788708135,13.930065763843134,0.7262209990327009,13.071779788708135,0.5,17
71,13.071779788708135,13.842245274086297,0.6057976797463569,13.071779788708135,0.5,17
72,13.071779788708135,13.793054342548576,0.629300420913718,13.071779788708135,0.5,17
73,13.071779788708135,13.879147273953961,0.7325545457474353,13.071779788708135,0.5,17
74,13.069535971483266,13.859035555667162,0.681637912108517,13.069535971483266,0.5,17
75,13.071779788708135,13.944560843758762,0.8254858997258827,13.069535971483266,0.5,17
76,12.889897948556635,13.828397361118986,0.794698481488471,12.889897948556635,0.5,17
77,12.889897948556635,13.831727575717206,0.7646625080110242,12.889897948556635,0.5,17
78,12.889897948556635,13.766482068263292,0.6753017614983153,12.889897948556635,0.5,17
79,12.889897948556635,13.87536545935748,0.8295102494391198,12.889897948556635,0.5,17
80,12.889897948556635,13.861408321848609,0.8315342399712483,12.889897948556635,0.5,17
81,12.889897948556635,13.794204936909303,0.6331445528077059,12.889897948556635,0.5,17
82,12.889897948556635,13.69269325248711,0.5245963136917267,12.889897948556635,0.5,17
83,12.889897948556635,13.756550502331471,0.6436906165216756,12.889897948556635,0.5,17
84,12.889897948556635,13.6688771928092,0.5325352233351323,12.889897948556635,0.5,17
85,12.889897948556635,13.699737513507385,0.5807479978222384,12.889897948556635,0.5,17
86,12.889897948556635,13.73752322567575,0.6840629891990502,12.889897948556635,0.5,17
87,12.889897948556635,13.828021545908733,0.7314727178835745,12.889897948556635,0.5,17
88,12.889897948556635,13.834932815313742,0.7745790206679676,12.889897948556635,0.5,17
89,12.889897948556635,13.957911030116314,0.9232799442078834,12.889897948556635,0.5,17
90,12.889897948556635,13.932861921045975,0.9316407082525533,12.889897948556635,0.5,17
91,12.889897948556635,13.880340981937572,0.950706093442407,12.889897948556635,0.5,17
92,12.889897948556635,13.774621760519041,0.7101846620144542,12.889897948556635,0.5,17
93,12.889897948556635,13.777151667325501,0.7151232410795922,12.889897948556635,0.5,17
94,12.889897948556635,13.716195152228222,0.7174693312308561,12.889897948556635,0.5,17
95,12.889897948556635,13.574776215484485,0.6331026814498492,12.889897948556635,0.5,17
96,12.889897948556635,13.67793764948515,0.6207751802247217,12.889897948556635,0.5,17
97,12.889897948556635,13.758747294594114,0.9282451718594116,12.889897948556635,0.5,17
98,12.889897948556635,13.734133833394779,0.8002716366853108,12.889897948556635,0.5,17
99,12.889897948556635,13.763100339049547,0.8482032414414933,12.889897948556635,0.5,17
100,12.889897948556635,13.654429574052896,0.6866479570687319,12.889897948556635,0.5,17
0,19.054065922853802,20.779145338897557,0.93260523997829,19.054065922853802,0.5,18
1,15.786342439892262,20.237162094911973,1.1612482124417907,15.786342439892262,0.5,18
2,15.786342439892262,19.712900576905092,1.2421192318461813,15.786342439892262,0.5,18
3,15.742640687119284,19.103687845348944,1.406607078230885,15.742640687119284,0.5,18
4,15.674021572639983,18.369643878472246,1.5413118761328959,15.674021572639983,0.5,18
5,15.674021572639983,17.86442587217151,1.49860141596151,15.674021572639983,0.5,18
6,15.674021572639983,17.223383621807706,1.0654718915587638,15.674021572639983,0.5,18
7,15.556349099818895,16.735511845537953,0.7413234027438952,15.556349099818895,0.5,18
8,15.556349099818895,16.469767540454953,0.503634842604969,15.556349099818895,0.5,18
9,15.280697580112786,16.29358849986801,0.4485116254299048,15.280697580112786,0.5,18
10,15.280697580112786,16.242735765306506,0.3588864004398714,15.280697580112786,0.5,18
11,15.280697580112786,16.103742798990314,0.380927086028647,15.280697580112786,0.5,18
12,14.68910462845192,15.956344461380304,0.4091495917231317,14.68910462845192,0.5,18
13,14.68910462845192,15.769528056573934,0.4412384157805619,14.68910462845192,0.5,18
14,14.68910462845192,15.700025636327318,0.5389738324808618,14.68910462845192,0.5,18
15,14.536664289109584,15.507252438775202,0.4791750693037611,14.536664289109584,0.5,18
16,14.536664289109584,15.439912028486008,0.5478982943234275,14.536664289109584,0.5,18
17,14.516620625799671,15.39822683837205,0.6271811171195807,14.516620625799671,0.5,18
18,14.516620625799671,15.2616633696503,0.5741577902604875,14.516620625799671,0.5,18
19,14.516620625799671,15.095803006326818,0.5141361131659612,14.516620625799671,0.5,18
20,14.516620625799671,15.088926567555609,0.49338808654029404,14.516620625799671,0.5,18
21,14.196150997149434,15.019846075582404,0.42573849404846686,14.196150997149434,0.5,18
22,14.196150997149434,14.914062217497886,0.38748163346828296,14.196150997149434,0.5,18
23,13.845906043549196,14.92695925124055,0.5228473461201432,13.845906043549196,0.5,18
24,13.845906043549196,14.983199502730171,0.5699240808134828,13.845906043549196,0.5,18
25,13.764688270438851,14.899188556313101,0.5072653056166243,13.764688270438851,0.5,18
26,13.764688270438851,14.872432500658945,0.5382192684826459,13.764688270438851,0.5,18
27,13.764688270438851,14.747912469458129,0.5739365785874476,13.764688270438851,0.5,18
28,13.764688270438851,14.616692050789982,0.5557932588696518,13.764688270438851,0.5,18
29,13.73072757526625,14.563982866086398,0.6331105124068411,13.73072757526625,0.5,18
30,13.73072757526625,14.540198654335004,0.6225332934975095,13.73072757526625,0.5,18
31,13.73072757526625,14.522811051426896,0.6767108288086875,13.73072757526625,0.5,18
32,13.700000000000001,14.426962971660886,0.6706354399762636,13.700000000000001,0.5,18
33,13.700000000000001,14.412012734333308,0.6986193599248809,13.700000000000001,0.5,18
34,13.239071942966532,14.390893253057184,0.6870958368208752,13.239071942966532,0.5,18
35,13.636664289109586,14.374033042176482,0.6999623650909635,13.239071942966532,0.5,18
36,13.636664289109586,14.44479032745184,0.6748429788451042,13.239071942966532,0.5,18
37,13.377902338672774,14.351117669152291,0.6456156670334713,13.239071942966532,0.5,18
38,13.377902338672774,14.313245996878818,0.6316202054257345,13.239071942966532,0.5,18
39,13.377902338672774,14.252339913242459,0.45670334290286496,13.239071942966532,0.5,18
40,13.489979919597747,14.28465536622098,0.5104400240823064,13.239071942966532,0.5,18
41,13.489979919597747,14.310248787065957,0.5980660423093692,13.239071942966532,0.5,18
42,13.489979919597747,14.302135944493116,0.5591606748335396,13.239071942966532,0.5,18
43,13.489979919597747,14.33409401056718,0.6874813243669797,13.239071942966532,0.5,18
44,13.489979919597747,14.264899796413722,0.6369574372861686,13.239071942966532,0.5,18
45,13.489979919597747,14.22001776558669,0.6199017150170191,13.239071942966532,0.5,18
46,13.489979919597747,14.302582958840164,0.6512621158335355,13.239071942966532,0.5,18
47,13.3,14.215375109544516,0.6184601970530625,13.239071942966532,0.5,18
48,13.3,14.22041725630069,0.71770040751732,13.239071942966532,0.5,18
49,13.3,14.18928107589562,0.6895824226738198,13.239071942966532,0.5,18
50,13.3,14.32416417333032,0.6957258598675734,13.239071942966532,0.5,18
51,13.3,14.138574109430005,0.6023502560179409,13.239071942966532,0.5,18
52,13.3,14.142124020821987,0.6305422695343589,13.239071942966532,0.5,18
53,13.453720459187963,14.218771494178887,0.6993452616523805,13.239071942966532,0.5,18
54,13.377902338672774,14.100486352383761,0.6327230380540291,13.239071942966532,0.5,18
55,13.377902338672774,14.113505453708896,0.6515888357683295,13.239071942966532,0.5,18
56,13.377902338672774,14.064929693055817,0.6905626350898921,13.239071942966532,0.5,18
57,13.377902338672774,14.08292120266754,0.6340079290382222,13.239071942966532,0.5,18
58,13.4,13.957895394578511,0.5799374754146492,13.239071942966532,0.5,18
59,13.268438714135812,13.925297720507194,0.5080112690851022,13.239071942966532,0.5,18
60,13.268438714135812,13.927750699395435,0.5230129647657185,13.239071942966532,0.5,18
61,13.268438714135812,13.956301943640156,0.683449982464252,13.239071942966532,0.5,18
62,13.268438714135812,13.995444177199806,0.6591597282242401,13.239071942966532,0.5,18
63,13.268438714135812,13.963169441693093,0.5842182325463705,13.239071942966532,0.5,18
64,13.268438714135812,13.920197780247737,0.5133526830573529,13.239071942966532,0.5,18
65,13.268438714135812,13.987540372610331,0.596885847661101,13.239071942966532,0.5,18
66,13.260681686165901,14.03253317122352,0.681237992291074,13.239071942966532,0.5,18
67,13.260681686165901,14.102361588537217,0.7794514889862155,13.239071942966532,0.5,18
68,13.033907960581372,13.987834590207328,0.6484906750308489,13.033907960581372,0.5,18
69,13.162049935181331,13.95614976797669,0.7109082286562773,13.033907960581372,0.5,18
70,13.255294535724685,13.996564735715895,0.7022231465362853,13.033907960581372,0.5,18
71,13.255294535724685,13.910320282681335,0.7110770125605053,13.033907960581372,0.5,18
72,13.255294535724685,13.767577835249831,0.5377098415510129,13.033907960581372,0.5,18
73,13.081138830084189,13.838823850869105,0.6438890283330345,13.033907960581372,0.5,18
74,13.081138830084189,13.938134381921257,0.6677736603818141,13.033907960581372,0.5,18
75,13.254723699099141,13.929364895072355,0.5549625095573053,13.033907960581372,0.5,18
76,13.254723699099141,13.97036650394636,0.6419894696502241,13.033907960581372,0.5,18
77,12.991153452528778,13.756326889467498,0.49615871131823436,12.991153452528778,0.5,18
78,12.896662954709576,13.677332717273943,0.45351792207824126,12.896662954709576,0.5,18
79,12.896662954709576,13.671590991766942,0.6015502816868133,12.896662954709576,0.5,18
80,12.896662954709576,13.795564332721558,0.7753895973407748,12.896662954709576,0.5,18
81,12.896662954709576,13.808273311899857,0.6332226986354671,12.896662954709576,0.5,18
82,12.914213562373096,13.908124984559153,0.7579103473643272,12.896662954709576,0.5,18
83,13.033907960581372,14.013697292825345,0.8248520597167999,12.896662954709576,0.5,18
84,13.033907960581372,14.151758578050895,0.8288727342366218,12.896662954709576,0.5,18
85,13.033907960581372,14.091830259452342,0.711570443531517,12.896662954709576,0.5,18
86,13.033907960581372,14.13156957896137,0.7356832402409823,12.896662954709576,0.5,18
87,13.033907960581372,14.230067197176295,0.7597991727833379,12.896662954709576,0.5,18
88,13.033907960581372,14.051835268654681,0.607793654383893,12.896662954709576,0.5,18
89,13.033907960581372,14.067386975693491,0.5731865127605005,12.896662954709576,0.5,18
90,13.033907960581372,14.071152535635635,0.6272255499684313,12.896662954709576,0.5,18
91,12.896662954709576,14.083210467731314,0.7232166384696627,12.896662954709576,0.5,18
92,12.896662954709576,13.96402775175768,0.6433193314493177,12.896662954709576,0.5,18
93,12.896662954709576,14.092692289068268,0.7489278576769851,12.896662954709576,0.5,18
94,12.896662954709576,14.042379112322458,0.7568914138468811,12.896662954709576,0.5,18
95,12.896662954709576,13.969750689457662,0.6995696701580966,12.896662954709576,0.5,18
96,12.896662954709576,13.880247559525358,0.7606318942000178,12.896662954709576,0.5,18
97,12.896662954709576,13.914802513690907,0.7937088099989204,12.896662954709576,0.5,18
98,12.896662954709576,14.03513989315504,0.8311589198109066,12.896662954709576,0.5,18
99,12.896662954709576,14.077537980021015,0.83178425695286,12.896662954709576,0.5,18
100,12.896662954709576,14.018944187288852,0.7656990678863695,12.896662954709576,0.5,18
0,18.088409872672514,20.807122971631955,1.1527297153042988,18.088409872672514,0.5,19
1,17.07790233867277,20.159619564723144,1.4347218966770448,17.07790233867277,0.5,19
2,16.841428291206626,19.441367129982126,1.3617751397693703,16.841428291206626,0.5,19
3,16.623243291566194,18.888358492749227,1.2855309489324156,16.623243291566194,0.5,19
4,16.162277660168378,18.141078327511693,1.103627168706695,16.162277660168378,0.5,19
5,15.516620625799671,17.46620013763366,0.8419754616485565,15.516620625799671,0.5,19
6,15.615587038162705,17.11270159646633,0.7657332170307577,15.516620625799671,0.5,19
7,15.516620625799671,16.86631740910334,0.7986224594581982,15.516620625799671,0.5,19
8,15.16227766016838,16.551086051771364,0.7529927773066692,15.16227766016838,0.5,19
9,15.16227766016838,16.26946166684041,0.6579277889288716,15.16227766016838,0.5,19
10,15.016620625799671,16.058950967216322,0.5604992151127721,15.016620625799671,0.5,19
11,14.449545416973503,15.863276318447095,0.5998930360474772,14.449545416973503,0.5,19
12,14.449545416973503,15.681055147899878,0.6603934300866585,14.449545416973503,0.5,19
13,14.449545416973503,15.59794779128435,0.5931236331218933,14.449545416973503,0.5,19
14,14.261706725018236,15.47575582218489,0.5623885528677015,14.261706725018236,0.5,19
15,14.261706725018236,15.436918416898873,0.6194769251846693,14.261706725018236,0.5,19
16,14.41916017074176,15.329693566935855,0.522347693121181,14.261706725018236,0.5,19
17,14.299999999999999,15.187560118924793,0.4726018938476386,14.261706725018236,0.5,19
18,14.299999999999999,15.178436214880914,0.5231788097731268,14.261706725018236,0.5,19
19,14.299999999999999,15.183426268800861,0.4814618958026191,14.261706725018236,0.5,19
20,14.299999999999999,15.120676719772794,0.5527825760964888,14.261706725018236,0.5,19
21,14.234387974463898,15.041840802003072,0.5636533126937749,14.234387974463898,0.5,19
22,14.234387974463898,14.982985593454853,0.6213477340428115,14.234387974463898,0.5,19
23,14.234387974463898,14.965365052105835,0.580820546231395,14.234387974463898,0.5,19
24,14.234387974463898,14.958772285349557,0.472228531283073,14.234387974463898,0.5,19
25,14.234387974463898,14.939531146753072,0.4481749872996676,14.234387974463898,0.5,19
26,14.234387974463898,14.88730780126624,0.4701249763214864,14.234387974463898,0.5,19
27,14.13469899493758,14.90858878937081,0.5276094584485719,14.13469899493758,0.5,19
28,14.13469899493758,14.818237201872453,0.49120754452538457,14.13469899493758,0.5,19
29,14.117935662402834,14.881669449782024,0.5324878646442155,14.117935662402834,0.5,19
30,14.13469899493758,14.92453759047222,0.6270968238011422,14.117935662402834,0.5,19
31,14.13469899493758,14.798096591898807,0.5578733764085366,14.117935662402834,0.5,19
32,14.079075450674063,14.830196791109984,0.6045119113307817,14.079075450674063,0.5,19
33,14.115167380558045,14.79862030717481,0.5390893281212293,14.079075450674063,0.5,19
34,14.137715508089904,14.766258769979856,0.5537535147140547,14.079075450674063,0.5,19
35,14.117935662402834,14.806189262764237,0.6520732936455319,14.079075450674063,0.5,19
36,13.904540768504859,14.747187751567235,0.6420161037180687,13.904540768504859,0.5,19
37,13.88494332412792,14.663909912154018,0.5437198281045714,13.88494332412792,0.5,19
38,13.927566688249707,14.65583293415851,0.4771436498367985,13.88494332412792,0.5,19
39,13.927566688249707,14.644535843491196,0.5069412128898616,13.88494332412792,0.5,19
40,13.927566688249707,14.67158201954539,0.5365936859601628,13.88494332412792,0.5,19
41,13.927566688249707,14.732930897484964,0.5439988363414452,13.88494332412792,0.5,19
42,13.961324772583616,14.7293786991195,0.5784678737550982,13.88494332412792,0.5,19
43,13.961324772583616,14.620047647258932,0.5202801789898452,13.88494332412792,0.5,19
44,13.937715508089905,14.58533415562397,0.5769043548947651,13.88494332412792,0.5,19
45,13.937715508089905,14.507591623796282,0.5112442285882528,13.88494332412792,0.5,19
46,13.68997487421324,14.567486482506833,0.5893425358515906,13.68997487421324,0.5,19
47,13.635270009440731,14.48948237156461,0.6416675081649349,13.635270009440731,0.5,19
48,13.635270009440731,14.421846108399068,0.5478802748357208,13.635270009440731,0.5,19
49,13.635270009440731,14.406311161195875,0.5214237705378194,13.635270009440731,0.5,19
50,13.635270009440731,14.490113629470981,0.6122605453891735,13.635270009440731,0.5,19
51,13.32828568570857,14.38402487992128,0.5442287560165692,13.32828568570857,0.5,19
52,13.635270009440731,14.42927231115731,0.6285708632074046,13.32828568570857,0.5,19
53,13.456465996625052,14.300715427923269,0.5614062054262531,13.32828568570857,0.5,19
54,13.456465996625052,14.250487854077715,0.5075580988815129,13.32828568570857,0.5,19
55,13.456465996625052,14.230184510945364,0.4728985646206599,13.32828568570857,0.5,19
56,13.456465996625052,14.280718425482354,0.6264022155451447,13.32828568570857,0.5,19
57,13.467707825203131,14.198413608261836,0.4818247902768715,13.32828568570857,0.5,19
58,13.292838827718413,14.125966469835832,0.5625059207740373,13.292838827718413,0.5,19
59,13.119803902718557,14.318412627283749,0.7321651255732153,13.119803902718557,0.5,19
60,13.119803902718557,14.375407804876625,0.7534111099622507,13.119803902718557,0.5,19
61,13.119803902718557,14.201351023391645,0.6524127124688036,13.119803902718557,0.5,19
62,13.119803902718557,14.186626221380305,0.6768728901194457,13.119803902718557,0.5,19
63,13.292838827718413,14.118268526988688,0.5937143283347609,13.119803902718557,0.5,19
64,13.292838827718413,14.137891411964986,0.726811414574413,13.119803902718557,0.5,19
65,13.292838827718413,13.985460650654632,0.5224951563797182,13.119803902718557,0.5,19
66,13.140175425099137,13.894183547870965,0.46884255943955216,13.119803902718557,0.5,19
67,13.140967364599087,14.07306848587358,0.6915360594590368,13.119803902718557,0.5,19
68,13.2295630140987,13.875166878902576,0.6556805521465152,13.119803902718557,0.5,19
69,13.2295630140987,13.77399726278008,0.5359546706687266,13.119803902718557,0.5,19
70,13.140175425099137,13.687481908152435,0.4971136136538101,13.119803902718557,0.5,19
71,12.960232526704262,13.723951491949895,0.5843143593741482,12.960232526704262,0.5,19
72,12.960232526704262,13.734614968376311,0.628920688364824,12.960232526704262,0.5,19
73,13.179795897113271,13.984935719564454,0.7557918441331606,12.960232526704262,0.5,19
74,12.774596669241483,13.902759811945057,0.7170644455848434,12.774596669241483,0.5,19
75,12.72736184954957,13.82529511156882,0.6562729149268589,12.72736184954957,0.5,19
76,12.72736184954957,13.848253887767159,0.6656844044022165,12.72736184954957,0.5,19
77,12.72736184954957,13.847312768414765,0.6679315334025556,12.72736184954957,0.5,19
78,12.72736184954957,13.761138295989692,0.5469268327032281,12.72736184954957,0.5,19
79,12.72736184954957,13.740724263087632,0.6165429789435353,12.72736184954957,0.5,19
80,12.72736184954957,13.69653738829699,0.5418228879466572,12.72736184954957,0.5,19
81,12.72736184954957,13.675342569551683,0.6174377242237623,12.72736184954957,0.5,19
82,12.707106781186548,13.628231588440524,0.6104795600018049,12.707106781186548,0.5,19
83,12.557583690279023,13.584137305068136,0.6367073966127416,12.557583690279023,0.5,19
84,12.707106781186548,13.587953544038806,0.6332490177952259,12.557583690279023,0.5,19
85,12.707106781186548,13.601202413224154,0.7308313720593987,12.557583690279023,0.5,19
86,12.707106781186548,13.532012849416057,0.7233749754523923,12.557583690279023,0.5,19
87,12.707106781186548,13.532109974584426,0.7469046339866404,12.557583690279023,0.5,19
88,12.595445115010332,13.428943607229437,0.5283756791205102,12.557583690279023,0.5,19
89,12.516515138991167,13.507200657158592,0.6465511306058593,12.516515138991167,0.5,19
90,12.595445115010332,13.398062313179905,0.5277562158492255,12.516515138991167,0.5,19
91,12.595445115010332,13.336947185946253,0.540685337655605,12.516515138991167,0.5,19
92,12.595445115010332,13.377422235755327,0.5086372169089629,12.516515138991167,0.5,19
93,12.595445115010332,13.476873398658892,0.6640937737230512,12.516515138991167,0.5,19
94,12.595445115010332,13.40210015913878,0.6378627605822489,12.516515138991167,0.5,19
95,12.595445115010332,13.5038718662264,0.7660703354535204,12.516515138991167,0.5,19
96,12.595445115010332,13.323467589759936,0.6368118208612064,12.516515138991167,0.5,19
97,12.68309518948453,13.433687561943072,0.7130933570797168,12.516515138991167,0.5,19
98,12.68309518948453,13.424962517375118,0.8282545437429014,12.516515138991167,0.5,19
99,12.68309518948453,13.526446181400015,0.7316869739076238,12.516515138991167,0.5,19
100,12.68309518948453,13.490393046935498,0.6953563681727455,12.516515138991167,0.5,19
0,17.474165738677396,20.758123839122426,1.1328248737931492,17.474165738677396,0.5,20
1,17.474165738677396,20.158494020599825,1.28817499508662,17.474165738677396,0.5,20
2,16.683266665599966,19.51667095970809,1.2590544145241067,16.683266665599966,0.5,20
3,16.556349099818895,18.87651640697193,1.3551687179283387,16.556349099818895,0.5,20
4,15.846998799039039,18.108931063995087,1.429943923734141,15.846998799039039,0.5,20
5,14.708607914449798,17.52216412505702,1.3192746376982023,14.708607914449798,0.5,20
6,14.859411708155672,16.93144431185244,1.054469582221105,14.708607914449798,0.5,20
7,14.859411708155672,16.600884085462365,0.8389669310600834,14.708607914449798,0.5,20
8,14.693325909419151,16.36378279792172,0.8052827574355184,14.693325909419151,0.5,20
9,14.431300056749532,16.085973359318274,0.8483714286636465,14.431300056749532,0.5,20
10,14.431300056749532,15.928625388568035,0.9393734965493884,14.431300056749532,0.5,20
11,14.431300056749532,15.672644872095631,0.7730567766634682,14.431300056749532,0.5,20
12,14.097999199359359,15.40386191166685,0.6778150075566034,14.097999199359359,0.5,20
13,14.034387974463899,15.347873313236157,0.6437531979965415,14.034387974463899,0.5,20
14,14.034387974463899,15.246274291322791,0.6066409017957839,14.034387974463899,0.5,20
15,14.034387974463899,15.212913521315677,0.645384523772016,14.034387974463899,0.5,20
16,14.034387974463899,15.157919932373863,0.616650483209505,14.034387974463899,0.5,20
17,14.20185121722126,15.095943806451471,0.5732995082543273,14.034387974463899,0.5,20
18,14.20185121722126,15.05259546680819,0.5921421118575056,14.034387974463899,0.5,20
19,14.20185121722126,15.09419418660578,0.5917382271741249,14.034387974463899,0.5,20
20,14.20185121722126,15.131326250032364,0.5985566869606523,14.034387974463899,0.5,20
21,14.20185121722126,15.055878671752943,0.6011389038643531,14.034387974463899,0.5,20
22,14.20185121722126,15.01144363261136,0.6277801263543794,14.034387974463899,0.5,20
23,13.981742422927145,15.028095774008621,0.654764610000997,13.981742422927145,0.5,20
24,13.981742422927145,14.920809675307307,0.5377285490993173,13.981742422927145,0.5,20
25,13.981742422927145,14.802171790423508,0.4561077381126582,13.981742422927145,0.5,20
26,13.97484176581315,14.891781058435422,0.6283910468481355,13.97484176581315,0.5,20
27,13.981742422927145,14.788451490409246,0.5008032790275556,13.97484176581315,0.5,20
28,13.761706725018236,14.935026922107733,0.6098859000578151,13.761706725018236,0.5,20
29,13.774887385102321,14.814452519080014,0.6395827184208628,13.761706725018236,0.5,20
30,13.481488772222677,14.783677232467323,0.6855574169785582,13.481488772222677,0.5,20
31,13.481488772222677,14.711660833704652,0.6361836890087902,13.481488772222677,0.5,20
32,13.481488772222677,14.600462164621922,0.6032523805987275,13.481488772222677,0.5,20
33,13.481488772222677,14.429456006189664,0.5771919294135939,13.481488772222677,0.5,20
34,13.481488772222677,14.368786674838375,0.5472241531764797,13.481488772222677,0.5,20
35,13.268438714135812,14.38046305763657,0.5588905110866145,13.268438714135812,0.5,20
36,13.193737745050923,14.314591821909511,0.6040316106298805,13.193737745050923,0.5,20
37,13.268438714135812,14.293221784149006,0.5946912229843874,13.193737745050923,0.5,20
38,13.268438714135812,14.281878866236049,0.6358996941242251,13.193737745050923,0.5,20
39,13.268438714135812,14.268244143766479,0.6292467046926765,13.193737745050923,0.5,20
40,13.193737745050923,14.249360690194868,0.6305487799820036,13.193737745050923,0.5,20
41,13.193737745050923,14.307701392893463,0.7244161625864879,13.193737745050923,0.5,20
42,13.43469899493758,14.277212520597775,0.7325319111491035,13.193737745050923,0.5,20
43,13.43469899493758,14.376244874510885,0.7065237447652197,13.193737745050923,0.5,20
44,13.43469899493758,14.246676906078292,0.5152878841850261,13.193737745050923,0.5,20
45,13.43469899493758,14.252255655906668,0.5294519302790387,13.193737745050923,0.5,20
46,13.193737745050923,14.232226162831207,0.5945836744274422,13.193737745050923,0.5,20
47,13.193737745050923,14.254624508316754,0.6348070706642742,13.193737745050923,0.5,20
48,13.193737745050923,14.364738711034121,0.6210554474394058,13.193737745050923,0.5,20
49,13.258317958127243,14.380913442800304,0.6240339365209363,13.193737745050923,0.5,20
50,13.258317958127243,14.534766609206349,0.8392360316189158,13.193737745050923,0.5,20
51,13.258317958127243,14.436414581928794,0.7790784924579798,13.193737745050923,0.5,20
52,13.258317958127243,14.304261641395952,0.6094726214787379,13.193737745050923,0.5,20
53,13.258317958127243,14.271592815034332,0.6539002661984517,13.193737745050923,0.5,20
54,13.258317958127243,14.171349840171233,0.5651329835461594,13.193737745050923,0.5,20
55,13.258317958127243,14.249817479848534,0.6700924106227443,13.193737745050923,0.5,20
56,13.258317958127243,14.210552357820625,0.6696315083208029,13.193737745050923,0.5,20
57,13.258317958127243,14.212921503887808,0.6179498713738635,13.193737745050923,0.5,20
58,13.258317958127243,14.254962942212178,0.7747900298746041,13.193737745050923,0.5,20
59,13.258317958127243,14.292046084085284,0.8192323600189254,13.193737745050923,0.5,20
60,13.258317958127243,14.208679271560914,0.7226084419811534,13.193737745050923,0.5,20
61,13.258317958127243,14.06116772216212,0.584441201498887,13.193737745050923,0.5,20
62,13.258317958127243,14.017134269465185,0.6793555446357402,13.193737745050923,0.5,20
63,12.991153452528778,13.975955071727702,0.5902311699042033,12.991153452528778,0.5,20
64,12.991153452528778,13.87764759102059,0.4767563021528018,12.991153452528778,0.5,20
65,13.258317958127243,13.989074010030725,0.46060533859081204,12.991153452528778,0.5,20
66,13.258317958127243,14.01848882813723,0.47646710430565314,12.991153452528778,0.5,20
67,13.08494332412792,14.07651513786675,0.5310868548802885,12.991153452528778,0.5,20
68,13.08494332412792,13.98828878633908,0.5447804892761526,12.991153452528778,0.5,20
69,13.258317958127243,13.921472613462903,0.4949307808268407,12.991153452528778,0.5,20
70,13.258317958127243,14.034560773898342,0.6142883936505472,12.991153452528778,0.5,20
71,13.258317958127243,13.939827297048044,0.5243190559030186,12.991153452528778,0.5,20
72,13.258317958127243,13.902923867436375,0.4589466345884797,12.991153452528778,0.5,20
73,13.258317958127243,13.902908103333823,0.5959942125562017,12.991153452528778,0.5,20
74,13.16468827043885,13.946348646586868,0.6404586400577678,12.991153452528778,0.5,20
75,12.927566688249707,13.91412691949558,0.6854109542345477,12.927566688249707,0.5,20
76,13.114642819948225,13.876881936296495,0.6617069591953618,12.927566688249707,0.5,20
77,13.114642819948225,13.779607515717096,0.5147265623244432,12.927566688249707,0.5,20
78,13.16468827043885,13.797511052593011,0.41976495032163,12.927566688249707,0.5,20
79,12.927566688249707,13.925229249345325,0.47783879419020264,12.927566688249707,0.5,20
80,12.927566688249707,13.957658961236033,0.48416815872533375,12.927566688249707,0.5,20
81,12.927566688249707,14.03519864766852,0.6090820912707218,12.927566688249707,0.5,20
82,12.927566688249707,14.097372067621382,0.7146059813656166,12.927566688249707,0.5,20
83,12.927566688249707,14.16460757185712,0.8047785723840492,12.927566688249707,0.5,20
84,12.927566688249707,14.012794343180774,0.810837204150729,12.927566688249707,0.5,20
85,12.927566688249707,13.961010884388905,0.7120983939099108,12.927566688249707,0.5,20
86,12.927566688249707,13.922144507152234,0.6278925111504564,12.927566688249707,0.5,20
87,12.788854381999831,13.889181790495872,0.7068335178365599,12.788854381999831,0.5,20
88,12.788854381999831,13.790568753310625,0.6522539100350204,12.788854381999831,0.5,20
89,12.927566688249707,13.791271762021205,0.6813634887246227,12.788854381999831,0.5,20
90,12.927566688249707,13.769789968269816,0.7194071268404355,12.788854381999831,0.5,20
91,12.927566688249707,13.75385246256573,0.6967476290954524,12.788854381999831,0.5,20
92,12.927566688249707,13.714901111382803,0.6490275939843853,12.788854381999831,0.5,20
93,13.007130750570548,13.76668840426399,0.7386406860630927,12.788854381999831,0.5,20
94,12.836229149573722,13.616962135818014,0.6353638770918392,12.788854381999831,0.5,20
95,12.836229149573722,13.645033356937958,0.6735641812560547,12.788854381999831,0.5,20
96,12.836229149573722,13.696590394594352,0.7465896730039054,12.788854381999831,0.5,20
97,12.961324772583616,13.764807772514912,0.6856844857529114,12.788854381999831,0.5,20
98,12.788854381999831,13.79698670893059,0.7799643341723711,12.788854381999831,0.5,20
99,12.788854381999831,13.721287493209138,0.8565121042463792,12.788854381999831,0.5,20
100,12.669693845669906,13.59280051453896,0.7666454009058414,12.669693845669906,0.5,20
0,18.264911064067352,20.937769816093414,1.0462262376376323,18.264911064067352,0.5,21
1,18.264911064067352,20.584714961690487,1.186424704232406,18.264911064067352,0.5,21
2,15.172458299147443,19.810169163361884,1.2461040548387137,15.172458299147443,0.5,21
3,15.172458299147443,19.00467714148501,1.4627430018044754,15.172458299147443,0.5,21
4,15.555430508634199,18.313766277077963,1.5399339488717698,15.172458299147443,0.5,21
5,15.172458299147443,17.343788105999415,1.423891161811244,15.172458299147443,0.5,21
6,14.756809750418045,16.854832558347407,1.1574248754986542,14.756809750418045,0.5,21
7,14.742787793912433,16.19925930545036,0.8972700082806767,14.742787793912433,0.5,21
8,14.742787793912433,16.066510244259884,0.8322111676476096,14.742787793912433,0.5,21
9,14.742787793912433,15.764144299282279,0.6748665287671116,14.742787793912433,0.5,21
10,14.742787793912433,15.604087351509072,0.6194990259907704,14.742787793912433,0.5,21
11,14.621347195933177,15.510486401555598,0.6976008785317276,14.621347195933177,0.5,21
12,14.456141357987224,15.267052481568516,0.565217766819017,14.456141357987224,0.5,21
13,14.437715508089905,15.12269167787921,0.5203698782216797,14.437715508089905,0.5,21
14,13.857066051117284,15.086162164472542,0.6733909997622054,13.857066051117284,0.5,21
15,13.295829710142188,15.042390456162607,0.7807444179696386,13.295829710142188,0.5,21
16,13.857066051117284,15.01963278823215,0.8616278303624811,13.295829710142188,0.5,21
17,13.857066051117284,14.83058948851962,0.6661225383825989,13.295829710142188,0.5,21
18,13.780697580112786,14.781958252258548,0.6419137040705692,13.295829710142188,0.5,21
19,13.515167380558044,14.723203688865834,0.519597793048086,13.295829710142188,0.5,21
20,13.780697580112786,14.71637503369261,0.6691413593175628,13.295829710142188,0.5,21
21,13.780697580112786,14.7679830881135,0.847464474841587,13.295829710142188,0.5,21
22,13.780697580112786,14.77946552558532,0.8667359106922508,13.295829710142188,0.5,21
23,13.38910462845192,14.834241565537882,0.9318131718677848,13.295829710142188,0.5,21
24,13.38910462845192,14.739807253708063,0.924682768850265,13.295829710142188,0.5,21
25,13.38910462845192,14.677820049035263,0.9536098826973162,13.295829710142188,0.5,21
26,13.38910462845192,14.814715391188326,1.070292525445557,13.295829710142188,0.5,21
27,13.38910462845192,14.719491484466516,1.0546127162017986,13.295829710142188,0.5,21
28,13.38910462845192,14.603990200743926,1.042407581442952,13.295829710142188,0.5,21
29,13.38910462845192,14.395269362103038,0.7469376099837275,13.295829710142188,0.5,21
30,13.35870331449229,14.546757853658516,0.9082415798786745,13.295829710142188,0.5,21
31,12.7131126469709,14.423946086430371,0.8042225020209381,12.7131126469709,0.5,21
32,12.7131126469709,14.41153313850732,0.8441714185599328,12.7131126469709,0.5,21
33,12.7131126469709,14.30114894812745,0.8536927164840493,12.7131126469709,0.5,21
34,13.073644135332772,14.339428674068285,0.830994099350786,12.7131126469709,0.5,21
35,13.073644135332772,14.202440180390349,0.8885973852888074,12.7131126469709,0.5,21
36,13.073644135332772,14.254660652670387,0.8865778907411038,12.7131126469709,0.5,21
37,13.088409872672514,14.150122012196487,0.9421215852178353,12.7131126469709,0.5,21
38,12.4,14.077959222019885,0.926369023141019,12.4,0.5,21
39,12.4,13.998908307633078,0.8701057857064803,12.4,0.5,21
40,12.4,13.93646496921471,0.6405704806553245,12.4,0.5,21
41,12.4,14.0811190380078,0.9248643398978278,12.4,0.5,21
42,12.4,13.97791539789874,1.0143759983055036,12.4,0.5,21
43,12.4,13.752337467932112,0.8878769876881476,12.4,0.5,21
44,12.4,13.735820782268398,0.8864704948035983,12.4,0.5,21
45,12.4,13.825831116448636,0.9921262311030102,12.4,0.5,21
46,12.4,13.743819503181228,0.9156806080814254,12.4,0.5,21
47,12.478232998312528,13.862211346184436,1.0341390128001149,12.4,0.5,21
48,12.478232998312528,13.85037437519343,0.9732980900404933,12.4,0.5,21
49,12.478232998312528,13.786666812974637,1.0544733213601323,12.4,0.5,21
50,12.478232998312528,13.589761468550261,0.7124712943497734,12.4,0.5,21
51,12.478232998312528,13.832942212183246,0.9874975996424306,12.4,0.5,21
52,12.478232998312528,13.872269203717305,1.1511835117879623,12.4,0.5,21
53,12.478232998312528,13.888174692158842,1.1012641071747151,12.4,0.5,21
54,12.478232998312528,13.615777294735267,0.9559785465047211,12.4,0.5,21
55,12.478232998312528,13.5117964258784,0.9508237704039426,12.4,0.5,21
56,12.478232998312528,13.447258825030804,0.9867462853895569,12.4,0.5,21
57,12.478232998312528,13.539798101259604,1.0232565654532322,12.4,0.5,21
58,12.478232998312528,13.327695703085464,0.7569708003088376,12.4,0.5,21
59,12.478232998312528,13.54576778741424,1.0664845577488287,12.4,0.5,21
60,12.478232998312528,13.68229955612348,1.1404558870339494,12.4,0.5,21
61,12.478232998312528,13.659685365551436,1.0257900489820733,12.4,0.5,21
62,12.478232998312528,13.432408131327225,0.7443329581726797,12.4,0.5,21
63,12.54833147735479,13.52902194332258,0.9483109038097443,12.4,0.5,21
64,12.54833147735479,13.491928596515912,0.9425486018744779,12.4,0.5,21
65,12.54833147735479,13.530631293163475,0.9401296434222256,12.4,0.5,21
66,12.54833147735479,13.515370355570031,0.8206664389478537,12.4,0.5,21
67,12.54833147735479,13.675193325756847,1.058299219647351,12.4,0.5,21
68,12.54833147735479,13.589340760523768,0.7244337531635472,12.4,0.5,21
69,12.6431676725155,13.707695532197567,0.9415001699534251,12.4,0.5,21
70,12.6431676725155,13.68061713805033,0.9097540812990126,12.4,0.5,21
71,12.6431676725155,13.474651337291473,0.7870168760417493,12.4,0.5,21
72,12.54833147735479,13.576353294141793,0.9736547309035862,12.4,0.5,21
73,12.54833147735479,13.560184017164138,1.0126524905538408,12.4,0.5,21
74,12.6431676725155,13.537326873463268,0.9637345202022926,12.4,0.5,21
75,12.6431676725155,13.542759842840486,1.0148195128118518,12.4,0.5,21
76,12.6431676725155,13.626951482533336,1.0172700489276012,12.4,0.5,21
77,12.6431676725155,13.603371400977723,1.0530295708244315,12.4,0.5,21
78,12.6431676725155,13.726264475523545,1.0950488433317729,12.4,0.5,21
79,12.6431676725155,13.686339218156123,1.1426005179238419,12.4,0.5,21
80,12.6431676725155,13.629603693620616,0.9765845553166396,12.4,0.5,21
81,12.6431676725155,13.678312360734093,1.1035853249376855,12.4,0.5,21
82,12.6431676725155,13.630810398822256,0.9613868498975389,12.4,0.5,21
83,12.6431676725155,13.730746904009598,1.0023084191851668,12.4,0.5,21
84,12.6431676725155,13.621059347475017,0.8931386389687941,12.4,0.5,21
85,12.6431676725155,13.574835512896533,0.7060290325421588,12.4,0.5,21
86,12.6431676725155,13.67971784813913,0.8064059117099398,12.4,0.5,21
87,12.6431676725155,13.828880565041851,1.0319767366113213,12.4,0.5,21
88,12.707106781186548,13.685110694798048,0.8767069757258894,12.4,0.5,21
89,12.634846922834953,13.680733855008917,0.869780735947259,12.4,0.5,21
90,12.634846922834953,13.645287623457172,0.6600816628660527,12.4,0.5,21
91,12.634846922834953,13.694371476800136,0.7443611036850861,12.4,0.5,21
92,12.634846922834953,13.819094444692372,0.8011509845023529,12.4,0.5,21
93,12.634846922834953,13.655608902343763,0.667436117071414,12.4,0.5,21
94,12.634846922834953,13.717743452250854,0.8034744188882849,12.4,0.5,21
95,12.634846922834953,13.70913383663349,0.8437512769332254,12.4,0.5,21
96,12.634846922834953,13.77731464633723,1.0085240225346823,12.4,0.5,21
97,12.48309518948453,13.660872078102685,1.0398925948254052,12.4,0.5,21
98,12.48309518948453,13.575931351565185,0.8890385902128026,12.4,0.5,21
99,12.467707825203131,13.613531548679363,1.0132539230480313,12.4,0.5,21
100,12.467707825203131,13.527067774847648,0.8273858526533191,12.4,0.5,21
0,19.372004514666937,20.972572490014144,0.8002547901035331,19.372004514666937,0.5,22
1,16.78433666561813,20.60680714082064,0.8988423057408731,16.78433666561813,0.5,22
2,15.887475490101846,20.038679862000507,1.3162203206542313,15.887475490101846,0.5,22
3,15.887475490101846,19.215107733312717,1.4812937962278865,15.887475490101846,0.5,22
4,15.887475490101846,18.456355839090257,1.3240766495361003,15.887475490101846,0.5,22
5,15.846640106136302,17.78385338175174,1.1890106625633556,15.846640106136302,0.5,22
6,15.584336665618132,17.241727705833686,1.2242970058167695,15.584336665618132,0.5,22
7,15.584336665618132,16.848873028132886,1.036984892669608,15.584336665618132,0.5,22
8,15.38425027803687,16.477272628726052,0.6682396782868328,15.38425027803687,0.5,22
9,15.38425027803687,16.266842318039537,0.6136814597513643,15.38425027803687,0.5,22
10,15.20185121722126,16.177732588511812,0.5708468304863159,15.20185121722126,0.5,22
11,15.20185121722126,16.08580591123276,0.611697105486068,15.20185121722126,0.5,22
12,15.20185121722126,16.101460029479245,0.6696734803523167,15.20185121722126,0.5,22
13,15.20185121722126,15.956254212116011,0.5802198670906684,15.20185121722126,0.5,22
14,15.20185121722126,15.88994799370994,0.5676693192414817,15.20185121722126,0.5,22
15,15.117935662402834,15.901044845606455,0.678937182626226,15.117935662402834,0.5,22
16,15.036877428271625,15.768156390342867,0.6706502287818206,15.036877428271625,0.5,22
17,15.036877428271625,15.805968644969896,0.7238213609897389,15.036877428271625,0.5,22
18,14.971750305430742,15.732540217913472,0.7536544512336605,14.971750305430742,0.5,22
19,14.868787265568827,15.649991014562755,0.6561578860463035,14.868787265568827,0.5,22
20,14.868787265568827,15.556519738477247,0.5740000369772031,14.868787265568827,0.5,22
21,14.868787265568827,15.436326413925743,0.48640518237762753,14.868787265568827,0.5,22
22,14.868787265568827,15.433614393505794,0.44310208251333366,14.868787265568827,0.5,22
23,14.868787265568827,15.451822684900835,0.5444172748507083,14.868787265568827,0.5,22
24,14.868787265568827,15.61365029916986,0.8026370181810417,14.868787265568827,0.5,22
25,14.868787265568827,15.631825293043402,0.7277599231984814,14.868787265568827,0.5,22
26,14.621320343559642,15.523823196737572,0.5839402863731947,14.621320343559642,0.5,22
27,14.70998338865848,15.584195723093348,0.6295748729198222,14.621320343559642,0.5,22
28,14.494438717061497,15.469770635898115,0.6523462979412049,14.494438717061497,0.5,22
29,14.494438717061497,15.40865403180029,0.6097743741749482,14.494438717061497,0.5,22
30,14.494438717061497,15.457074105930655,0.7397917313951957,14.494438717061497,0.5,22
31,14.256465996625053,15.225144262933522,0.6496582204446709,14.256465996625053,0.5,22
32,14.256465996625053,15.348132074380407,0.7503406890828739,14.256465996625053,0.5,22
33,14.256465996625053,15.130227062714187,0.558218270527299,14.256465996625053,0.5,22
34,14.256465996625053,14.990531336743388,0.49739375966029514,14.256465996625053,0.5,22
35,14.380697580112788,14.910300652655282,0.43470698961930976,14.256465996625053,0.5,22
36,14.380697580112788,14.963314107087806,0.49755566715595334,14.256465996625053,0.5,22
37,14.243024810940588,14.917184812239926,0.49520683101076063,14.243024810940588,0.5,22
38,14.160107523773828,14.95727813353102,0.5947356253769782,14.160107523773828,0.5,22
39,14.160107523773828,14.862307328257367,0.5091085821493672,14.160107523773828,0.5,22
40,14.160107523773828,14.999477684951184,0.6800892682732239,14.160107523773828,0.5,22
41,14.160107523773828,15.017778512734502,0.6918696892868297,14.160107523773828,0.5,22
42,14.133030277982337,15.034904140594369,0.6757000804960737,14.133030277982337,0.5,22
43,14.133030277982337,15.017041646420921,0.6074765645777276,14.133030277982337,0.5,22
44,14.133030277982337,15.101942679693673,0.784908898176528,14.133030277982337,0.5,22
45,14.133030277982337,15.093515213072687,0.7628877889340099,14.133030277982337,0.5,22
46,14.133030277982337,15.10129320948864,0.7443999471945896,14.133030277982337,0.5,22
47,14.008304597359459,14.966688049642709,0.5222040485076357,14.008304597359459,0.5,22
48,14.008304597359459,15.116442248922883,0.8033321878985887,14.008304597359459,0.5,22
49,13.629705854077836,14.917471922911595,0.6930372136384896,13.629705854077836,0.5,22
50,13.629705854077836,14.974087114499747,0.9014275465262022,13.629705854077836,0.5,22
51,13.629705854077836,14.987631499799686,0.8247077621220622,13.629705854077836,0.5,22
52,13.629705854077836,14.811183834935875,0.6005224532718045,13.629705854077836,0.5,22
53,13.629705854077836,14.806870790541367,0.6604616470758666,13.629705854077836,0.5,22
54,13.629705854077836,14.741881519512926,0.7585947636505145,13.629705854077836,0.5,22
55,13.629705854077836,14.748430557391318,0.7944856148672768,13.629705854077836,0.5,22
56,13.629705854077836,14.836587578993145,0.9101033747001993,13.629705854077836,0.5,22
57,13.629705854077836,14.838492420862101,0.8567639790262817,13.629705854077836,0.5,22
58,13.629705854077836,14.781083296385704,0.72933322897313,13.629705854077836,0.5,22
59,13.491153452528778,14.775072631420233,0.9152692547933261,13.491153452528778,0.5,22
60,13.491153452528778,14.687629985569636,0.8414066737096706,13.491153452528778,0.5,22
61,13.491153452528778,14.593613803882134,0.8509138789388782,13.491153452528778,0.5,22
62,13.491153452528778,14.555734317915366,0.8938714179782942,13.491153452528778,0.5,22
63,13.491153452528778,14.5201221917234,0.8532811788599485,13.491153452528778,0.5,22
64,13.491153452528778,14.357384892596501,0.787871622821128,13.491153452528778,0.5,22
65,13.491153452528778,14.30259652905077,0.6720404407096072,13.491153452528778,0.5,22
66,13.491153452528778,14.410023754927417,0.8311046141069778,13.491153452528778,0.5,22
67,13.491153452528778,14.348067065112536,0.8617643813501413,13.491153452528778,0.5,22
68,13.491153452528778,14.319128648307009,0.8832086854806004,13.491153452528778,0.5,22
69,13.491153452528778,14.387418654867915,0.9258072795611045,13.491153452528778,0.5,22
70,13.491153452528778,14.429667509162709,0.9192494503591756,13.491153452528778,0.5,22
71,13.491153452528778,14.395950618216673,0.8332380777370089,13.491153452528778,0.5,22
72,13.214944167960988,14.324254854072315,0.8162815493627295,13.214944167960988,0.5,22
73,13.214944167960988,14.20622368635797,0.7035498490705339,13.214944167960988,0.5,22
74,13.214944167960988,14.234362802266116,0.8175682578547849,13.214944167960988,0.5,22
75,13.214944167960988,14.090526456509753,0.6203319156551848,13.214944167960988,0.5,22
76,13.214944167960988,14.088731356051575,0.569799128790294,13.214944167960988,0.5,22
77,13.214944167960988,14.121111236325028,0.6150728904800484,13.214944167960988,0.5,22
78,13.254723699099141,14.09047210776424,0.5207469230370984,13.214944167960988,0.5,22
79,13.254723699099141,14.186658879324568,0.5877936063541017,13.214944167960988,0.5,22
80,13.254723699099141,14.038014287088924,0.40061705717954166,13.214944167960988,0.5,22
81,13.254723699099141,14.109620812473638,0.4566347760518153,13.214944167960988,0.5,22
82,13.47484176581315,14.347730696028835,0.6499726349619253,13.214944167960988,0.5,22
83,13.47484176581315,14.27044709512815,0.713515084402343,13.214944167960988,0.5,22
84,13.227566688249707,14.306542337195813,0.7619996824907914,13.214944167960988,0.5,22
85,13.38806130178211,14.470388686366443,0.840444948300823,13.214944167960988,0.5,22
86,13.38806130178211,14.649042141547154,0.8945635627711576,13.214944167960988,0.5,22
87,13.38806130178211,14.467797351901037,0.8795815323854518,13.214944167960988,0.5,22
88,13.38806130178211,14.382945621570643,0.8662218464001491,13.214944167960988,0.5,22
89,13.38806130178211,14.152926298886843,0.6615855437809101,13.214944167960988,0.5,22
90,13.38806130178211,14.100243899411979,0.5587466615315425,13.214944167960988,0.5,22
91,13.38806130178211,14.177935212378088,0.6701518227516893,13.214944167960988,0.5,22
92,13.38806130178211,14.127818176754577,0.5664274651707217,13.214944167960988,0.5,22
93,13.38806130178211,14.119099079018822,0.5360912117192431,13.214944167960988,0.5,22
94,13.38806130178211,14.09929997327355,0.5325111186440021,13.214944167960988,0.5,22
95,13.38806130178211,14.290775518344422,0.8213407127062591,13.214944167960988,0.5,22
96,13.38806130178211,14.125681914930794,0.659877534503394,13.214944167960988,0.5,22
97,13.38806130178211,13.989167887145504,0.5479944125135408,13.214944167960988,0.5,22
98,13.307878402833891,13.93030267360135,0.5525499335138285,13.214944167960988,0.5,22
99,13.38806130178211,14.037731459037639,0.7116749431963074,13.214944167960988,0.5,22
100,13.307878402833891,14.033672027114491,0.6208266516418572,13.214944167960988,0.5,22
0,18.394427190999917,20.86243489147559,0.8889423510028379,18.394427190999917,0.5,23
1,15.082207001484488,20.240076476361324,1.2736879754483688,15.082207001484488,0.5,23
2,15.082207001484488,19.605523625020968,1.3114504448801503,15.082207001484488,0.5,23
3,15.082207001484488,18.851850737110183,1.516340462404515,15.082207001484488,0.5,23
4,15.082207001484488,18.200209518365888,1.4271893005498835,15.082207001484488,0.5,23
5,15.082207001484488,17.38541792868934,1.058355916062125,15.082207001484488,0.5,23
6,15.082207001484488,16.904926476652154,0.8007615974652187,15.082207001484488,0.5,23
7,15.123243291566194,16.64140095610835,0.7389500363093371,15.082207001484488,0.5,23
8,15.188689042296101,16.463147246115035,0.5811773911204551,15.082207001484488,0.5,23
9,15.188689042296101,16.28028846894701,0.5016889541722984,15.082207001484488,0.5,23
10,15.02710574513201,16.061636493593504,0.5049801188723299,15.02710574513201,0.5,23
11,14.86397674405503,15.922896831108114,0.5280822751046712,14.86397674405503,0.5,23
12,14.86397674405503,15.724523058579353,0.4836307532479085,14.86397674405503,0.5,23
13,14.86397674405503,15.732451569065638,0.5330673522346979,14.86397674405503,0.5,23
14,14.856349099818896,15.694151790479882,0.5778987892431253,14.856349099818896,0.5,23
15,14.856349099818896,15.605870689429826,0.5992943443993329,14.856349099818896,0.5,23
16,14.661706725018234,15.544959098042868,0.5682083469665313,14.661706725018234,0.5,23
17,14.520897306865447,15.371797949136333,0.47413370365618823,14.520897306865447,0.5,23
18,14.520897306865447,15.311228968416842,0.49421674515412717,14.520897306865447,0.5,23
19,14.398275349237888,15.265952989769609,0.4774635556073932,14.398275349237888,0.5,23
20,14.340063693621516,15.1863145631448,0.45842282715133126,14.340063693621516,0.5,23
21,14.356349099818896,15.124279705292327,0.4931050003833022,14.340063693621516,0.5,23
22,14.356349099818896,15.150346718904805,0.5104832141852631,14.340063693621516,0.5,23
23,14.242787793912433,15.08561444699921,0.5073166134036542,14.242787793912433,0.5,23
24,14.256809750418045,15.111363750154226,0.5186743565936971,14.242787793912433,0.5,23
25,14.270540018881466,15.048206538534508,0.4596970143652805,14.242787793912433,0.5,23
26,14.270540018881466,15.076910070157926,0.6232251273878971,14.242787793912433,0.5,23
27,14.161706725018234,15.161590587333153,0.6791137219697361,14.161706725018234,0.5,23
28,14.161706725018234,15.050876536700281,0.6109830401669383,14.161706725018234,0.5,23
29,14.161706725018234,14.938268191575416,0.591027849619413,14.161706725018234,0.5,23
30,14.161706725018234,14.956585075624476,0.7107211730726729,14.161706725018234,0.5,23
31,14.161706725018234,15.056843379971264,0.7248129784107473,14.161706725018234,0.5,23
32,14.161706725018234,15.042740438366478,0.7219084660416731,14.161706725018234,0.5,23
33,14.161706725018234,14.948942624362427,0.5799734502937636,14.161706725018234,0.5,23
34,14.161706725018234,14.835017740604721,0.5531318880664623,14.161706725018234,0.5,23
35,14.161706725018234,14.718135800718951,0.5141459354053544,14.161706725018234,0.5,23
36,14.161706725018234,14.76646624453713,0.5334725807307671,14.161706725018234,0.5,23
37,14.12678510731274,14.687808204405718,0.47007724968333514,14.12678510731274,0.5,23
38,14.12678510731274,14.718161721229574,0.49903234006607605,14.12678510731274,0.5,23
39,14.121347195933177,14.72826916366464,0.5602752504650147,14.121347195933177,0.5,23
40,14.121347195933177,14.746742547716583,0.697533338530397,14.121347195933177,0.5,23
41,14.121347195933177,14.631256549051312,0.4955987779528055,14.121347195933177,0.5,23
42,14.167156809750928,14.815668616683297,0.6142823854707682,14.121347195933177,0.5,23
43,14.167156809750928,14.704059709748377,0.48729341855232583,14.121347195933177,0.5,23
44,14.167156809750928,14.637718386284519,0.5039738009827679,14.121347195933177,0.5,23
45,14.079075450674063,14.66296052345881,0.5845024815254106,14.079075450674063,0.5,23
46,14.136664289109586,14.633673405989164,0.6178246445685749,14.079075450674063,0.5,23
47,14.136664289109586,14.68070499034403,0.6396308349761085,14.079075450674063,0.5,23
48,14.136664289109586,14.762248523441892,0.654724268309701,14.079075450674063,0.5,23
49,14.136664289109586,14.750451521127777,0.6018551118313453,14.079075450674063,0.5,23
50,14.12074368738204,14.82151872274696,0.6803739867787805,14.079075450674063,0.5,23
51,14.12074368738204,14.729253459857553,0.6065845897156774,14.079075450674063,0.5,23
52,14.167156809750928,14.769768358306978,0.5181126405606361,14.079075450674063,0.5,23
53,14.167156809750928,14.623503347358719,0.4866202402744249,14.079075450674063,0.5,23
54,14.161706725018234,14.66198136694279,0.5618482681041842,14.079075450674063,0.5,23
55,14.161706725018234,14.67842691360491,0.5265923070123086,14.079075450674063,0.5,23
56,14.161706725018234,14.678296808581196,0.5325446299708332,14.079075450674063,0.5,23
57,14.167156809750928,14.719588470269887,0.5093045333751761,14.079075450674063,0.5,23
58,14.167156809750928,14.72912181741982,0.5843751402690815,14.079075450674063,0.5,23
59,14.167156809750928,14.687640808579552,0.5349220148051219,14.079075450674063,0.5,23
60,14.167156809750928,14.760318903152372,0.6322496021590776,14.079075450674063,0.5,23
61,14.167156809750928,14.741201412102212,0.6191290757258677,14.079075450674063,0.5,23
62,14.161706725018234,14.738381072277921,0.6506756215372531,14.079075450674063,0.5,23
63,14.085677655436825,14.825588338815082,0.647554334477761,14.079075450674063,0.5,23
64,14.085677655436825,14.857010434540877,0.6285971143761646,14.079075450674063,0.5,23
65,13.492838827718412,14.765204880014586,0.6406387653530855,13.492838827718412,0.5,23
66,13.492838827718412,14.791723249594522,0.7464746235237811,13.492838827718412,0.5,23
67,13.492838827718412,14.838634775719388,0.7365076470533669,13.492838827718412,0.5,23
68,13.492838827718412,14.787837907792204,0.6811884483888826,13.492838827718412,0.5,23
69,13.492838827718412,14.735746223771093,0.7207435215340402,13.492838827718412,0.5,23
70,13.492838827718412,14.720127943836058,0.7484752590021608,13.492838827718412,0.5,23
71,13.492838827718412,14.724506261200142,0.7651915462420397,13.492838827718412,0.5,23
72,13.492838827718412,14.776591716740336,0.7851671722839259,13.492838827718412,0.5,23
73,13.171779788708136,14.725242750230006,0.8659327950360713,13.171779788708136,0.5,23
74,13.171779788708136,14.43001633314902,0.7713897547266472,13.171779788708136,0.5,23
75,13.171779788708136,14.355084166833983,0.8101085086705175,13.171779788708136,0.5,23
76,13.171779788708136,14.257662519497654,0.846360639089056,13.171779788708136,0.5,23
77,13.171779788708136,14.302355401159955,0.8466676779216613,13.171779788708136,0.5,23
78,13.171779788708136,14.159815658281712,0.6917777616255079,13.171779788708136,0.5,23
79,13.171779788708136,13.993018435328192,0.6577669140749195,13.171779788708136,0.5,23
80,13.171779788708136,14.037699737108989,0.7629433700763745,13.171779788708136,0.5,23
81,12.9,13.904789463987743,0.6084903749076117,12.9,0.5,23
82,12.960232526704262,13.966359713402436,0.6867285969483141,12.9,0.5,23
83,12.960232526704262,14.036937625551381,0.7037140561002944,12.9,0.5,23
84,13.171779788708136,14.024370518238461,0.7246580717216745,12.9,0.5,23
85,12.960232526704262,14.036763092335663,0.7333284045143614,12.9,0.5,23
86,12.9,14.017657356540822,0.6971751558946151,12.9,0.5,23
87,12.9,13.916973065416027,0.5912582233906107,12.9,0.5,23
88,12.9,13.99482448449756,0.655203600893879,12.9,0.5,23
89,12.9,13.881965679090799,0.6346245488889007,12.9,0.5,23
90,12.9,13.9874785021311,0.8197390195612372,12.9,0.5,23
91,12.9,13.892137582136398,0.7923632515243245,12.9,0.5,23
92,12.9,13.936113777918878,0.7955544512407025,12.9,0.5,23
93,12.9,13.876009050257801,0.6484136587263177,12.9,0.5,23
94,12.9,13.884912788422723,0.6752262290232098,12.9,0.5,23
95,12.9,14.056269168796938,0.7927025842151753,12.9,0.5,23
96,12.9,13.967189235668416,0.6875469454966238,12.9,0.5,23
97,12.9,14.042139630697159,0.7504819669632656,12.9,0.5,23
98,12.9,14.036288792357663,0.675466571599972,12.9,0.5,23
99,13.260232526704263,14.074890268943827,0.6722437585996597,12.9,0.5,23
100,13.069535971483266,13.952954305528975,0.6307545712702372,12.9,0.5,23
0,18.336660026534076,20.733589923532215,0.8488122774642174,18.336660026534076,0.5,24
1,17.58433666561813,20.254550037190292,0.850716996561675,17.58433666561813,0.5,24
2,17.338181191654584,19.736948177165235,0.9247920917511018,17.338181191654584,0.5,24
3,16.512729212465686,19.18372527657285,1.1692059773735108,16.512729212465686,0.5,24
4,16.58425027803687,18.453659344825176,1.065575986569669,16.512729212465686,0.5,24
5,15.965084884205332,17.907632825082587,1.0519865122840981,15.965084884205332,0.5,24
6,15.549705872175156,17.472390060679018,0.9146818438396279,15.549705872175156,0.5,24
7,15.533218389437828,17.08250417009947,0.7489016941047354,15.533218389437828,0.5,24
8,15.491454509095757,16.864560575106903,0.7967386896491179,15.491454509095757,0.5,24
9,15.454119014694282,16.68205844001166,0.766293017454417,15.454119014694282,0.5,24
10,15.454119014694282,16.3942597134798,0.5829947952683816,15.454119014694282,0.5,24
11,15.180721582386452,16.296166802723107,0.5261159818485858,15.180721582386452,0.5,24
12,14.80142828000232,16.23074348651159,0.5723202125923047,14.80142828000232,0.5,24
13,14.80142828000232,16.050912298873175,0.560035016811032,14.80142828000232,0.5,24
14,14.80142828000232,15.814773258683978,0.5213036670426072,14.80142828000232,0.5,24
15,14.755294535724685,15.655921924221992,0.5437419197512348,14.755294535724685,0.5,24
16,14.403123475609393,15.507146387833007,0.5497355696882184,14.403123475609393,0.5,24
17,14.403123475609393,15.390698788175175,0.5003120339140568,14.403123475609393,0.5,24
18,14.403123475609393,15.390717989470518,0.6322500610358783,14.403123475609393,0.5,24
19,14.403123475609393,15.166697017958354,0.508305900174498,14.403123475609393,0.5,24
20,14.090724809414743,15.069976573565343,0.5229097358230806,14.090724809414743,0.5,24
21,14.14355957741627,15.074410769821515,0.5987162459545139,14.090724809414743,0.5,24
22,14.14355957741627,15.093293316621928,0.5499663475976203,14.090724809414743,0.5,24
23,14.02828568570857,15.099550631182986,0.5922725096436666,14.02828568570857,0.5,24
24,14.02828568570857,15.131535789945247,0.6913466554146114,14.02828568570857,0.5,24
25,14.02828568570857,15.066291407614905,0.634570582214548,14.02828568570857,0.5,24
26,14.016620625799671,15.092609433288633,0.7668957297167431,14.016620625799671,0.5,24
27,13.985677655436824,14.983758242357133,0.744392950978011,13.985677655436824,0.5,24
28,13.878404875209021,14.847420409191347,0.6547991127200038,13.878404875209021,0.5,24
29,14.02828568570857,14.82207916740045,0.568427780598264,13.878404875209021,0.5,24
30,14.02828568570857,14.810446599729124,0.5945786259928073,13.878404875209021,0.5,24
31,14.02828568570857,14.775791050371836,0.6240674676572004,13.878404875209021,0.5,24
32,14.02828568570857,14.86819055314333,0.7009490658389083,13.878404875209021,0.5,24
33,14.02828568570857,14.79546503405158,0.6715597232751008,13.878404875209021,0.5,24
34,14.02828568570857,14.873901721081177,0.818784384853299,13.878404875209021,0.5,24
35,13.878404875209021,14.789778811616607,0.8981138926432872,13.878404875209021,0.5,24
36,13.869535971483266,14.743850653918667,0.7852539995022723,13.869535971483266,0.5,24
37,13.869535971483266,14.593375036385144,0.7988887095891619,13.869535971483266,0.5,24
38,13.394427190999917,14.520581852934933,0.7287685615089614,13.394427190999917,0.5,24
39,13.394427190999917,14.605804727821365,0.798401557488558,13.394427190999917,0.5,24
40,13.394427190999917,14.641809723272424,0.77228786051006,13.394427190999917,0.5,24
41,13.394427190999917,14.590437709168752,0.8361754204434411,13.394427190999917,0.5,24
42,13.394427190999917,14.504607301976186,0.7852716500598581,13.394427190999917,0.5,24
43,13.394427190999917,14.469677070285726,0.8341928743787403,13.394427190999917,0.5,24
44,13.394427190999917,14.43858524095695,0.8545470983752331,13.394427190999917,0.5,24
45,13.394427190999917,14.507619490703648,0.9352957477457605,13.394427190999917,0.5,24
46,13.448683298050513,14.237092620613836,0.5315222471346616,13.394427190999917,0.5,24
47,13.394427190999917,14.240922547979887,0.5255949646777136,13.394427190999917,0.5,24
48,13.394427190999917,14.344271862055157,0.6722185205519705,13.394427190999917,0.5,24
49,13.448683298050513,14.263261604999633,0.6890932243387266,13.394427190999917,0.5,24
50,13.448683298050513,14.323552912982713,0.7433726054250313,13.394427190999917,0.5,24
51,13.448683298050513,14.464726866206615,0.9452216136811439,13.394427190999917,0.5,24
52,13.448683298050513,14.576736614804783,0.9005143350314748,13.394427190999917,0.5,24
53,13.627361849549569,14.436203692013153,0.8423049875961008,13.394427190999917,0.5,24
54,13.492838827718412,14.48618147645239,0.8978431824655334,13.394427190999917,0.5,24
55,13.4,14.435860858953736,0.8597611864815736,13.394427190999917,0.5,24
56,13.4,14.447837773657936,0.9471196888809891,13.394427190999917,0.5,24
57,13.4,14.33551309889343,0.8306974509643277,13.394427190999917,0.5,24
58,13.4,14.262654834854413,0.8035478170676704,13.394427190999917,0.5,24
59,13.4,14.261220218996177,0.8381106866139589,13.394427190999917,0.5,24
60,13.4,14.227457497179193,0.7263963493811183,13.394427190999917,0.5,24
61,13.4,14.248109842286897,0.8317375847880915,13.394427190999917,0.5,24
62,13.4,14.236361538047632,0.8134365338445874,13.394427190999917,0.5,24
63,13.4,14.246497144710801,0.7427148781139203,13.394427190999917,0.5,24
64,13.4,14.403974574138179,1.0957934751069354,13.394427190999917,0.5,24
65,13.4,14.406490756820892,1.093796806977035,13.394427190999917,0.5,24
66,13.336660026534076,14.294966388913295,0.7644867655511803,13.336660026534076,0.5,24
67,13.4,14.408539712808121,0.8601742568043288,13.336660026534076,0.5,24
68,13.4,14.408666066091195,0.7601584291755317,13.336660026534076,0.5,24
69,13.4,14.323162471309711,0.6981977668726818,13.336660026534076,0.5,24
70,13.4,14.38700537956151,0.8269972139434669,13.336660026534076,0.5,24
71,13.4,14.349034352093431,0.9378129321845552,13.336660026534076,0.5,24
72,13.448683298050513,14.414299763496654,1.00733894067764,13.336660026534076,0.5,24
73,13.448683298050513,14.243930697359248,0.7768134083924794,13.336660026534076,0.5,24
74,13.448683298050513,14.290474446312356,0.8109896347140971,13.336660026534076,0.5,24
75,13.448683298050513,14.325953917779765,0.9619464416608654,13.336660026534076,0.5,24
76,13.448683298050513,14.527714421563449,1.1817149767295636,13.336660026534076,0.5,24
77,13.448683298050513,14.38939754157136,1.0570225584105153,13.336660026534076,0.5,24
78,13.448683298050513,14.525385032188442,1.1957076082019387,13.336660026534076,0.5,24
79,13.4,14.350856638322462,0.9643106226389748,13.336660026534076,0.5,24
80,13.4,14.285214110826224,0.8265596430947301,13.336660026534076,0.5,24
81,13.394427190999917,14.286631934863962,0.9566927221782474,13.336660026534076,0.5,24
82,13.394427190999917,14.036932525620946,0.7405007397446208,13.336660026534076,0.5,24
83,13.4,14.052043976618293,0.842875594873942,13.336660026534076,0.5,24
84,13.4,14.178626009990857,0.944761070697737,13.336660026534076,0.5,24
85,13.419803902718558,14.162344497020731,0.8361726142400736,13.336660026534076,0.5,24
86,13.419803902718558,14.214537617764986,0.8854859828832647,13.336660026534076,0.5,24
87,13.419803902718558,14.204953978181308,0.8312497959669776,13.336660026534076,0.5,24
88,13.419803902718558,14.276232165627007,0.9176118336100897,13.336660026534076,0.5,24
89,13.419803902718558,14.24942576406723,0.8317123273958492,13.336660026534076,0.5,24
90,13.448683298050513,14.249978091764353,0.9683170092965636,13.336660026534076,0.5,24
91,13.394427190999917,14.343163183380193,0.9499678503310395,13.336660026534076,0.5,24
92,13.448331477354788,14.033170398740264,0.5668918688716016,13.336660026534076,0.5,24
93,13.394427190999917,14.105842723589086,0.8113347894804323,13.336660026534076,0.5,24
94,13.448331477354788,14.125624457724605,0.7426641333241731,13.336660026534076,0.5,24
95,13.448331477354788,14.162451830176046,0.8407018281822428,13.336660026534076,0.5,24
96,13.448331477354788,14.10545252345505,0.7685282084032106,13.336660026534076,0.5,24
97,13.26332495807108,14.160103025740646,0.8829716137515502,13.26332495807108,0.5,24
98,13.26332495807108,14.23799041566797,0.8852040114829647,13.26332495807108,0.5,24
99,13.26332495807108,14.279011525163252,0.9906222692765572,13.26332495807108,0.5,24
100,13.26332495807108,14.300600514038146,1.005988373048608,13.26332495807108,0.5,24
0,18.400000000000002,20.805731193221355,0.9169920456801017,18.400000000000002,0.5,25
1,17.859591794226542,20.214979455044798,1.0194429131314158,17.859591794226542,0.5,25
2,17.057583690279024,19.658385766668033,1.1404740821064983,17.057583690279024,0.5,25
3,15.989979919597747,19.010655312821484,1.270978300495229,15.989979919597747,0.5,25
4,15.97602447545902,18.23863427291783,1.3349870961044494,15.97602447545902,0.5,25
5,15.091366458960191,17.5780087614774,1.2271211531699249,15.091366458960191,0.5,25
6,15.235489375751566,16.95069980906508,1.0508924805308986,15.091366458960191,0.5,25
7,14.893897898091744,16.611200145965878,0.8722363188973596,14.893897898091744,0.5,25
8,14.757271787481876,16.295937618869083,0.9632119443376655,14.757271787481876,0.5,25
9,14.757271787481876,15.968197020818163,0.7964397463341497,14.757271787481876,0.5,25
10,14.554065922853802,15.803576641800223,0.8130435355446102,14.554065922853802,0.5,25
11,14.526368339802362,15.599735897460254,0.6953054415388342,14.526368339802362,0.5,25
12,14.380972058177587,15.360223546514222,0.5658783400224827,14.380972058177587,0.5,25
13,14.380972058177587,15.159052583154304,0.38011419912951694,14.380972058177587,0.5,25
14,13.857066051117284,15.141937678453939,0.49534219200553786,13.857066051117284,0.5,25
15,13.857066051117284,15.176479385581697,0.4816120384677679,13.857066051117284,0.5,25
16,13.857066051117284,15.120491684444385,0.4179763326854539,13.857066051117284,0.5,25
17,13.857066051117284,15.142421757281703,0.5390991564514771,13.857066051117284,0.5,25
18,13.857066051117284,15.161883508183326,0.5826205743563514,13.857066051117284,0.5,25
19,13.857066051117284,15.08073675956412,0.5590913704738076,13.857066051117284,0.5,25
20,14.272077843177478,15.134511089286352,0.5857357930838176,13.857066051117284,0.5,25
21,14.322327839240492,15.080663473433463,0.4562429681721402,13.857066051117284,0.5,25
22,14.322327839240492,14.993200542573579,0.4801286433156482,13.857066051117284,0.5,25
23,14.322327839240492,15.055022335139784,0.5465793292696061,13.857066051117284,0.5,25
24,13.967670500619608,15.035575142760228,0.562139672650333,13.857066051117284,0.5,25
25,13.967670500619608,14.886663954278168,0.464189584729571,13.857066051117284,0.5,25
26,13.967670500619608,14.867474021331928,0.5465108885487375,13.857066051117284,0.5,25
27,13.967670500619608,14.896102316473431,0.6043196995383,13.857066051117284,0.5,25
28,13.967670500619608,14.911697123554932,0.5919022661815546,13.857066051117284,0.5,25
29,14.004834939252005,14.922356992142275,0.6276794487491658,13.857066051117284,0.5,25
30,14.004834939252005,14.753506391808358,0.511911445272243,13.857066051117284,0.5,25
31,14.004834939252005,14.812506657067063,0.5559153458882288,13.857066051117284,0.5,25
32,14.004834939252005,14.804215155223762,0.5018513360752285,13.857066051117284,0.5,25
33,14.004834939252005,14.868077628238831,0.647634527798149,13.857066051117284,0.5,25
34,14.004834939252005,14.829928848343336,0.6933217802729648,13.857066051117284,0.5,25
35,14.004834939252005,14.626289612999699,0.5279024633591123,13.857066051117284,0.5,25
36,14.004834939252005,14.72646569295976,0.7762473730960981,13.857066051117284,0.5,25
37,13.734387974463898,14.656147754335858,0.7118248160439543,13.734387974463898,0.5,25
38,13.81069386451104,14.673120761921083,0.8347095860343601,13.734387974463898,0.5,25
39,13.81069386451104,14.654275489357646,0.8182669058098452,13.734387974463898,0.5,25
40,13.81069386451104,14.592551995539178,0.722415289704977,13.734387974463898,0.5,25
41,13.734387974463898,14.43129746960716,0.6353120912290267,13.734387974463898,0.5,25
42,13.404540768504859,14.372461579416468,0.525728218571736,13.404540768504859,0.5,25
43,13.404540768504859,14.422250839669168,0.7083284336407881,13.404540768504859,0.5,25
44,13.404540768504859,14.407504784662617,0.6809622850269688,13.404540768504859,0.5,25
45,13.333907960581373,14.339998838446906,0.6110363650743755,13.333907960581373,0.5,25
46,13.333907960581373,14.365329149910165,0.604827211001792,13.333907960581373,0.5,25
47,13.333907960581373,14.311440172452237,0.49449438399245144,13.333907960581373,0.5,25
48,13.333907960581373,14.363972640595735,0.5794672861455753,13.333907960581373,0.5,25
49,13.333907960581373,14.379945738818755,0.6756990976435089,13.333907960581373,0.5,25
50,13.333907960581373,14.396723723112505,0.7332664153253637,13.333907960581373,0.5,25
51,13.333907960581373,14.281441134074022,0.5263853380043395,13.333907960581373,0.5,25
52,13.333907960581373,14.262591070504504,0.5536832933562116,13.333907960581373,0.5,25
53,13.333907960581373,14.293841877770806,0.5670783989838761,13.333907960581373,0.5,25
54,13.333907960581373,14.364098353918315,0.6621430955645745,13.333907960581373,0.5,25
55,13.333907960581373,14.332183473150486,0.6536629452207587,13.333907960581373,0.5,25
56,13.333907960581373,14.34229432924154,0.601727958874244,13.333907960581373,0.5,25
57,13.333907960581373,14.292804460296198,0.4554298976703201,13.333907960581373,0.5,25
58,13.333907960581373,14.323247071037805,0.491352565129576,13.333907960581373,0.5,25
59,13.333907960581373,14.326161879150673,0.590591023337838,13.333907960581373,0.5,25
60,13.62074368738204,14.21756344427395,0.43121764422674747,13.333907960581373,0.5,25
61,13.62074368738204,14.322298006774258,0.6251834501876098,13.333907960581373,0.5,25
62,13.509980079602226,14.350396390289658,0.5349622264060049,13.333907960581373,0.5,25
63,13.661706725018234,14.40621264220115,0.603650269593936,13.333907960581373,0.5,25
64,13.661706725018234,14.458333224940505,0.5044036042873908,13.333907960581373,0.5,25
65,13.38806130178211,14.456710707933196,0.5911172604541296,13.333907960581373,0.5,25
66,13.38806130178211,14.348196936339132,0.5837488462349048,13.333907960581373,0.5,25
67,13.38806130178211,14.301621029449525,0.5561526815382847,13.333907960581373,0.5,25
68,13.38806130178211,14.282868744064345,0.5430212498753622,13.333907960581373,0.5,25
69,13.38806130178211,14.421692413043536,0.7622958537772011,13.333907960581373,0.5,25
70,13.38806130178211,14.328893424968701,0.594815278256666,13.333907960581373,0.5,25
71,13.38806130178211,14.376676367948608,0.6614251021751907,13.333907960581373,0.5,25
72,13.38806130178211,14.316823279613168,0.6592861421588585,13.333907960581373,0.5,25
73,13.38806130178211,14.252654231006781,0.6716053650766051,13.333907960581373,0.5,25
74,13.38806130178211,14.300489373456626,0.7680932894229549,13.333907960581373,0.5,25
75,13.38806130178211,14.294524977754536,0.6758941938495003,13.333907960581373,0.5,25
76,13.38806130178211,14.316377536870775,0.6040526801111022,13.333907960581373,0.5,25
77,13.38806130178211,14.31506956642297,0.8531063757400041,13.333907960581373,0.5,25
78,13.38806130178211,14.366580798974384,0.8922492197623709,13.333907960581373,0.5,25
79,13.38806130178211,14.310333464736416,0.6932127973890421,13.333907960581373,0.5,25
80,13.173320053068151,14.174941138155297,0.52249219714067,13.173320053068151,0.5,25
81,13.173320053068151,14.102008199590646,0.632453430790071,13.173320053068151,0.5,25
82,13.173320053068151,14.07341903624701,0.6340948056648931,13.173320053068151,0.5,25
83,13.173320053068151,14.13077614233524,0.7245527423586519,13.173320053068151,0.5,25
84,13.173320053068151,14.035570095765058,0.5819752225753041,13.173320053068151,0.5,25
85,13.173320053068151,13.948386454871638,0.6206148342750301,13.173320053068151,0.5,25
86,13.173320053068151,14.026858609918104,0.6878557033856745,13.173320053068151,0.5,25
87,13.173320053068151,14.077993299828824,0.8116404934297858,13.173320053068151,0.5,25
88,13.173320053068151,13.989059595827241,0.755455264742058,13.173320053068151,0.5,25
89,13.173320053068151,13.864895488159487,0.6342502017806226,13.173320053068151,0.5,25
90,13.173320053068151,13.915046321564425,0.7638065426936521,13.173320053068151,0.5,25
91,13.173320053068151,13.877536153413653,0.665870350609707,13.173320053068151,0.5,25
92,13.173320053068151,14.020810704975977,0.8299822722180901,13.173320053068151,0.5,25
93,13.173320053068151,13.99782267807302,0.7582399743176784,13.173320053068151,0.5,25
94,13.173320053068151,13.952333850417258,0.7429275641279369,13.173320053068151,0.5,25
95,13.173320053068151,14.111621869450564,0.817509042781459,13.173320053068151,0.5,25
96,13.173320053068151,14.009830747872678,0.8679198631480971,13.173320053068151,0.5,25
97,13.173320053068151,14.039832350822522,0.7373555164342476,13.173320053068151,0.5,25
98,13.173320053068151,13.998711098058328,0.8229804105693771,13.173320053068151,0.5,25
99,13.173320053068151,13.971042231127958,0.702253976349027,13.173320053068151,0.5,25
100,13.173320053068151,13.986737165932725,0.715355579936897,13.173320053068151,0.5,25
0,18.70332963783729,20.7977919304045,1.0774243862526074,18.70332963783729,0.5,26
1,16.676871642217915,20.226589385678274,1.1198647299296818,16.676871642217915,0.5,26
2,15.345207879911715,19.419372183347683,1.4920821212751765,15.345207879911715,0.5,26
3,15.345207879911715,18.69550692151317,1.5841896466855192,15.345207879911715,0.5,26
4,15.345207879911715,17.75404238681424,1.3072162889317582,15.345207879911715,0.5,26
5,15.345207879911715,17.054190203306717,1.0119880381683568,15.345207879911715,0.5,26
6,15.20185121722126,16.63521774511274,0.8856713412149857,15.20185121722126,0.5,26
7,14.75329983228432,16.312604265534386,0.7943982473889221,14.75329983228432,0.5,26
8,14.75329983228432,15.994033717492798,0.7741589283849636,14.75329983228432,0.5,26
9,14.609243436828814,15.800913123377125,0.7698891805203475,14.609243436828814,0.5,26
10,14.485677655436824,15.663798843063468,0.6045877186386011,14.485677655436824,0.5,26
11,14.476819745345026,15.55263631751791,0.5624978604895147,14.476819745345026,0.5,26
12,14.476819745345026,15.471361846459828,0.5452695644878744,14.476819745345026,0.5,26
13,14.100000000000001,15.514864870903825,0.643768670071879,14.100000000000001,0.5,26
14,14.100000000000001,15.459527159295794,0.7586983363554988,14.100000000000001,0.5,26
15,14.100000000000001,15.346861877138972,0.6817010310533517,14.100000000000001,0.5,26
16,14.100000000000001,15.279287025590534,0.7254260461001962,14.100000000000001,0.5,26
17,14.081138830084189,15.142815314118092,0.8013989920658086,14.081138830084189,0.5,26
18,14.081138830084189,15.002108302475325,0.7616092141336868,14.081138830084189,0.5,26
19,14.081138830084189,15.021232350051646,0.7704337673205806,14.081138830084189,0.5,26
20,14.081138830084189,14.980288829858196,0.8216117427159175,14.081138830084189,0.5,26
21,14.081138830084189,14.857519520425138,0.6636061980105329,14.081138830084189,0.5,26
22,14.073644135332772,14.878739348429555,0.7363635340623808,14.073644135332772,0.5,26
23,14.055294535724686,14.799976848201927,0.7262064868184439,14.055294535724686,0.5,26
24,14.100000000000001,14.95960121047889,0.7292358835099082,14.055294535724686,0.5,26
25,14.100000000000001,14.807418470044222,0.6273634332523219,14.055294535724686,0.5,26
26,14.100000000000001,14.75747350314788,0.6068614000267456,14.055294535724686,0.5,26
27,14.100000000000001,14.653316622145196,0.5490741138088107,14.055294535724686,0.5,26
28,14.100000000000001,14.80297853336074,0.7692174138271041,14.055294535724686,0.5,26
29,14.100000000000001,14.682827417822127,0.6522883771909829,14.055294535724686,0.5,26
30,14.100000000000001,14.715159036045197,0.6079526903991331,14.055294535724686,0.5,26
31,14.100000000000001,14.696573483329292,0.5011791304325717,14.055294535724686,0.5,26
32,14.100000000000001,14.866894720981165,0.7929716103856742,14.055294535724686,0.5,26
33,13.930950643030009,14.822091257768681,0.6095202838357898,13.930950643030009,0.5,26
34,13.769693845669908,14.745522836640555,0.6347010058679315,13.769693845669908,0.5,26
35,13.803329637837292,14.782049474614896,0.7006790823560436,13.769693845669908,0.5,26
36,13.896662954709576,14.783208362082313,0.6752589127477903,13.769693845669908,0.5,26
37,13.896662954709576,14.703154544189147,0.7612244571224801,13.769693845669908,0.5,26
38,13.896662954709576,14.8352474023799,0.8913870016280658,13.769693845669908,0.5,26
39,13.80384048104053,14.843578891222942,0.9545716201736123,13.769693845669908,0.5,26
40,13.756465996625053,14.934123769136617,1.0134208657513757,13.756465996625053,0.5,26
41,13.756465996625053,14.78413864924622,0.8255614651434565,13.756465996625053,0.5,26
42,13.756465996625053,14.613732454338695,0.6230289345527567,13.756465996625053,0.5,26
43,13.756465996625053,14.649602738788841,0.6203695872066958,13.756465996625053,0.5,26
44,13.549193338482967,14.680682172044188,0.8091632954493522,13.549193338482967,0.5,26
45,13.549193338482967,14.6521940170327,0.898151074952647,13.549193338482967,0.5,26
46,13.549193338482967,14.490995587666884,0.7240403286881356,13.549193338482967,0.5,26
47,13.549193338482967,14.502128201440673,0.7263035610520728,13.549193338482967,0.5,26
48,13.549193338482967,14.433697904157068,0.8027552309216976,13.549193338482967,0.5,26
49,13.549193338482967,14.35405872278119,0.8110151263211903,13.549193338482967,0.5,26
50,13.549193338482967,14.396781700626924,0.8816674788829711,13.549193338482967,0.5,26
51,13.163818169698587,14.387295803955645,0.9734396160972445,13.163818169698587,0.5,26
52,13.163818169698587,14.335894980061187,0.8367170386562004,13.163818169698587,0.5,26
53,13.163818169698587,14.264714545657249,0.7841821288053876,13.163818169698587,0.5,26
54,13.163818169698587,14.273989829398031,0.8340578530535367,13.163818169698587,0.5,26
55,13.163818169698587,14.325829775237137,0.7989097940298442,13.163818169698587,0.5,26
56,13.163818169698587,14.264544321383434,0.6820100964031748,13.163818169698587,0.5,26
57,13.36287388383278,14.348594310094292,0.7410747616960124,13.163818169698587,0.5,26
58,13.448999599679679,14.38782506199499,0.6922089338496913,13.163818169698587,0.5,26
59,13.448999599679679,14.267470444126428,0.6974266816330261,13.163818169698587,0.5,26
60,13.368438714135813,14.269821567665677,0.7309770715995301,13.163818169698587,0.5,26
61,13.256465996625053,14.271443209960802,0.8472649574049417,13.163818169698587,0.5,26
62,13.256465996625053,14.181530515520853,0.7203424732957411,13.163818169698587,0.5,26
63,13.549193338482967,14.17586588587224,0.5874792858452839,13.163818169698587,0.5,26
64,13.549193338482967,14.274497604328037,0.577953148685424,13.163818169698587,0.5,26
65,13.549193338482967,14.363249571332176,0.7634386185512968,13.163818169698587,0.5,26
66,13.549193338482967,14.339270061687584,0.6821973736878986,13.163818169698587,0.5,26
67,13.56287388383278,14.485609182530915,0.8087734213355959,13.163818169698587,0.5,26
68,13.56287388383278,14.512365431229728,0.7213610219633876,13.163818169698587,0.5,26
69,13.56287388383278,14.522711238422016,0.7518586627405721,13.163818169698587,0.5,26
70,13.56287388383278,14.49457001045124,0.7501924945812858,13.163818169698587,0.5,26
71,13.549285568453591,14.591044795422377,0.7925431654048639,13.163818169698587,0.5,26
72,13.555294535724686,14.425281626987084,0.733955706665337,13.163818169698587,0.5,26
73,13.4,14.509646679378385,0.8875434899924615,13.163818169698587,0.5,26
74,13.4,14.447165269052393,0.7802792804300897,13.163818169698587,0.5,26
75,13.4,14.397629233273605,0.7411246811434251,13.163818169698587,0.5,26
76,13.4,14.444732596300547,0.7723461227678954,13.163818169698587,0.5,26
77,13.22736184954957,14.414087760651439,0.8047650210010661,13.163818169698587,0.5,26
78,13.22736184954957,14.330216388333632,0.7092516432774235,13.163818169698587,0.5,26
79,13.22736184954957,14.426025376607619,0.8855755474424183,13.163818169698587,0.5,26
80,13.22736184954957,14.456403129881215,0.8770287827828801,13.163818169698587,0.5,26
81,13.22736184954957,14.188098140739879,0.5821175742681616,13.163818169698587,0.5,26
82,13.22736184954957,14.303299600030343,0.8881823504844173,13.163818169698587,0.5,26
83,13.22736184954957,14.38880672373143,1.1460126861128366,13.163818169698587,0.5,26
84,13.22736184954957,14.390685485666731,1.0477460792223634,13.163818169698587,0.5,26
85,13.22736184954957,14.308981101628694,0.9784640386824516,13.163818169698587,0.5,26
86,13.22736184954957,14.159126714818902,0.8078569769186443,13.163818169698587,0.5,26
87,13.22736184954957,14.206243212368411,0.9249131131019368,13.163818169698587,0.5,26
88,13.22736184954957,14.029992846746888,0.8098900554346179,13.163818169698587,0.5,26
89,13.22736184954957,14.056489262662321,0.7340942551348214,13.163818169698587,0.5,26
90,13.22736184954957,14.186014554404,0.8445463835073548,13.163818169698587,0.5,26
91,13.22736184954957,14.03495824047887,0.7665858634759967,13.163818169698587,0.5,26
92,13.22736184954957,13.996579674696608,0.6572934830306093,13.163818169698587,0.5,26
93,13.22736184954957,13.992905411750161,0.725731832094144,13.163818169698587,0.5,26
94,13.22736184954957,14.013273485679314,0.6227391916583426,13.163818169698587,0.5,26
95,13.22736184954957,14.072499311992319,0.5929374469300767,13.163818169698587,0.5,26
96,13.22736184954957,14.028402526099773,0.5272515029315792,13.163818169698587,0.5,26
97,13.22736184954957,14.066062684556632,0.5687874945376777,13.163818169698587,0.5,26
98,13.22736184954957,14.231841326275163,0.8267735707478756,13.163818169698587,0.5,26
99,13.22736184954957,14.197421206768215,0.8180606633262757,13.163818169698587,0.5,26
100,13.369535971483266,14.178881665176856,0.7850888139637214,13.163818169698587,0.5,26
0,18.843559577416272,20.838510872804612,0.9771654928793344,18.843559577416272,0.5,27
1,16.73622914957372,20.347718512613472,1.0213850749406685,16.73622914957372,0.5,27
2,15.555294535724686,19.72445435627349,1.4443182899300102,15.555294535724686,0.5,27
3,15.359591794226542,18.698523598520957,1.4731102997493184,15.359591794226542,0.5,27
4,15.359591794226542,18.028235579384674,1.477749335970533,15.359591794226542,0.5,27
5,15.20199920063936,17.210256492713366,1.224616791006719,15.20199920063936,0.5,27
6,15.109243436828814,16.860902060992732,1.0798589729240722,15.109243436828814,0.5,27
7,14.953720459187963,16.401565305243054,0.9311819344430429,14.953720459187963,0.5,27
8,14.953720459187963,16.09254233687557,0.7328084523766558,14.953720459187963,0.5,27
9,14.953720459187963,15.821119483620684,0.6157288625816237,14.953720459187963,0.5,27
10,14.667156809750928,15.763703599670194,0.5627481531494503,14.667156809750928,0.5,27
11,14.667156809750928,15.60768247250583,0.5159945393848141,14.667156809750928,0.5,27
12,14.423538406167134,15.479753188958025,0.5667582787898657,14.423538406167134,0.5,27
13,14.423538406167134,15.434949459147399,0.5824034869419522,14.423538406167134,0.5,27
14,14.423538406167134,15.466287932254716,0.7214177039037483,14.423538406167134,0.5,27
15,14.423538406167134,15.400848528137137,0.7828761161047089,14.423538406167134,0.5,27
16,14.448999599679679,15.287873558162289,0.6579253438766834,14.423538406167134,0.5,27
17,14.140175425099137,15.24785110505444,0.6484890657163459,14.140175425099137,0.5,27
18,14.085229954635272,15.146650468503053,0.5975475334871344,14.085229954635272,0.5,27
19,14.085229954635272,15.054239165146813,0.5801748248174038,14.085229954635272,0.5,27
20,13.803329637837292,14.911780545113675,0.5660222523854413,13.803329637837292,0.5,27
21,14.020465053408525,14.943531948915627,0.5639550605181007,13.803329637837292,0.5,27
22,14.020465053408525,14.87077200193026,0.524687625755487,13.803329637837292,0.5,27
23,14.020465053408525,14.834933013210797,0.5306708807295938,13.803329637837292,0.5,27
24,14.020465053408525,14.831638634489146,0.6223792564756585,13.803329637837292,0.5,27
25,13.94928556845359,14.687216788533828,0.5386156323476875,13.803329637837292,0.5,27
26,13.94928556845359,14.666196376586237,0.5396096126190715,13.803329637837292,0.5,27
27,13.94928556845359,14.64024847705112,0.5171740524709131,13.803329637837292,0.5,27
28,14.06287388383278,14.632737758383092,0.5508798006850254,13.803329637837292,0.5,27
29,14.06287388383278,14.581141958650678,0.4614912463934028,13.803329637837292,0.5,27
30,14.06287388383278,14.63204377002259,0.5499227183915983,13.803329637837292,0.5,27
31,13.760232526704263,14.484941571021272,0.3968996749068767,13.760232526704263,0.5,27
32,13.760232526704263,14.511076228607982,0.531131386532469,13.760232526704263,0.5,27
33,13.6431676725155,14.549260350349869,0.536283121798494,13.6431676725155,0.5,27
34,13.760232526704263,14.684181883315482,0.5736514565102273,13.6431676725155,0.5,27
35,13.760232526704263,14.71466401693236,0.6781179381382759,13.6431676725155,0.5,27
36,13.341640786499873,14.599559703015894,0.6767631444983887,13.341640786499873,0.5,27
37,13.341640786499873,14.518023775274298,0.5275152119145652,13.341640786499873,0.5,27
38,13.341640786499873,14.517984106907857,0.689238360107288,13.341640786499873,0.5,27
39,13.36287388383278,14.585770116708854,0.677567081885843,13.341640786499873,0.5,27
40,13.596662954709576,14.548829004830354,0.7122645491488137,13.341640786499873,0.5,27
41,13.341640786499873,14.529240519872959,0.8606016634752551,13.341640786499873,0.5,27
42,13.378404875209021,14.550517144545879,0.7622062091953954,13.341640786499873,0.5,27
43,13.378404875209021,14.495061095571636,0.7703891464418171,13.341640786499873,0.5,27
44,13.378404875209021,14.369612622497227,0.7010378723880847,13.341640786499873,0.5,27
45,13.378404875209021,14.350713046043516,0.7468219019769616,13.341640786499873,0.5,27
46,13.378404875209021,14.225373325117037,0.6358905200936521,13.341640786499873,0.5,27
47,13.341640786499873,14.171919998382123,0.5659591513042107,13.341640786499873,0.5,27
48,13.340967364599086,14.06990859104122,0.5791443599280323,13.340967364599086,0.5,27
49,13.340967364599086,14.078754095853965,0.6076452680776581,13.340967364599086,0.5,27
50,13.341640786499873,14.262398507985132,0.7232499497721949,13.340967364599086,0.5,27
51,13.341640786499873,14.178777282193659,0.7174542993388339,13.340967364599086,0.5,27
52,13.257583690279022,14.09059792378265,0.6106579347836351,13.257583690279022,0.5,27
53,13.257583690279022,14.018719838557566,0.6468869254608572,13.257583690279022,0.5,27
54,13.257583690279022,14.084100380840692,0.8386457510903366,13.257583690279022,0.5,27
55,12.960232526704262,14.058088411022958,0.7542425732614823,12.960232526704262,0.5,27
56,13.303329637837292,14.120785304116742,0.7777297973221113,12.960232526704262,0.5,27
57,13.303329637837292,14.058864124469745,0.7379419491221401,12.960232526704262,0.5,27
58,13.303329637837292,13.989833538867247,0.7346390145780418,12.960232526704262,0.5,27
59,13.172004514666936,13.94155925598487,0.5868815639221027,12.960232526704262,0.5,27
60,13.172004514666936,13.781228749607045,0.48533654650288,12.960232526704262,0.5,27
61,13.172004514666936,13.807546333138832,0.4292932753936622,12.960232526704262,0.5,27
62,13.172004514666936,13.860314557915563,0.5395478523016431,12.960232526704262,0.5,27
63,13.172004514666936,13.791601777363896,0.46428185487601703,12.960232526704262,0.5,27
64,13.172004514666936,13.863728310714123,0.5004638829362298,12.960232526704262,0.5,27
65,13.172004514666936,13.890303165484179,0.7277233569831753,12.960232526704262,0.5,27
66,13.172004514666936,13.922460824523014,0.6786999648858965,12.960232526704262,0.5,27
67,13.172004514666936,13.96554575208665,0.7409777571916549,12.960232526704262,0.5,27
68,12.9,13.873782419930828,0.656255329249594,12.9,0.5,27
69,12.9,13.866710754549826,0.6091763615588571,12.9,0.5,27
70,12.9,13.923779594415237,0.6922880391102003,12.9,0.5,27
71,13.049193338482967,13.912052448253643,0.743776396628043,12.9,0.5,27
72,13.049193338482967,13.96356026139189,0.751428048594494,12.9,0.5,27
73,13.049193338482967,13.818712075014899,0.6759458247585131,12.9,0.5,27
74,13.049193338482967,13.853142854368018,0.6298100511267221,12.9,0.5,27
75,13.049193338482967,13.963527474214532,0.6981541920107556,12.9,0.5,27
76,13.049193338482967,13.927530540683914,0.7070595851581085,12.9,0.5,27
77,13.049193338482967,13.751350892019445,0.49982325431556585,12.9,0.5,27
78,13.049193338482967,13.90330406201763,0.6379066566607112,12.9,0.5,27
79,13.049193338482967,13.936749219048302,0.7139832888553029,12.9,0.5,27
80,13.049193338482967,13.972577379318531,0.8234590343202074,12.9,0.5,27
81,13.049193338482967,13.99285034064662,0.9140680580540961,12.9,0.5,27
82,12.9,13.806567090350653,0.8361492814989963,12.9,0.5,27
83,12.9,13.841395250872326,0.8366842783109187,12.9,0.5,27
84,12.9,13.825387914196172,0.8011008024806878,12.9,0.5,27
85,12.9,13.895313891043648,0.8790389897375023,12.9,0.5,27
86,12.9,13.810066541642165,0.8414176931938269,12.9,0.5,27
87,12.9,13.930028139774702,0.8500466080332449,12.9,0.5,27
88,12.9,13.797640149997187,0.7249082128650174,12.9,0.5,27
89,12.9,13.811039020439724,0.6459711290646284,12.9,0.5,27
90,13.049193338482967,13.798534321660934,0.6689909929549647,12.9,0.5,27
91,13.033030277982336,13.932146004817763,0.9377273192401124,12.9,0.5,27
92,12.891153452528776,13.807689213480655,0.8011138299550783,12.891153452528776,0.5,27
93,12.627361849549569,13.65651508950343,0.6190048344093074,12.627361849549569,0.5,27
94,12.627361849549569,13.69951176269466,0.6995986693549482,12.627361849549569,0.5,27
95,12.627361849549569,13.840924807290612,0.8985791143193449,12.627361849549569,0.5,27
96,12.627361849549569,13.729102034398327,0.780164184700175,12.627361849549569,0.5,27
97,12.627361849549569,13.74965503956173,0.9056190337618081,12.627361849549569,0.5,27
98,12.627361849549569,13.619902522152683,0.6827244188449435,12.627361849549569,0.5,27
99,12.627361849549569,13.619609982568248,0.6585965383060167,12.627361849549569,0.5,27
100,12.627361849549569,13.595494559740665,0.6541710438198332,12.627361849549569,0.5,27
0,18.134698994937583,20.520610486534018,1.0058338589445555,18.134698994937583,0.5,28
1,16.802172886644268,19.743195880884127,1.0933025374513425,16.802172886644268,0.5,28
2,16.358898943540673,19.123805570179073,1.1359268189313536,16.358898943540673,0.5,28
3,15.691366458960193,18.500123377066647,1.2601858540607382,15.691366458960193,0.5,28
4,15.25329983228432,17.566879281222437,1.219917898472782,15.25329983228432,0.5,28
5,15.25329983228432,17.061289316417966,1.137672476727024,15.25329983228432,0.5,28
6,15.232050807568877,16.543512713402958,0.8671481086528601,15.232050807568877,0.5,28
7,14.724807680927192,16.145325564264525,0.647450606185633,14.724807680927192,0.5,28
8,14.522327839240491,15.95651251299856,0.6606638883723999,14.522327839240491,0.5,28
9,14.65657137141714,15.734929141135517,0.5151829848490673,14.522327839240491,0.5,28
10,14.65657137141714,15.654847192133008,0.5401148665847408,14.522327839240491,0.5,28
11,14.522327839240491,15.547982724596638,0.6090543961021381,14.522327839240491,0.5,28
12,14.522327839240491,15.359593650592199,0.5153987340268317,14.522327839240491,0.5,28
13,14.522327839240491,15.31605636759441,0.5787988508639893,14.522327839240491,0.5,28
14,14.377902338672774,15.273837090898464,0.47602874346419416,14.377902338672774,0.5,28
15,14.377902338672774,15.233702376505873,0.4748965757939432,14.377902338672774,0.5,28
16,14.14476105895272,15.214261041207902,0.5618422962173623,14.14476105895272,0.5,28
17,14.14476105895272,15.157367179329821,0.503671387289052,14.14476105895272,0.5,28
18,14.030727575266251,15.049519304035213,0.52091738078637,14.030727575266251,0.5,28
19,14.00454076850486,15.007855118798613,0.5754057996569474,14.00454076850486,0.5,28
20,13.530727575266251,14.824044030308,0.5569765310484641,13.530727575266251,0.5,28
21,13.780350850198277,14.95298667798148,0.6383475499287398,13.530727575266251,0.5,28
22,13.530727575266251,14.793617516708064,0.5999478515347042,13.530727575266251,0.5,28
23,13.530727575266251,14.767470358071282,0.6525665105995941,13.530727575266251,0.5,28
24,13.8,14.794505583817383,0.6666664204783712,13.530727575266251,0.5,28
25,13.8,14.701776690319265,0.565304205808166,13.530727575266251,0.5,28
26,13.8,14.609868532072191,0.5606776593787749,13.530727575266251,0.5,28
27,13.38806130178211,14.576776748056163,0.5167340046652081,13.38806130178211,0.5,28
28,13.8,14.56624929925787,0.4894686523498695,13.38806130178211,0.5,28
29,13.263976744055029,14.596493322883541,0.5810613966730279,13.263976744055029,0.5,28
30,13.263976744055029,14.498291125763698,0.5460837477278306,13.263976744055029,0.5,28
31,13.263976744055029,14.503718992166942,0.575556627352353,13.263976744055029,0.5,28
32,13.622611077089287,14.44483842233424,0.5700271028182897,13.263976744055029,0.5,28
33,13.458703314492292,14.314936274480587,0.5138707073985194,13.263976744055029,0.5,28
34,13.58494332412792,14.30793365383367,0.5223947896893926,13.263976744055029,0.5,28
35,13.458703314492292,14.313773479692843,0.6325193974320903,13.263976744055029,0.5,28
36,13.458703314492292,14.332437275420594,0.6973429441610659,13.263976744055029,0.5,28
37,13.458703314492292,14.330021116729608,0.5649322502797449,13.263976744055029,0.5,28
38,13.458703314492292,14.357415363480037,0.6561046292954936,13.263976744055029,0.5,28
39,13.28806130178211,14.326184278056324,0.7134065964190291,13.263976744055029,0.5,28
40,13.28806130178211,14.28331480088418,0.5419431334689816,13.263976744055029,0.5,28
41,13.339607805437115,14.423731020932319,0.7471594150433528,13.263976744055029,0.5,28
42,13.254065922853801,14.257058250886345,0.7459563252924489,13.254065922853801,0.5,28
43,13.254065922853801,14.198224934648227,0.7200666112634284,13.254065922853801,0.5,28
44,13.254065922853801,14.123809424766536,0.6175085228319961,13.254065922853801,0.5,28
45,13.254065922853801,14.07418056151368,0.5693457262182295,13.254065922853801,0.5,28
46,13.073644135332772,14.122171828737756,0.6696633836719855,13.073644135332772,0.5,28
47,13.073644135332772,14.058840014938646,0.638695299857533,13.073644135332772,0.5,28
48,13.073644135332772,14.000227307587442,0.5502743419128793,13.073644135332772,0.5,28
49,13.073644135332772,14.056539639110134,0.6898195190600193,13.073644135332772,0.5,28
50,13.073644135332772,14.02730392799938,0.6999315659953947,13.073644135332772,0.5,28
51,13.073644135332772,13.950989347476916,0.7771686735641135,13.073644135332772,0.5,28
52,13.073644135332772,14.035209462939685,0.7835215594395547,13.073644135332772,0.5,28
53,13.073644135332772,14.044842642577008,0.7769083068243908,13.073644135332772,0.5,28
54,13.073644135332772,14.081680589293951,0.74522881991605,13.073644135332772,0.5,28
55,13.073644135332772,14.016023455484879,0.6723576951010718,13.073644135332772,0.5,28
56,12.923538406167134,13.891838954392906,0.5459218731475688,12.923538406167134,0.5,28
57,13.073644135332772,13.955239933204732,0.6146553722470098,12.923538406167134,0.5,28
58,13.073644135332772,14.034171159788002,0.8055418952900284,12.923538406167134,0.5,28
59,13.005547008526777,14.02265951136547,0.7142656475937865,12.923538406167134,0.5,28
60,13.13469899493758,14.007551159168868,0.6985153981062514,12.923538406167134,0.5,28
61,13.059591794226542,13.883511718163529,0.6426796229729269,12.923538406167134,0.5,28
62,13.059591794226542,13.853027417073774,0.5308157460506412,12.923538406167134,0.5,28
63,13.059591794226542,13.99581589186078,0.6857203575094046,12.923538406167134,0.5,28
64,13.1431676725155,14.056023901455935,0.6989351303855742,12.923538406167134,0.5,28
65,13.163818169698587,14.058482192330457,0.7440257898505934,12.923538406167134,0.5,28
66,13.16794833886788,14.045175807318861,0.6263950874531649,12.923538406167134,0.5,28
67,13.263976744055029,14.034955617133951,0.6126338010756757,12.923538406167134,0.5,28
68,13.263976744055029,14.044380947298153,0.6742272814664826,12.923538406167134,0.5,28
69,13.263976744055029,14.121358492318274,0.7233399701032921,12.923538406167134,0.5,28
70,13.049285568453591,13.989979406045812,0.641216715341285,12.923538406167134,0.5,28
71,13.049285568453591,13.955696900211334,0.6452724016400174,12.923538406167134,0.5,28
72,13.049285568453591,13.989983069127794,0.6900378074287785,12.923538406167134,0.5,28
73,13.049285568453591,14.123198515578776,0.6577341365965118,12.923538406167134,0.5,28
74,13.049285568453591,14.071592152957653,0.5687153021569398,12.923538406167134,0.5,28
75,13.049285568453591,13.880764790327525,0.583643201206761,12.923538406167134,0.5,28
76,13.049285568453591,13.946385509528405,0.6110631111499022,12.923538406167134,0.5,28
77,13.049285568453591,14.10892303243831,0.7965133492889322,12.923538406167134,0.5,28
78,13.049285568453591,13.989376825252666,0.7666685321547626,12.923538406167134,0.5,28
79,13.049285568453591,13.969009817087334,0.7552840599909058,12.923538406167134,0.5,28
80,13.049285568453591,13.977152283797427,0.7867360736265214,12.923538406167134,0.5,28
81,13.049285568453591,13.866124230157077,0.769791201269079,12.923538406167134,0.5,28
82,13.049285568453591,13.845994116023855,0.6780912343456889,12.923538406167134,0.5,28
83,13.049285568453591,13.76262917797843,0.625697252115851,12.923538406167134,0.5,28
84,13.049285568453591,13.750437664899849,0.5505097685933892,12.923538406167134,0.5,28
85,13.049285568453591,13.80219898479591,0.6014973598841742,12.923538406167134,0.5,28
86,13.049285568453591,13.741163993474862,0.6872975951948883,12.923538406167134,0.5,28
87,13.049285568453591,13.804783169782759,0.7626438475120841,12.923538406167134,0.5,28
88,13.049285568453591,13.923092689033961,0.8210889156815695,12.923538406167134,0.5,28
89,13.049285568453591,13.99716454786413,0.8252984167311666,12.923538406167134,0.5,28
90,13.049285568453591,13.959525377679624,0.8210498753455403,12.923538406167134,0.5,28
91,12.977638883463117,13.958114899438481,0.7810033040280855,12.923538406167134,0.5,28
92,12.977638883463117,13.80948982969977,0.7313890461196433,12.923538406167134,0.5,28
93,12.977638883463117,13.758368767330516,0.6853045326816044,12.923538406167134,0.5,28
94,12.977638883463117,13.660368113553808,0.6281224914492742,12.923538406167134,0.5,28
95,12.977638883463117,13.684602229420722,0.6552362342304161,12.923538406167134,0.5,28
96,12.977638883463117,13.807686114147959,0.7392104181521626,12.923538406167134,0.5,28
97,12.896662954709576,13.781005547895397,0.702111673713415,12.896662954709576,0.5,28
98,12.977638883463117,13.798045569442383,0.6421439442735088,12.896662954709576,0.5,28
99,12.977638883463117,13.87631429369365,0.8309839442359293,12.896662954709576,0.5,28
100,12.920465053408524,13.830632703192009,0.717333900533594,12.896662954709576,0.5,28
0,19.0,20.762932305450807,0.7955450330052437,19.0,0.5,29
1,18.32763633939717,20.393357473561842,0.8341701230756857,18.32763633939717,0.5,29
2,15.7319206502675,19.740956557546358,1.0885243040534236,15.7319206502675,0.5,29
3,15.206404996924922,19.150503308033564,1.3870646811780907,15.206404996924922,0.5,29
4,15.206404996924922,18.355122826488497,1.5681017877177021,15.206404996924922,0.5,29
5,15.206404996924922,17.480964919277937,1.350601354464482,15.206404996924922,0.5,29
6,15.206404996924922,16.751677056810337,1.1713949950119267,15.206404996924922,0.5,29
7,15.054867053479276,16.461787649149016,0.948537376494944,15.054867053479276,0.5,29
8,15.054867053479276,16.16421408898397,0.5609392673101664,15.054867053479276,0.5,29
9,15.054867053479276,15.94932923089455,0.4245321868048834,15.054867053479276,0.5,29
10,15.130495168499706,15.848698306793787,0.3589003035806947,15.054867053479276,0.5,29
11,14.841428291206624,15.908613993701433,0.4906036690410919,14.841428291206624,0.5,29
12,15.130495168499706,15.934368112263975,0.5872781547658203,14.841428291206624,0.5,29
13,14.969313659514949,15.844891911862337,0.531461018248189,14.841428291206624,0.5,29
14,14.683281572999748,15.714267104642973,0.4656083736449918,14.683281572999748,0.5,29
15,14.683281572999748,15.716598816621401,0.49831997014650503,14.683281572999748,0.5,29
16,14.683281572999748,15.644624617427896,0.5696152060661642,14.683281572999748,0.5,29
17,14.683281572999748,15.590353898124006,0.5611587539607166,14.683281572999748,0.5,29
18,14.6319206502675,15.47812974618731,0.4624238856287152,14.6319206502675,0.5,29
19,14.28608421540822,15.359527736663583,0.42237498093534553,14.28608421540822,0.5,29
20,14.595451410656818,15.390654543849992,0.5260779057372512,14.28608421540822,0.5,29
21,14.526368339802362,15.291357254829244,0.5770874048157515,14.28608421540822,0.5,29
22,14.386819245752298,15.214967887597888,0.5825263641632107,14.28608421540822,0.5,29
23,14.386819245752298,15.158029678880455,0.6127713019355002,14.28608421540822,0.5,29
24,14.355133376499413,15.18569362238161,0.6098527019891962,14.28608421540822,0.5,29
25,14.28608421540822,15.132568055986953,0.6122817542510378,14.28608421540822,0.5,29
26,14.271085446759225,15.137488737513982,0.6787676672013873,14.271085446759225,0.5,29
27,14.355133376499413,15.100431090376366,0.5210884253277945,14.271085446759225,0.5,29
28,14.355133376499413,15.073139003581943,0.5091326792595054,14.271085446759225,0.5,29
29,14.355133376499413,15.0229943849656,0.4771849549525759,14.271085446759225,0.5,29
30,14.355133376499413,15.069216926410046,0.5442972775152146,14.271085446759225,0.5,29
31,14.272077843177478,15.078460457098034,0.5533729709124368,14.271085446759225,0.5,29
32,14.272077843177478,14.957118358952226,0.4497641490431776,14.271085446759225,0.5,29
33,14.272077843177478,15.006418262598343,0.48827180419953164,14.271085446759225,0.5,29
34,14.272077843177478,14.966315914557446,0.5143533348186401,14.271085446759225,0.5,29
35,14.346536616149585,14.933407903316867,0.5635628662982642,14.271085446759225,0.5,29
36,14.040658617698012,14.86300902199796,0.6054433863612831,14.040658617698012,0.5,29
37,14.355133376499413,14.90249284194724,0.5181355250211733,14.040658617698012,0.5,29
38,14.355133376499413,14.96568156365508,0.56476766045823,14.040658617698012,0.5,29
39,14.355133376499413,14.963157676218087,0.513519864176808,14.040658617698012,0.5,29
40,14.355133376499413,15.032097584881749,0.5764930735628883,14.040658617698012,0.5,29
41,14.340063693621516,14.92919530477856,0.5215865876499007,14.040658617698012,0.5,29
42,14.340063693621516,14.961298641102504,0.5695017572183536,14.040658617698012,0.5,29
43,14.340063693621516,14.943921542517403,0.5389948936893777,14.040658617698012,0.5,29
44,14.3554305086342,15.02323846585309,0.6020158182826625,14.040658617698012,0.5,29
45,14.3554305086342,14.900970636541516,0.5113329326061755,14.040658617698012,0.5,29
46,14.319160170741759,14.887598739328418,0.49640844883041974,14.040658617698012,0.5,29
47,14.319160170741759,14.95102829139158,0.503406144660828,14.040658617698012,0.5,29
48,14.37175030543074,14.92606584098368,0.4712525294932816,14.040658617698012,0.5,29
49,14.26859590355097,14.966459275066226,0.4644086758764682,14.040658617698012,0.5,29
50,14.016609194718914,14.843672202894249,0.43842015110149885,14.016609194718914,0.5,29
51,14.016609194718914,14.890482075314056,0.528232025150277,14.016609194718914,0.5,29
52,14.016609194718914,14.802262039146019,0.4578253907616499,14.016609194718914,0.5,29
53,14.016609194718914,14.764624891549312,0.4390810223848046,14.016609194718914,0.5,29
54,13.928991560298224,14.75285464264205,0.45559829836149435,13.928991560298224,0.5,29
55,13.928991560298224,14.820515216434192,0.5944709209020007,13.928991560298224,0.5,29
56,13.928991560298224,14.763139451652746,0.6225686079911267,13.928991560298224,0.5,29
57,13.43469899493758,14.782984183456213,0.6073392968643305,13.43469899493758,0.5,29
58,13.43469899493758,14.782453432721368,0.7508232026974924,13.43469899493758,0.5,29
59,13.43469899493758,14.800458638647976,0.7829599370424247,13.43469899493758,0.5,29
60,13.43469899493758,14.631365981942336,0.6226848108378763,13.43469899493758,0.5,29
61,13.367156809750927,14.686547504550585,0.7948342555605269,13.367156809750927,0.5,29
62,13.43469899493758,14.689033749971802,0.7245402713412997,13.367156809750927,0.5,29
63,13.43469899493758,14.57872866371502,0.69122709744783,13.367156809750927,0.5,29
64,13.43469899493758,14.549510060806643,0.6617424840044864,13.367156809750927,0.5,29
65,13.43469899493758,14.432630243230644,0.6333034852209621,13.367156809750927,0.5,29
66,13.43469899493758,14.414911214442634,0.6468410584457553,13.367156809750927,0.5,29
67,13.367156809750927,14.385464379774312,0.7062089224925225,13.367156809750927,0.5,29
68,13.367156809750927,14.252958958340383,0.6482435343074262,13.367156809750927,0.5,29
69,13.333907960581373,14.324391842780276,0.6932562527416057,13.333907960581373,0.5,29
70,13.43469899493758,14.2938160981499,0.6869122376864629,13.333907960581373,0.5,29
71,13.43469899493758,14.213966102680699,0.6569366894880578,13.333907960581373,0.5,29
72,13.43469899493758,14.184738659678064,0.6489000053928344,13.333907960581373,0.5,29
73,13.43469899493758,14.31453396375316,0.8267356892863637,13.333907960581373,0.5,29
74,13.4,14.324655352585323,0.7751544961902066,13.333907960581373,0.5,29
75,13.333907960581373,14.280364879587626,0.8099663289347755,13.333907960581373,0.5,29
76,13.14355957741627,14.34869775074686,0.7396808471902739,13.14355957741627,0.5,29
77,13.14355957741627,14.307406655252299,0.7313635820815022,13.14355957741627,0.5,29
78,13.14355957741627,14.275021085819196,0.8261524987712737,13.14355957741627,0.5,29
79,13.316590212458495,14.118728217713981,0.7188469264340339,13.14355957741627,0.5,29
80,13.316590212458495,13.995557658295306,0.6374536285505791,13.14355957741627,0.5,29
81,13.281488772222678,14.072616894829238,0.6597505467467768,13.14355957741627,0.5,29
82,13.239607805437114,14.12155696782153,0.703867488435678,13.14355957741627,0.5,29
83,13.239607805437114,14.045613357613083,0.6307252249979828,13.14355957741627,0.5,29
84,13.239607805437114,13.974946529472433,0.6535722849699442,13.14355957741627,0.5,29
85,13.239607805437114,13.945712939160744,0.6038276854143738,13.14355957741627,0.5,29
86,13.193737745050923,13.974062657060047,0.6286311214098314,13.14355957741627,0.5,29
87,13.193737745050923,13.99729613489106,0.6032746267471728,13.14355957741627,0.5,29
88,13.193737745050923,13.99737448657603,0.6573379058978807,13.14355957741627,0.5,29
89,13.193737745050923,13.938919909321017,0.5668671617290134,13.14355957741627,0.5,29
90,13.193737745050923,13.968551424582913,0.6169665223947762,13.14355957741627,0.5,29
91,13.193737745050923,13.931519475321911,0.5957192998137817,13.14355957741627,0.5,29
92,13.193737745050923,13.90564089081324,0.6136541655189465,13.14355957741627,0.5,29
93,13.193737745050923,13.969218957618095,0.6525970769787403,13.14355957741627,0.5,29
94,13.193737745050923,13.933089621017231,0.711341415548861,13.14355957741627,0.5,29
95,13.193737745050923,13.999250835141114,0.782761674150365,13.14355957741627,0.5,29
96,13.193737745050923,13.986940806195296,0.7537821146766067,13.14355957741627,0.5,29
97,13.105547008526779,13.91321595382089,0.676125559270276,13.105547008526779,0.5,29
98,12.914213562373096,13.890656795672406,0.7094257717521371,12.914213562373096,0.5,29
99,12.914213562373096,13.849815767373535,0.6752880782671271,12.914213562373096,0.5,29
100,12.914213562373096,13.921208862006898,0.7869738082892775,12.914213562373096,0.5,29
0,19.09544511501033,20.868412513535958,0.9947689350846427,19.09544511501033,0.5,30
1,18.252396473549936,20.346487440307452,0.9494904450496336,18.252396473549936,0.5,30
2,16.2,19.75168269856634,1.1578393613629672,16.2,0.5,30
3,15.380972058177587,19.09167134997451,1.313718954432722,15.380972058177587,0.5,30
4,15.380972058177587,18.410554139359782,1.4907031901957832,15.380972058177587,0.5,30
5,15.380972058177587,17.74509438739268,1.3681584321540585,15.380972058177587,0.5,30
6,15.380972058177587,17.177140467113613,1.254592123046015,15.380972058177587,0.5,30
7,15.191366458960193,16.713999876939557,0.9200130818168775,15.191366458960193,0.5,30
8,14.837211521390788,16.40106317973135,0.8228248976536974,14.837211521390788,0.5,30
9,14.837211521390788,16.25777478613043,0.7370889063575568,14.837211521390788,0.5,30
10,14.881742422927143,16.015032687950796,0.625131280167142,14.837211521390788,0.5,30
11,14.431300056749532,15.684973004476866,0.5215098899035882,14.431300056749532,0.5,30
12,14.431300056749532,15.618632272105472,0.5954313829299354,14.431300056749532,0.5,30
13,14.431300056749532,15.534151341344874,0.686959678948326,14.431300056749532,0.5,30
14,14.431300056749532,15.390009190489513,0.627708782943873,14.431300056749532,0.5,30
15,14.12565782966318,15.249597088508242,0.6065049967699842,14.12565782966318,0.5,30
16,14.12565782966318,15.172841924115751,0.6375812221683272,14.12565782966318,0.5,30
17,14.10555127546399,15.030537985102558,0.5051265788133835,14.10555127546399,0.5,30
18,14.10555127546399,14.997347757387788,0.472004951332369,14.10555127546399,0.5,30
19,14.088409872672514,14.939107886033135,0.5340251770866541,14.088409872672514,0.5,30
20,14.088409872672514,14.937724652858817,0.528330019228848,14.088409872672514,0.5,30
21,14.088409872672514,14.885702002921507,0.48977689245868083,14.088409872672514,0.5,30
22,14.065941943351179,14.93463535723635,0.5983924044392305,14.065941943351179,0.5,30
23,14.065941943351179,14.891316071177274,0.5970996951350935,14.065941943351179,0.5,30
24,13.640967364599087,14.725866663191525,0.5986410197435331,13.640967364599087,0.5,30
25,13.640967364599087,14.721596135401978,0.6527984306805604,13.640967364599087,0.5,30
26,13.640967364599087,14.67072455259351,0.5512193497487019,13.640967364599087,0.5,30
27,13.595445115010332,14.52904004765453,0.5579418435756284,13.595445115010332,0.5,30
28,13.448683298050513,14.483506958712729,0.5358970164778368,13.448683298050513,0.5,30
29,13.595445115010332,14.512876896438605,0.5844621201900979,13.448683298050513,0.5,30
30,13.515167380558044,14.500524387058512,0.5658476516527431,13.448683298050513,0.5,30
31,13.515167380558044,14.633559325782599,0.7845066241148962,13.448683298050513,0.5,30
32,13.515167380558044,14.565364792429007,0.7641628486160306,13.448683298050513,0.5,30
33,13.515167380558044,14.503695981326244,0.761858813854738,13.448683298050513,0.5,30
34,13.515167380558044,14.42751991210321,0.7743426369758595,13.448683298050513,0.5,30
35,13.515167380558044,14.317310337176128,0.6092762530762171,13.448683298050513,0.5,30
36,13.513552872566004,14.472460306272604,0.7303015485262611,13.448683298050513,0.5,30
37,13.515167380558044,14.384865845595366,0.5497045502661367,13.448683298050513,0.5,30
38,13.515167380558044,14.468097355541778,0.6599823570190857,13.448683298050513,0.5,30
39,13.515167380558044,14.505526638263957,0.6806111576913537,13.448683298050513,0.5,30
40,13.595445115010332,14.571280790878225,0.72176764899167,13.448683298050513,0.5,30
41,13.595445115010332,14.5415633504281,0.6685991622047426,13.448683298050513,0.5,30
42,13.700000000000001,14.530641536699203,0.6633097138160401,13.448683298050513,0.5,30
43,13.408304597359457,14.586667945385324,0.7025825657956558,13.408304597359457,0.5,30
44,13.408304597359457,14.439451110426846,0.6793525870517846,13.408304597359457,0.5,30
45,13.408304597359457,14.301805939921323,0.5422140753400145,13.408304597359457,0.5,30
46,13.408304597359457,14.359130764530882,0.6100599214465572,13.408304597359457,0.5,30
47,13.408304597359457,14.192028928628314,0.5166960114694376,13.408304597359457,0.5,30
48,13.408304597359457,14.352016635190871,0.6629085954368926,13.408304597359457,0.5,30
49,13.408304597359457,14.379607998597548,0.7668657957430931,13.408304597359457,0.5,30
50,13.408304597359457,14.34430507194953,0.8385306833241433,13.408304597359457,0.5,30
51,13.299999999999999,14.30040824235629,0.7771432037863631,13.299999999999999,0.5,30
52,13.299999999999999,14.362399109272548,0.8408114198453248,13.299999999999999,0.5,30
53,13.2295630140987,14.372575272657828,0.8673865497380977,13.2295630140987,0.5,30
54,13.299999999999999,14.474572807324606,0.8539979228388879,13.2295630140987,0.5,30
55,13.299999999999999,14.39761204775548,0.911697008154231,13.2295630140987,0.5,30
56,13.299999999999999,14.220543859670775,0.7144804310452156,13.2295630140987,0.5,30
57,13.299999999999999,14.180641457845825,0.6771557520259655,13.2295630140987,0.5,30
58,13.299999999999999,14.329727611107563,0.9064551156765001,13.2295630140987,0.5,30
59,13.299999999999999,14.337721582507372,0.9309044264119787,13.2295630140987,0.5,30
60,13.299999999999999,14.399248016550905,1.0087212795724174,13.2295630140987,0.5,30
61,13.299999999999999,14.40590483552774,0.9280650933611829,13.2295630140987,0.5,30
62,13.299999999999999,14.242498227534552,0.7100747409648154,13.2295630140987,0.5,30
63,13.200000000000001,14.314542790561063,0.7068269222629711,13.200000000000001,0.5,30
64,13.200000000000001,14.269267922596125,0.7574261697624033,13.200000000000001,0.5,30
65,13.299999999999999,14.188571539156017,0.635022187889741,13.200000000000001,0.5,30
66,13.16770782520313,14.200074569919682,0.8399424108805952,13.16770782520313,0.5,30
67,13.16770782520313,14.252074852101943,0.817882486989236,13.16770782520313,0.5,30
68,13.299999999999999,14.274242518080532,0.8161211887459937,13.16770782520313,0.5,30
69,13.299999999999999,14.24150543666524,0.8496338063092993,13.16770782520313,0.5,30
70,13.299999999999999,14.147054346427598,0.8560617812737892,13.16770782520313,0.5,30
71,13.299999999999999,14.262678353636675,0.7710638813456737,13.16770782520313,0.5,30
72,13.179795897113271,14.204003079441765,0.6909948989201444,13.16770782520313,0.5,30
73,13.299999999999999,14.172377228344493,0.7455253767816044,13.16770782520313,0.5,30
74,13.299999999999999,14.126548916912418,0.6342246972879887,13.16770782520313,0.5,30
75,13.112403840463596,14.05339572503143,0.6167115634042022,13.112403840463596,0.5,30
76,13.112403840463596,14.015134446871748,0.5779070482162759,13.112403840463596,0.5,30
77,13.112403840463596,14.181472303802659,0.8567769541297712,13.112403840463596,0.5,30
78,13.112403840463596,14.118827168684197,0.8898104898490953,13.112403840463596,0.5,30
79,13.112403840463596,13.935992408872558,0.6742961565699943,13.112403840463596,0.5,30
80,13.16770782520313,14.048319006856095,0.8636825581188539,13.112403840463596,0.5,30
81,13.299999999999999,13.973087237006503,0.5987432835811058,13.112403840463596,0.5,30
82,13.112403840463596,13.998598645539419,0.6749180749562365,13.112403840463596,0.5,30
83,13.200000000000001,14.072484387687062,0.787175060517639,13.112403840463596,0.5,30
84,13.200000000000001,14.08686449026928,0.6672737734943478,13.112403840463596,0.5,30
85,13.127361849549569,14.102773049402488,0.6963093932761436,13.112403840463596,0.5,30
86,13.127361849549569,14.136887484440757,0.8113322079804846,13.112403840463596,0.5,30
87,13.127361849549569,14.038248479942466,0.6990345511826537,13.112403840463596,0.5,30
88,13.127361849549569,14.014915786174443,0.7736526546446758,13.112403840463596,0.5,30
89,13.127361849549569,13.971755699361122,0.6871372857155141,13.112403840463596,0.5,30
90,13.127361849549569,13.949507586696782,0.6551063249198017,13.112403840463596,0.5,30
91,13.127361849549569,13.935982103265955,0.6986397907670858,13.112403840463596,0.5,30
92,13.127361849549569,14.024585488308785,0.8979982090917533,13.112403840463596,0.5,30
93,13.127361849549569,14.010408934836658,0.7996672390127928,13.112403840463596,0.5,30
94,13.127361849549569,14.124090336979974,0.8225611760996548,13.112403840463596,0.5,30
95,13.112403840463596,14.008728024370301,0.6920177813049857,13.112403840463596,0.5,30
96,13.112403840463596,14.023846046143792,0.56247197695315,13.112403840463596,0.5,30
97,13.112403840463596,14.09492256911179,0.7966593169867727,13.112403840463596,0.5,30
98,13.112403840463596,14.033494050731258,0.7508606409571423,13.112403840463596,0.5,30
99,13.127361849549569,13.965435251442749,0.6204697429266683,13.112403840463596,0.5,30
100,13.127361849549569,14.1015662625834,0.7396533380744567,13.112403840463596,0.5,30
