generation,best_fitness,mean_fitness,std_fitness,best_so_far,mutation_rate,run
0,18.274165738677393,20.638774023056854,1.1615059153322291,18.274165738677393,0.5,1
1,15.368438714135813,19.99396920014969,1.34019913762353,15.368438714135813,0.4808175423786517,1
2,15.368438714135813,19.28686819029689,1.248071453530874,15.368438714135813,0.46237101811809306,1
3,15.368438714135813,18.523107152082183,1.332636875872358,15.368438714135813,0.44463219319731306,1
4,15.368438714135813,17.729045696167535,1.447382344157755,15.368438714135813,0.42757391679112383,1
5,15.368438714135813,17.033569675592286,1.146194623256252,15.368438714135813,0.41117007971344455,1
6,15.368438714135813,16.623749409988637,1.122287856620179,15.368438714135813,0.3953955744549055,1
7,15.059591794226542,16.231434835416863,0.8546953487357337,15.059591794226542,0.38022625675360566,1
8,15.049615361854386,15.97608215948226,0.811903791876897,15.049615361854386,0.36563890864020576,1
9,14.720897306865446,15.642366317368865,0.5479295259350088,14.720897306865446,0.35161120290079223,1
10,14.456465996625052,15.465103456511597,0.6240955213093323,14.456465996625052,0.3381216689031207,1
11,14.456465996625052,15.325412616230246,0.5349651220582434,14.456465996625052,0.32514965973393334,1
12,14.11245154965971,15.229862681619203,0.46997927951542207,14.11245154965971,0.3126753205970494,1
13,14.11245154965971,15.062978351428848,0.40433448800205973,14.11245154965971,0.30067955842386057,1
14,14.11245154965971,15.040398047628695,0.5354986715255204,14.11245154965971,0.28914401264971773,1
15,14.11245154965971,15.03507008849682,0.6419933284694471,14.11245154965971,0.2780510271114781,1
16,14.11245154965971,14.863270450815753,0.4874812088921606,14.11245154965971,0.2673836230232015,1
17,14.11245154965971,14.765312211339952,0.45058232398142517,14.11245154965971,0.25712547298863125,1
18,14.11245154965971,14.62515070845887,0.35486244705934655,14.11245154965971,0.24726087601068414,1
19,14.11245154965971,14.604930924981382,0.5008804751575858,14.11245154965971,0.23777473345969932,1
20,14.11245154965971,14.535896164095975,0.4605442085474163,14.11245154965971,0.22865252596366317,1
21,14.11245154965971,14.354689753287762,0.3242134090040557,14.11245154965971,0.21988029118503877,1
22,13.949137674618944,14.290830627908019,0.3034145192964551,13.949137674618944,0.2114446024501853,1
23,13.949137674618944,14.22124128105871,0.2556042277109796,13.949137674618944,0.20333254819865823,1
24,13.949137674618944,14.27117116093868,0.44638624405176947,13.949137674618944,0.1955317122209352,1
25,13.949137674618944,14.265722241202122,0.4579028112604775,13.949137674618944,0.1880301546543197,1
26,13.929705854077836,14.172948925102023,0.2195880728527327,13.929705854077836,0.18081639370793556,1
27,13.929705854077836,14.172181972034009,0.2970598317267939,13.929705854077836,0.17387938808884054,1
28,13.929705854077836,14.182361022984418,0.4771804287019469,13.929705854077836,0.16720852010236023,1
29,13.929705854077836,14.070037837307744,0.23762494223168568,13.929705854077836,0.16079357940077646,1
30,13.929705854077836,14.002272735104723,0.19192353605350637,13.929705854077836,0.15462474735549586,1
31,13.929705854077836,13.984775076407713,0.18977813701687735,13.929705854077836,0.14869258202877889,1
32,13.929705854077836,14.099226980700392,0.44160787213646024,13.929705854077836,0.14298800372202708,1
33,13.914213562373096,14.038879780071317,0.30126648167238756,13.914213562373096,0.13750228107850912,1
34,13.914213562373096,13.977164345710744,0.1783962231549916,13.914213562373096,0.13222701771925466,1
35,13.914213562373096,13.978020264390175,0.16134789570429742,13.914213562373096,0.12715413939166093,1
36,13.914213562373096,13.962765914744205,0.13583174266559084,13.914213562373096,0.12227588161114182,1
37,13.914213562373096,13.99430385577824,0.35107309182741203,13.914213562373096,0.11758477777690436,1
38,13.914213562373096,13.942739161263216,0.05673394160566957,13.914213562373096,0.1130736477436621,1
39,13.914213562373096,13.948024824606144,0.14116263057709286,13.914213562373096,0.10873558683179398,1
40,13.914213562373096,13.932153524843175,0.05744876428492855,13.914213562373096,0.10456395525912732,1
41,13.914213562373096,13.941205492777703,0.07974885817378495,13.914213562373096,0.1005523679781698,1
42,13.914213562373096,13.93099742877082,0.06504936324841652,13.914213562373096,0.09669468490323486,1
43,13.914213562373096,13.942346944090566,0.11285896196192446,13.914213562373096,0.092985001512503,1
44,13.914213562373096,13.939929399647433,0.1446096912451793,13.914213562373096,0.0894176398106338,1
45,13.840967364599086,14.000942271820373,0.35892971588186545,13.840967364599086,0.08598713963809686,1
46,13.840967364599086,13.953273665074779,0.1984795916535929,13.840967364599086,0.08268825031391935,1
47,13.840967364599086,13.951268842201232,0.19810489053787755,13.840967364599086,0.07951592259905897,1
48,13.840967364599086,13.927284716494439,0.1291010732227368,13.840967364599086,0.07646530096810125,1
49,13.700000000000001,13.917903649073994,0.13444811536809628,13.700000000000001,0.07353171617745276,1
50,13.700000000000001,13.90218117647305,0.08661718594223637,13.700000000000001,0.07071067811865475,1
51,13.700000000000001,13.940928100037127,0.4004313993206573,13.700000000000001,0.06799786894587896,1
52,13.700000000000001,13.8743676161904,0.15469661753551736,13.700000000000001,0.06538913646708631,1
53,13.526649916142159,13.82137130574376,0.09117388997317505,13.526649916142159,0.06288048778873342,1
54,13.526649916142159,13.791910535102723,0.12049136299840972,13.526649916142159,0.06046808320429925,1
55,13.526649916142159,13.775611115108315,0.16372719931219767,13.526649916142159,0.05814823031727798,1
56,13.408304597359457,13.718411257017262,0.14113741664442386,13.408304597359457,0.05591737838964281,1
57,13.408304597359457,13.70192929077511,0.17121824748882533,13.408304597359457,0.05377211290713039,1
58,13.408304597359457,13.629650382830196,0.11254428627984268,13.408304597359457,0.051709150353027616,1
59,13.408304597359457,13.59134664860882,0.12050285019767118,13.408304597359457,0.049725333182461855,1
60,13.377032961426902,13.567651843410344,0.18015578570331242,13.377032961426902,0.04781762498950185,1
61,13.377032961426902,13.525508291675722,0.21094546357496607,13.377032961426902,0.045983105859672566,1
62,13.377032961426902,13.499886191532573,0.21761551533915038,13.377032961426902,0.044218967900770276,1
63,13.377032961426902,13.465147298627382,0.20137133226312987,13.377032961426902,0.042522510945137704,1
64,13.377032961426902,13.465931555064492,0.23981176318151498,13.377032961426902,0.040891138416820856,1
65,13.377032961426902,13.397977235813316,0.027680672200863614,13.377032961426902,0.039322353357282146,1
66,13.377032961426902,13.403649995832584,0.09225927092714377,13.377032961426902,0.03781375460358665,1
67,13.377032961426902,13.388639776847462,0.033487673053869155,13.377032961426902,0.036363033113211915,1
68,13.377032961426902,13.39915246870384,0.146030320885508,13.377032961426902,0.03496796842985617,1
69,13.377032961426902,13.40360350439508,0.12721260253753336,13.377032961426902,0.03362642528483546,1
70,13.377032961426902,13.396548096786043,0.10146393975483457,13.377032961426902,0.03233635032886788,1
71,13.377032961426902,13.408913125885542,0.18909999951837045,13.377032961426902,0.031095768989242715,1
72,13.377032961426902,13.380643976003949,0.025277102039296825,13.377032961426902,0.029902782447563944,1
73,13.377032961426902,13.377032961426906,3.552713678800501e-15,13.377032961426902,0.028755564733442356,1
74,13.377032961426902,13.409202218177985,0.17824328675244624,13.377032961426902,0.027652359929687963,1
75,13.377032961426902,13.401444656125172,0.17088186288787624,13.377032961426902,0.026591479484724942,1
76,13.377032961426902,13.468742703650806,0.47968176207828844,13.377032961426902,0.025571299628115565,1
77,13.377032961426902,13.517099596754692,0.6129219211773473,13.377032961426902,0.02459025888523731,1
78,13.377032961426902,13.43969210259737,0.43861398819325303,13.377032961426902,0.023646855687309214,1
79,13.377032961426902,13.377032961426906,3.552713678800501e-15,13.377032961426902,0.022739646073109316,1
80,13.377032961426902,13.397191168680925,0.14110745077814255,13.377032961426902,0.021867241478865557,1
81,13.377032961426902,13.416842345336917,0.19504183175862294,13.377032961426902,0.0210283066129373,1
82,13.377032961426902,13.377032961426906,3.552713678800501e-15,13.377032961426902,0.020221557412034533,1
83,13.377032961426902,13.412479019145575,0.17681438831522353,13.377032961426902,0.019445759075846503,1
84,13.377032961426902,13.391425561292557,0.10074819905957426,13.377032961426902,0.018699724177071754,1
85,13.377032961426902,13.391425561292557,0.10074819905957426,13.377032961426902,0.01798231084395659,1
86,13.377032961426902,13.391260499651816,0.09959276757438568,13.377032961426902,0.01729242101256037,1
87,13.377032961426902,13.377032961426906,3.552713678800501e-15,13.377032961426902,0.016628998746072467,1
88,13.377032961426902,13.393558894955113,0.11568153469745435,13.377032961426902,0.015991028618608488,1
89,13.377032961426902,13.393558894955113,0.11568153469745435,13.377032961426902,0.015377534161012035,1
90,13.377032961426902,13.378846458702428,0.012694480928672078,13.377032961426902,0.014787576366283138,1
91,13.377032961426902,13.377032961426906,3.552713678800501e-15,13.377032961426902,0.01422025225234578,1
92,13.377032961426902,13.377032961426906,3.552713678800501e-15,13.377032961426902,0.013674693479954769,1
93,13.377032961426902,13.377032961426906,3.552713678800501e-15,13.377032961426902,0.013150065023626447,1
94,13.377032961426902,13.391260499651816,0.09959276757438568,13.377032961426902,0.012645563893559074,1
95,13.377032961426902,13.377032961426906,3.552713678800501e-15,13.377032961426902,0.012160417906586576,1
96,13.377032961426902,13.385569111819176,0.05975305274590777,13.377032961426902,0.01169388450428461,1
97,13.377032961426902,13.461712733942317,0.4411568969967209,13.377032961426902,0.011245249616419848,1
98,13.377032961426902,13.385569111819176,0.05975305274590776,13.377032961426902,0.010813826568002933,1
99,13.377032961426902,13.385569111819176,0.05975305274590777,13.377032961426902,0.01039895502827228,1
100,13.377032961426902,13.377032961426906,3.552713678800501e-15,13.377032961426902,0.01,1
0,18.63527000944073,20.70239265072595,1.1324407336486848,18.63527000944073,0.5,2
1,17.172004514666934,20.035847149226434,1.1755543235757595,17.172004514666934,0.4808175423786517,2
2,16.657342370508886,19.40718155040188,1.336737178542778,16.657342370508886,0.46237101811809306,2
3,15.73072757526625,18.789041727566204,1.4378350802208868,15.73072757526625,0.44463219319731306,2
4,14.761706725018236,17.849869271809343,1.3991270514116305,14.761706725018236,0.42757391679112383,2
5,14.593468988235944,17.12081940057195,1.2137708269826721,14.593468988235944,0.41117007971344455,2
6,14.761706725018236,16.542381696312553,0.9673741440714375,14.593468988235944,0.3953955744549055,2
7,14.761706725018236,16.135109534579147,0.8065962379896856,14.593468988235944,0.38022625675360566,2
8,14.761706725018236,15.880317490013816,0.6909045187201694,14.593468988235944,0.36563890864020576,2
9,14.761706725018236,15.566199518461719,0.4728443177986943,14.593468988235944,0.35161120290079223,2
10,14.761706725018236,15.4900224874639,0.4415147967339243,14.593468988235944,0.3381216689031207,2
11,14.509980079602226,15.398054214479341,0.42264963096733904,14.509980079602226,0.32514965973393334,2
12,14.761706725018236,15.325742691406493,0.3987079619223686,14.509980079602226,0.3126753205970494,2
13,14.761706725018236,15.231332619066428,0.4437409290674732,14.509980079602226,0.30067955842386057,2
14,14.440063693621518,15.185702655079188,0.5649585372023159,14.440063693621518,0.28914401264971773,2
15,14.440063693621518,15.099442474730232,0.43055436817370757,14.440063693621518,0.2780510271114781,2
16,14.593468988235944,15.115205229340352,0.5338525480468815,14.440063693621518,0.2673836230232015,2
17,14.593468988235944,15.007951922023448,0.3800040878138001,14.440063693621518,0.25712547298863125,2
18,14.593468988235944,14.9770027092673,0.4418305631962637,14.440063693621518,0.24726087601068414,2
19,14.593468988235944,14.917192976896061,0.43871167712044634,14.440063693621518,0.23777473345969932,2
20,14.593468988235944,14.847186087937498,0.312107052802088,14.440063693621518,0.22865252596366317,2
21,14.472458299147444,14.810276365932857,0.3155166016628126,14.440063693621518,0.21988029118503877,2
22,14.472458299147444,14.753351733250884,0.253968647820733,14.440063693621518,0.2114446024501853,2
23,14.472458299147444,14.763497441343093,0.2844304185735943,14.440063693621518,0.20333254819865823,2
24,14.472458299147444,14.779976493348604,0.3710362501439086,14.440063693621518,0.1955317122209352,2
25,14.472458299147444,14.719773198171547,0.2954366510695363,14.440063693621518,0.1880301546543197,2
26,14.472458299147444,14.701327136841824,0.3371833969759581,14.440063693621518,0.18081639370793556,2
27,14.472458299147444,14.674639509613247,0.30605735281035834,14.440063693621518,0.17387938808884054,2
28,14.472458299147444,14.738105480578268,0.45032615963994327,14.440063693621518,0.16720852010236023,2
29,14.472458299147444,14.698372373153989,0.40525486957140006,14.440063693621518,0.16079357940077646,2
30,14.472458299147444,14.735431648699244,0.460640846571216,14.440063693621518,0.15462474735549586,2
31,14.472458299147444,14.548729011717755,0.12399061501986007,14.440063693621518,0.14869258202877889,2
32,14.073644135332772,14.575681149266783,0.24338272377099365,14.073644135332772,0.14298800372202708,2
33,14.073644135332772,14.54123630756475,0.24000386245355276,14.073644135332772,0.13750228107850912,2
34,14.073644135332772,14.525705337401012,0.3058648305029038,14.073644135332772,0.13222701771925466,2
35,14.073644135332772,14.468855734815302,0.24917673984669605,14.073644135332772,0.12715413939166093,2
36,14.073644135332772,14.411702481098619,0.21122388582373214,14.073644135332772,0.12227588161114182,2
37,14.073644135332772,14.404676216746234,0.2890494288836013,14.073644135332772,0.11758477777690436,2
38,14.073644135332772,14.366902176255289,0.38511063311758365,14.073644135332772,0.1130736477436621,2
39,14.073644135332772,14.330298416852706,0.4389395402878111,14.073644135332772,0.10873558683179398,2
40,14.073644135332772,14.26589529032121,0.4458615005906126,14.073644135332772,0.10456395525912732,2
41,14.073644135332772,14.248513515613135,0.5268530261704517,14.073644135332772,0.1005523679781698,2
42,14.073644135332772,14.19707116377116,0.4419733292358429,14.073644135332772,0.09669468490323486,2
43,14.060107523773826,14.126032779682133,0.2267529732503966,14.060107523773826,0.092985001512503,2
44,14.060107523773826,14.175763029668367,0.325048395204651,14.060107523773826,0.0894176398106338,2
45,14.060107523773826,14.104817247343705,0.16997382288198246,14.060107523773826,0.08598713963809686,2
46,13.9,14.143325767508898,0.27893410427896503,13.9,0.08268825031391935,2
47,13.9,14.135748056406923,0.24056572381809044,13.9,0.07951592259905897,2
48,13.9,14.084386376375418,0.12351513787606877,13.9,0.07646530096810125,2
49,13.9,14.063519731409727,0.06665022060471332,13.9,0.07353171617745276,2
50,13.9,14.086213058083162,0.2070635435275341,13.9,0.07071067811865475,2
51,13.9,14.111570863050138,0.4034761982068871,13.9,0.06799786894587896,2
52,13.9,14.041440882399154,0.14179739737732378,13.9,0.06538913646708631,2
53,13.9,13.987270259531401,0.08060744473411233,13.9,0.06288048778873342,2
54,13.9,14.062814228082965,0.4103999585890055,13.9,0.06046808320429925,2
55,13.9,14.013085131860526,0.3759072788064527,13.9,0.05814823031727798,2
56,13.9,13.93788793603499,0.09978160502505368,13.9,0.05591737838964281,2
57,13.9,14.002906137008237,0.487620646962377,13.9,0.05377211290713039,2
58,13.9,13.92582785609191,0.13707730380500832,13.9,0.051709150353027616,2
59,13.9,13.942305645819555,0.2082172520158531,13.9,0.049725333182461855,2
60,13.9,13.959542656009733,0.21366517034173046,13.9,0.04781762498950185,2
61,13.9,13.9,0.0,13.9,0.045983105859672566,2
62,13.9,13.915817804600414,0.11072463220289284,13.9,0.044218967900770276,2
63,13.9,13.936581428433506,0.18090978399941152,13.9,0.042522510945137704,2
64,13.9,13.9,0.0,13.9,0.040891138416820856,2
65,13.581138830084189,13.907204285615167,0.10585091655975563,13.581138830084189,0.039322353357282146,2
66,13.581138830084189,13.932765279943446,0.20700477349693647,13.581138830084189,0.03781375460358665,2
67,13.581138830084189,13.92814968372667,0.2184337567793984,13.581138830084189,0.036363033113211915,2
68,13.581138830084189,13.925652047202165,0.2887769309750311,13.581138830084189,0.03496796842985617,2
69,13.581138830084189,13.954785324979525,0.45124751349473713,13.581138830084189,0.03362642528483546,2
70,13.581138830084189,13.924955397079579,0.4560085481728064,13.581138830084189,0.03233635032886788,2
71,13.581138830084189,13.808439471806928,0.20450444587494576,13.581138830084189,0.031095768989242715,2
72,13.581138830084189,13.738366302010458,0.18532188363084182,13.581138830084189,0.029902782447563944,2
73,13.581138830084189,13.664452035330473,0.14058144440686787,13.581138830084189,0.028755564733442356,2
74,13.581138830084189,13.619811471542256,0.10475932935722167,13.581138830084189,0.027652359929687963,2
75,13.581138830084189,13.594302577948993,0.0645213946878446,13.581138830084189,0.026591479484724942,2
76,13.581138830084189,13.620042952781036,0.17233864558230402,13.581138830084189,0.025571299628115565,2
77,13.581138830084189,13.602627900424755,0.15042349238396416,13.581138830084189,0.02459025888523731,2
78,13.581138830084189,13.602797153326847,0.15160826269860075,13.581138830084189,0.023646855687309214,2
79,13.581138830084189,13.602797153326847,0.15160826269860078,13.581138830084189,0.022739646073109316,2
80,13.581138830084189,13.581138830084189,0.0,13.581138830084189,0.021867241478865557,2
81,13.581138830084189,13.61613803116812,0.24499440758751193,13.581138830084189,0.0210283066129373,2
82,13.581138830084189,13.61613803116812,0.24499440758751193,13.581138830084189,0.020221557412034533,2
83,13.581138830084189,13.581138830084189,0.0,13.581138830084189,0.019445759075846503,2
84,13.581138830084189,13.581138830084189,0.0,13.581138830084189,0.018699724177071754,2
85,13.581138830084189,13.581138830084189,0.0,13.581138830084189,0.01798231084395659,2
86,13.581138830084189,13.649992322398298,0.33838320118065685,13.581138830084189,0.01729242101256037,2
87,13.581138830084189,13.581138830084189,0.0,13.581138830084189,0.016628998746072467,2
88,13.581138830084189,13.581138830084189,0.0,13.581138830084189,0.015991028618608488,2
89,13.581138830084189,13.581138830084189,0.0,13.581138830084189,0.015377534161012035,2
90,13.581138830084189,13.581138830084189,0.0,13.581138830084189,0.014787576366283138,2
91,13.581138830084189,13.581138830084189,0.0,13.581138830084189,0.01422025225234578,2
92,13.581138830084189,13.581138830084189,0.0,13.581138830084189,0.013674693479954769,2
93,13.581138830084189,13.5940673872475,0.09049990014317254,13.581138830084189,0.013150065023626447,2
94,13.581138830084189,13.5940673872475,0.09049990014317255,13.581138830084189,0.012645563893559074,2
95,13.581138830084189,13.581138830084189,0.0,13.581138830084189,0.012160417906586576,2
96,13.581138830084189,13.581138830084189,0.0,13.581138830084189,0.01169388450428461,2
97,13.581138830084189,13.581138830084189,0.0,13.581138830084189,0.011245249616419848,2
98,13.581138830084189,13.581138830084189,0.0,13.581138830084189,0.010813826568002933,2
99,13.581138830084189,13.581138830084189,0.0,13.581138830084189,0.01039895502827228,2
100,13.581138830084189,13.581138830084189,0.0,13.581138830084189,0.01,2
0,18.949545416973503,20.703709157735183,0.9472739511528281,18.949545416973503,0.5,3
1,15.293325909419153,20.200108963357597,1.1410556040428839,15.293325909419153,0.4808175423786517,3
2,15.293325909419153,19.522090921306226,1.3154563757940023,15.293325909419153,0.46237101811809306,3
3,14.621347195933177,18.64406438864088,1.6033762488652508,14.621347195933177,0.44463219319731306,3
4,14.417935662402835,17.822321204791304,1.6187295049561006,14.417935662402835,0.42757391679112383,3
5,14.417935662402835,17.013266462510188,1.5554828742652855,14.417935662402835,0.41117007971344455,3
6,13.910844001658269,16.382153615629665,1.3582307617584972,13.910844001658269,0.3953955744549055,3
7,13.910844001658269,15.853322611303426,1.1649817329892458,13.910844001658269,0.38022625675360566,3
8,13.910844001658269,15.41853498896755,0.8945073421583843,13.910844001658269,0.36563890864020576,3
9,13.790724809414742,15.167756182260142,0.8152490622853165,13.790724809414742,0.35161120290079223,3
10,13.845906043549196,15.019631013525027,0.8246833751322882,13.790724809414742,0.3381216689031207,3
11,13.845906043549196,14.805054031999376,0.5972093220393486,13.790724809414742,0.32514965973393334,3
12,13.81069386451104,14.649966371824789,0.47482209659188823,13.790724809414742,0.3126753205970494,3
13,13.785229954635271,14.498978334897101,0.44261296265031697,13.785229954635271,0.30067955842386057,3
14,13.70199920063936,14.470011191623584,0.5687446347277839,13.70199920063936,0.28914401264971773,3
15,13.581138830084189,14.3443158270729,0.47699819889887835,13.581138830084189,0.2780510271114781,3
16,13.581138830084189,14.193066642404073,0.33089516738393526,13.581138830084189,0.2673836230232015,3
17,13.414213562373096,14.118593011394971,0.39026757724032163,13.414213562373096,0.25712547298863125,3
18,13.414213562373096,14.104424316329306,0.43916996943446607,13.414213562373096,0.24726087601068414,3
19,13.414213562373096,14.08911219229385,0.5011260748089379,13.414213562373096,0.23777473345969932,3
20,13.414213562373096,13.996711823272284,0.5265157185943562,13.414213562373096,0.22865252596366317,3
21,13.414213562373096,13.904682508220883,0.4738262838191187,13.414213562373096,0.21988029118503877,3
22,13.414213562373096,13.828886730895038,0.44782327163274,13.414213562373096,0.2114446024501853,3
23,13.256465996625053,13.776275913128838,0.516516599895334,13.256465996625053,0.20333254819865823,3
24,13.256465996625053,13.701470360584072,0.4669733148491704,13.256465996625053,0.1955317122209352,3
25,13.140175425099137,13.59348632042657,0.37471146834334634,13.140175425099137,0.1880301546543197,3
26,13.140175425099137,13.54265694316096,0.3154542476851454,13.140175425099137,0.18081639370793556,3
27,13.140175425099137,13.46032932970197,0.21104052329244607,13.140175425099137,0.17387938808884054,3
28,13.140175425099137,13.53845194157808,0.4200463989630385,13.140175425099137,0.16720852010236023,3
29,13.140175425099137,13.411785740994187,0.21857598614273663,13.140175425099137,0.16079357940077646,3
30,13.140175425099137,13.385560509746986,0.23938819203782935,13.140175425099137,0.15462474735549586,3
31,13.140175425099137,13.343730398517177,0.19898135949384396,13.140175425099137,0.14869258202877889,3
32,13.140175425099137,13.360841288803417,0.24897397242086292,13.140175425099137,0.14298800372202708,3
33,13.140175425099137,13.316577616069553,0.2725449957992222,13.140175425099137,0.13750228107850912,3
34,13.140175425099137,13.275736062294577,0.2944803102801646,13.140175425099137,0.13222701771925466,3
35,13.140175425099137,13.176453861241628,0.07073031309566567,13.140175425099137,0.12715413939166093,3
36,13.140175425099137,13.203922249811198,0.17182213683165315,13.140175425099137,0.12227588161114182,3
37,13.140175425099137,13.222142608813199,0.23307307950280265,13.140175425099137,0.11758477777690436,3
38,13.140175425099137,13.263311905974037,0.42493415710326177,13.140175425099137,0.1130736477436621,3
39,13.140175425099137,13.218927052029867,0.2883267492902031,13.140175425099137,0.10873558683179398,3
40,13.140175425099137,13.168588805238924,0.15009067835022577,13.140175425099137,0.10456395525912732,3
41,13.140175425099137,13.179825885771828,0.19473020432051147,13.140175425099137,0.1005523679781698,3
42,13.140175425099137,13.195860264618473,0.22221032256459686,13.140175425099137,0.09669468490323486,3
43,13.140175425099137,13.174663773120455,0.16977697154219942,13.140175425099137,0.092985001512503,3
44,13.140175425099137,13.164195880399998,0.12521999115638965,13.140175425099137,0.0894176398106338,3
45,13.140175425099137,13.183585902020143,0.21945091329716798,13.140175425099137,0.08598713963809686,3
46,13.140175425099137,13.194733853848616,0.22517278233953983,13.140175425099137,0.08268825031391935,3
47,13.140175425099137,13.160765793510553,0.14413257887990766,13.140175425099137,0.07951592259905897,3
48,13.140175425099137,13.180624655731993,0.1401515469305255,13.140175425099137,0.07646530096810125,3
49,13.140175425099137,13.187881187023208,0.1719416005609522,13.140175425099137,0.07353171617745276,3
50,13.140175425099137,13.18113071364603,0.18549681418059774,13.140175425099137,0.07071067811865475,3
51,13.140175425099137,13.1974159067337,0.2525862095979657,13.140175425099137,0.06799786894587896,3
52,13.140175425099137,13.1907907763657,0.20159012053633046,13.140175425099137,0.06538913646708631,3
53,13.140175425099137,13.140175425099137,0.0,13.140175425099137,0.06288048778873342,3
54,13.140175425099137,13.19990222841579,0.29388412372684736,13.140175425099137,0.06046808320429925,3
55,13.140175425099137,13.140175425099137,0.0,13.140175425099137,0.05814823031727798,3
56,13.140175425099137,13.148050075808783,0.05512255496751283,13.140175425099137,0.05591737838964281,3
57,13.140175425099137,13.149371916597154,0.0643754404861207,13.140175425099137,0.05377211290713039,3
58,13.140175425099137,13.161154009166193,0.14685008846938963,13.140175425099137,0.051709150353027616,3
59,12.777032961426901,13.157706664251366,0.15831316363677314,12.777032961426901,0.049725333182461855,3
60,12.777032961426901,13.136311932684857,0.054687712930566984,12.777032961426901,0.04781762498950185,3
61,12.777032961426901,13.139539340318207,0.10556984130104977,12.777032961426901,0.045983105859672566,3
62,12.777032961426901,13.127414993485358,0.1538074936806172,12.777032961426901,0.044218967900770276,3
63,12.777032961426901,13.124920991105665,0.23556602762873152,12.777032961426901,0.042522510945137704,3
64,12.777032961426901,13.064884554693535,0.25355217612598924,12.777032961426901,0.040891138416820856,3
65,12.777032961426901,13.017113279933826,0.25760293422759123,12.777032961426901,0.039322353357282146,3
66,12.777032961426901,12.93005377796658,0.20816643878672494,12.777032961426901,0.03781375460358665,3
67,12.777032961426901,12.880754335334904,0.2597632408877815,12.777032961426901,0.036363033113211915,3
68,12.757583690279022,12.791169674550833,0.07129247352906891,12.757583690279022,0.03496796842985617,3
69,12.757583690279022,12.788386481694063,0.06090042027802699,12.757583690279022,0.03362642528483546,3
70,12.757583690279022,12.811637290631651,0.20790214076302116,12.757583690279022,0.03233635032886788,3
71,12.757583690279022,12.794737742070131,0.10756304338878789,12.757583690279022,0.031095768989242715,3
72,12.757583690279022,12.77197615092845,0.008531116346091413,12.757583690279022,0.029902782447563944,3
73,12.757583690279022,12.768864267544792,0.009599353233294139,12.757583690279022,0.028755564733442356,3
74,12.757583690279022,12.777426580580268,0.09212329041364195,12.757583690279022,0.027652359929687963,3
75,12.757583690279022,12.76108455908564,0.0074721659692432805,12.757583690279022,0.026591479484724942,3
76,12.757583690279022,12.767240297038539,0.05401923275887227,12.757583690279022,0.025571299628115565,3
77,12.757583690279022,12.758750646547893,0.0046189459790694585,12.757583690279022,0.02459025888523731,3
78,12.757583690279022,12.75797267570198,0.0027228979607030724,12.757583690279022,0.023646855687309214,3
79,12.757583690279022,12.757583690279024,1.7763568394002505e-15,12.757583690279022,0.022739646073109316,3
80,12.757583690279022,12.757583690279024,1.7763568394002505e-15,12.757583690279022,0.021867241478865557,3
81,12.757583690279022,12.759755824052823,0.015204936416605115,12.757583690279022,0.0210283066129373,3
82,12.757583690279022,12.781026133554999,0.16409710293183405,12.757583690279022,0.020221557412034533,3
83,12.757583690279022,12.781026133554999,0.16409710293183402,12.757583690279022,0.019445759075846503,3
84,12.757583690279022,12.781026133554999,0.16409710293183402,12.757583690279022,0.018699724177071754,3
85,12.757583690279022,12.757583690279024,1.7763568394002505e-15,12.757583690279022,0.01798231084395659,3
86,12.757583690279022,12.786648896506609,0.20345644359309473,12.757583690279022,0.01729242101256037,3
87,12.757583690279022,12.757583690279024,1.7763568394002505e-15,12.757583690279022,0.016628998746072467,3
88,12.757583690279022,12.757583690279024,1.7763568394002505e-15,12.757583690279022,0.015991028618608488,3
89,12.757583690279022,12.757583690279024,1.7763568394002505e-15,12.757583690279022,0.015377534161012035,3
90,12.757583690279022,12.757583690279024,1.7763568394002505e-15,12.757583690279022,0.014787576366283138,3
91,12.757583690279022,12.757583690279024,1.7763568394002505e-15,12.757583690279022,0.01422025225234578,3
92,12.757583690279022,12.764965014796285,0.05166927162083934,12.757583690279022,0.013674693479954769,3
93,12.757583690279022,12.757583690279024,1.7763568394002505e-15,12.757583690279022,0.013150065023626447,3
94,12.757583690279022,12.757583690279024,1.7763568394002505e-15,12.757583690279022,0.012645563893559074,3
95,12.757583690279022,12.783092622033092,0.17856252227846395,12.757583690279022,0.012160417906586576,3
96,12.757583690279022,12.757583690279024,1.7763568394002505e-15,12.757583690279022,0.01169388450428461,3
97,12.757583690279022,12.757583690279024,1.7763568394002505e-15,12.757583690279022,0.011245249616419848,3
98,12.757583690279022,12.757583690279024,1.7763568394002505e-15,12.757583690279022,0.010813826568002933,3
99,12.757583690279022,12.757583690279024,1.7763568394002505e-15,12.757583690279022,0.01039895502827228,3
100,12.757583690279022,12.757583690279024,1.7763568394002505e-15,12.757583690279022,0.01,3
0,18.822497216032183,20.94296674313333,0.9990650324047304,18.822497216032183,0.5,4
1,17.12261107708929,20.355149323358834,1.0147038793079568,17.12261107708929,0.4808175423786517,4
2,16.387761134463375,19.652687160904932,1.205410553186646,16.387761134463375,0.46237101811809306,4
3,16.377902338672776,18.90516338034067,1.3006989095112085,16.377902338672776,0.44463219319731306,4
4,14.663818169698587,18.326777441831556,1.4121686814989145,14.663818169698587,0.42757391679112383,4
5,14.663818169698587,17.435915647615982,1.3295592519960013,14.663818169698587,0.41117007971344455,4
6,14.663818169698587,16.756464945969725,1.0162106106604218,14.663818169698587,0.3953955744549055,4
7,14.663818169698587,16.32837169395442,0.7241565436263363,14.663818169698587,0.38022625675360566,4
8,13.877032961426902,16.112117170986707,0.8331273420834664,13.877032961426902,0.36563890864020576,4
9,13.877032961426902,15.754111782094629,0.8745707570479401,13.877032961426902,0.35161120290079223,4
10,13.877032961426902,15.508918379021674,0.7908498360510139,13.877032961426902,0.3381216689031207,4
11,13.877032961426902,15.20297093812317,0.715614885686456,13.877032961426902,0.32514965973393334,4
12,13.877032961426902,14.918933423727625,0.5709243465345627,13.877032961426902,0.3126753205970494,4
13,13.829563014098701,14.786282708552974,0.5800859490247923,13.829563014098701,0.30067955842386057,4
14,13.829563014098701,14.566195750541812,0.5672311860192751,13.829563014098701,0.28914401264971773,4
15,13.829563014098701,14.376769773943327,0.5967860554196713,13.829563014098701,0.2780510271114781,4
16,13.829563014098701,14.24127080459645,0.5273733702818242,13.829563014098701,0.2673836230232015,4
17,13.663818169698587,14.061005416319256,0.32021528469774324,13.663818169698587,0.25712547298863125,4
18,13.663818169698587,14.003191812256585,0.2543804565906189,13.663818169698587,0.24726087601068414,4
19,13.663818169698587,13.922911566662417,0.201069205788377,13.663818169698587,0.23777473345969932,4
20,13.478232998312528,13.909815065743441,0.19438052461708322,13.478232998312528,0.22865252596366317,4
21,13.478232998312528,13.958434925500296,0.29488159594415986,13.478232998312528,0.21988029118503877,4
22,13.478232998312528,13.903687944312725,0.35734315544968104,13.478232998312528,0.2114446024501853,4
23,13.478232998312528,13.805629029467882,0.2784520123255964,13.478232998312528,0.20333254819865823,4
24,13.478232998312528,13.791030386727051,0.32134748333773133,13.478232998312528,0.1955317122209352,4
25,13.478232998312528,13.745009424481129,0.32037250215136015,13.478232998312528,0.1880301546543197,4
26,13.334846922834952,13.703532151787677,0.24747782825154788,13.334846922834952,0.18081639370793556,4
27,13.334846922834952,13.628877809536235,0.23669846695058458,13.334846922834952,0.17387938808884054,4
28,13.334846922834952,13.60092813851375,0.2293590438614831,13.334846922834952,0.16720852010236023,4
29,13.334846922834952,13.530840512366078,0.15978537256852324,13.334846922834952,0.16079357940077646,4
30,13.334846922834952,13.520650573562971,0.22237961246963758,13.334846922834952,0.15462474735549586,4
31,13.334846922834952,13.52162666679269,0.27960836345771267,13.334846922834952,0.14869258202877889,4
32,13.334846922834952,13.524166242732184,0.3259289376086233,13.334846922834952,0.14298800372202708,4
33,13.334846922834952,13.506550840552888,0.2897878609757829,13.334846922834952,0.13750228107850912,4
34,13.334846922834952,13.448522400218351,0.26429331641735193,13.334846922834952,0.13222701771925466,4
35,13.334846922834952,13.463924178245689,0.3145708699717547,13.334846922834952,0.12715413939166093,4
36,13.334846922834952,13.387325720913795,0.13993594348074528,13.334846922834952,0.12227588161114182,4
37,13.334846922834952,13.435165449703414,0.27311581968482795,13.334846922834952,0.11758477777690436,4
38,13.334846922834952,13.398171197969168,0.19538695985996019,13.334846922834952,0.1130736477436621,4
39,13.334846922834952,13.421546680030033,0.26798184937023434,13.334846922834952,0.10873558683179398,4
40,13.334846922834952,13.409688074416167,0.24810102380124494,13.334846922834952,0.10456395525912732,4
41,13.047722557505166,13.377681913168125,0.28505095184575,13.047722557505166,0.1005523679781698,4
42,13.047722557505166,13.37743582454517,0.3100216421148239,13.047722557505166,0.09669468490323486,4
43,13.047722557505166,13.346771869607542,0.23765645481957315,13.047722557505166,0.092985001512503,4
44,12.816227766016837,13.394088592115299,0.40424375871055834,12.816227766016837,0.0894176398106338,4
45,12.816227766016837,13.342425578054918,0.35108769707421894,12.816227766016837,0.08598713963809686,4
46,12.816227766016837,13.261012954908386,0.279570559996036,12.816227766016837,0.08268825031391935,4
47,12.816227766016837,13.171622912865175,0.2606217221899543,12.816227766016837,0.07951592259905897,4
48,12.816227766016837,13.148297899116292,0.33931613587557646,12.816227766016837,0.07646530096810125,4
49,12.816227766016837,13.067469974786986,0.31682161386843316,12.816227766016837,0.07353171617745276,4
50,12.816227766016837,12.968879306613422,0.1416976899596243,12.816227766016837,0.07071067811865475,4
51,12.816227766016837,12.949129186849378,0.2774333777790781,12.816227766016837,0.06799786894587896,4
52,12.816227766016837,12.910121111698022,0.30945264551348345,12.816227766016837,0.06538913646708631,4
53,12.816227766016837,12.874346315504502,0.20872006801434353,12.816227766016837,0.06288048778873342,4
54,12.816227766016837,12.844040974995071,0.11015914963428353,12.816227766016837,0.06046808320429925,4
55,12.816227766016837,12.891597912743986,0.2767639082409412,12.816227766016837,0.05814823031727798,4
56,12.816227766016837,12.851966510858015,0.18953385907646197,12.816227766016837,0.05591737838964281,4
57,12.816227766016837,12.90134874192122,0.339789062329784,12.816227766016837,0.05377211290713039,4
58,12.816227766016837,12.887702679226377,0.29952974031189705,12.816227766016837,0.051709150353027616,4
59,12.816227766016837,12.873970798812147,0.3003318045655579,12.816227766016837,0.049725333182461855,4
60,12.816227766016837,12.816227766016837,0.0,12.816227766016837,0.04781762498950185,4
61,12.816227766016837,12.816227766016837,0.0,12.816227766016837,0.045983105859672566,4
62,12.816227766016837,12.838707975308663,0.11013008415190148,12.816227766016837,0.044218967900770276,4
63,12.816227766016837,12.851327691898327,0.13915765443694872,12.816227766016837,0.042522510945137704,4
64,12.816227766016837,12.84935894987434,0.13221230223504063,12.816227766016837,0.040891138416820856,4
65,12.816227766016837,12.840087587252413,0.11709213847791419,12.816227766016837,0.039322353357282146,4
66,12.816227766016837,12.922198370781507,0.4548426087490809,12.816227766016837,0.03781375460358665,4
67,12.816227766016837,12.880390191368251,0.30898486616994375,12.816227766016837,0.036363033113211915,4
68,12.816227766016837,12.868743323950444,0.29108066469396954,12.816227766016837,0.03496796842985617,4
69,12.816227766016837,12.899265875235423,0.3515515323321473,12.816227766016837,0.03362642528483546,4
70,12.816227766016837,12.820857661846603,0.03240927080836602,12.816227766016837,0.03233635032886788,4
71,12.799999999999999,12.827143315342415,0.07875985787997256,12.799999999999999,0.031095768989242715,4
72,12.799999999999999,12.826818760022077,0.07883756772079852,12.799999999999999,0.029902782447563944,4
73,12.799999999999999,12.81492954473549,0.004402482560605714,12.799999999999999,0.028755564733442356,4
74,12.799999999999999,12.813631323454143,0.005949197290575437,12.799999999999999,0.027652359929687963,4
75,12.799999999999999,12.824599540857697,0.09366928020819051,12.799999999999999,0.026591479484724942,4
76,12.799999999999999,12.840078182085362,0.16769123081923265,12.799999999999999,0.025571299628115565,4
77,12.799999999999999,12.819640792997463,0.0780254737864625,12.799999999999999,0.02459025888523731,4
78,12.799999999999999,12.836569791303564,0.143712700658669,12.799999999999999,0.023646855687309214,4
79,12.799999999999999,12.88162651844111,0.3715947069773334,12.799999999999999,0.022739646073109316,4
80,12.799999999999999,12.80064911064067,0.003179979712522443,12.799999999999999,0.021867241478865557,4
81,12.799999999999999,12.80064911064067,0.003179979712522443,12.799999999999999,0.0210283066129373,4
82,12.799999999999999,12.800324555320335,0.002271887242357344,12.799999999999999,0.020221557412034533,4
83,12.799999999999999,12.816292856398963,0.11404999479275159,12.799999999999999,0.019445759075846503,4
84,12.799999999999999,12.799999999999997,1.7763568394002505e-15,12.799999999999999,0.018699724177071754,4
85,12.799999999999999,12.799999999999997,1.7763568394002505e-15,12.799999999999999,0.01798231084395659,4
86,12.799999999999999,12.799999999999997,1.7763568394002505e-15,12.799999999999999,0.01729242101256037,4
87,12.799999999999999,12.81680350850198,0.11762455951387939,12.799999999999999,0.016628998746072467,4
88,12.799999999999999,12.841481667713605,0.20699696434061457,12.799999999999999,0.015991028618608488,4
89,12.799999999999999,12.799999999999997,1.7763568394002505e-15,12.799999999999999,0.015377534161012035,4
90,12.799999999999999,12.867755725022532,0.3437191376574122,12.799999999999999,0.014787576366283138,4
91,12.799999999999999,12.842801273872428,0.2996089171070127,12.799999999999999,0.01422025225234578,4
92,12.799999999999999,12.80624807680927,0.043736537664903596,12.799999999999999,0.013674693479954769,4
93,12.799999999999999,12.80624807680927,0.043736537664903596,12.799999999999999,0.013150065023626447,4
94,12.799999999999999,12.799999999999997,1.7763568394002505e-15,12.799999999999999,0.012645563893559074,4
95,12.799999999999999,12.799999999999997,1.7763568394002505e-15,12.799999999999999,0.012160417906586576,4
96,12.799999999999999,12.799999999999997,1.7763568394002505e-15,12.799999999999999,0.01169388450428461,4
97,12.799999999999999,12.799999999999997,1.7763568394002505e-15,12.799999999999999,0.011245249616419848,4
98,12.799999999999999,12.799999999999997,1.7763568394002505e-15,12.799999999999999,0.010813826568002933,4
99,12.799999999999999,12.799999999999997,1.7763568394002505e-15,12.799999999999999,0.01039895502827228,4
100,12.799999999999999,12.799999999999997,1.7763568394002505e-15,12.799999999999999,0.01,4
0,18.72474487139159,20.797322019873782,0.9614431746575625,18.72474487139159,0.5,5
1,16.95411901469428,20.205816560647463,1.135401814056798,16.95411901469428,0.4808175423786517,5
2,15.758323293158117,19.604006539476448,1.5109731105704498,15.758323293158117,0.46237101811809306,5
3,15.758323293158117,18.547813273766334,1.4931541962580743,15.758323293158117,0.44463219319731306,5
4,15.235489375751566,17.673832895481688,1.4889942955349287,15.235489375751566,0.42757391679112383,5
5,15.235489375751566,17.01770165299936,1.2792447191356993,15.235489375751566,0.41117007971344455,5
6,15.015339366124405,16.563409980704535,1.0382922643731183,15.015339366124405,0.3953955744549055,5
7,15.015339366124405,16.2895308275018,0.8265742016252998,15.015339366124405,0.38022625675360566,5
8,15.015339366124405,15.974729695556196,0.7196728771802565,15.015339366124405,0.36563890864020576,5
9,14.787119154832538,15.748811557291381,0.6366923489125245,14.787119154832538,0.35161120290079223,5
10,14.787119154832538,15.57298143514875,0.607721826470831,14.787119154832538,0.3381216689031207,5
11,14.556349099818895,15.440494843380066,0.5596486467132639,14.556349099818895,0.32514965973393334,5
12,14.556349099818895,15.334051340353756,0.531252855739985,14.556349099818895,0.3126753205970494,5
13,14.556349099818895,15.183537235997655,0.3556527765467985,14.556349099818895,0.30067955842386057,5
14,14.525657829663178,15.088322433213044,0.3328309702366644,14.525657829663178,0.28914401264971773,5
15,14.380972058177587,14.987145390656783,0.3580069887463465,14.380972058177587,0.2780510271114781,5
16,14.177193921634789,14.85931014671068,0.3193891368537825,14.177193921634789,0.2673836230232015,5
17,14.176819745345025,14.78469552092277,0.33739623256067325,14.176819745345025,0.25712547298863125,5
18,14.176819745345025,14.732004337514354,0.3574236570581484,14.176819745345025,0.24726087601068414,5
19,14.176819745345025,14.598023071054707,0.30579127362398434,14.176819745345025,0.23777473345969932,5
20,13.877193921634788,14.497495498660157,0.2907722566222711,13.877193921634788,0.22865252596366317,5
21,13.877193921634788,14.440796259006381,0.31878773594565174,13.877193921634788,0.21988029118503877,5
22,13.877193921634788,14.383516809718895,0.33598577230411797,13.877193921634788,0.2114446024501853,5
23,13.877193921634788,14.29715770174752,0.24451819697272223,13.877193921634788,0.20333254819865823,5
24,13.877193921634788,14.246874561250147,0.29565070371426727,13.877193921634788,0.1955317122209352,5
25,13.877193921634788,14.183144437765382,0.29665367880012605,13.877193921634788,0.1880301546543197,5
26,13.877193921634788,14.162358225064684,0.2920155249098318,13.877193921634788,0.18081639370793556,5
27,13.877193921634788,14.14868074252345,0.3119701128110916,13.877193921634788,0.17387938808884054,5
28,13.877193921634788,14.209263691759677,0.4628445870898293,13.877193921634788,0.16720852010236023,5
29,13.877193921634788,14.072596049107494,0.23416896548294394,13.877193921634788,0.16079357940077646,5
30,13.877193921634788,14.041706946104847,0.24511667100666443,13.877193921634788,0.15462474735549586,5
31,13.877193921634788,14.033931794700232,0.28924113493714765,13.877193921634788,0.14869258202877889,5
32,13.877193921634788,13.992146791991143,0.23508265935425243,13.877193921634788,0.14298800372202708,5
33,13.877193921634788,13.99953226066213,0.27594400537577907,13.877193921634788,0.13750228107850912,5
34,13.77571129984594,14.002774550507892,0.2619905772630022,13.77571129984594,0.13222701771925466,5
35,13.77571129984594,13.965335468380944,0.25378218888556947,13.77571129984594,0.12715413939166093,5
36,13.77571129984594,13.9564417711323,0.2962413972513723,13.77571129984594,0.12227588161114182,5
37,13.77571129984594,13.912876844431999,0.2672182547117728,13.77571129984594,0.11758477777690436,5
38,13.77571129984594,13.877340617969573,0.11579341027927426,13.77571129984594,0.1130736477436621,5
39,13.77571129984594,13.893981321456236,0.15077145265237418,13.77571129984594,0.10873558683179398,5
40,13.77571129984594,13.872296484679865,0.1439727750304985,13.77571129984594,0.10456395525912732,5
41,13.77571129984594,13.84903624453349,0.14139859668964214,13.77571129984594,0.1005523679781698,5
42,13.77571129984594,13.844192374049921,0.26994534558526684,13.77571129984594,0.09669468490323486,5
43,13.77571129984594,13.791972764468717,0.07434704684093692,13.77571129984594,0.092985001512503,5
44,13.77571129984594,13.816016955662462,0.17869269526800416,13.77571129984594,0.0894176398106338,5
45,13.77571129984594,13.815565983011806,0.2018080582528984,13.77571129984594,0.08598713963809686,5
46,13.77571129984594,13.802448833139442,0.10789777016798564,13.77571129984594,0.08268825031391935,5
47,13.77571129984594,13.797239765523749,0.08552168566518208,13.77571129984594,0.07951592259905897,5
48,13.77571129984594,13.816487290936047,0.17443915882952676,13.77571129984594,0.07646530096810125,5
49,13.77571129984594,13.782819051534634,0.04975426182086696,13.77571129984594,0.07353171617745276,5
50,13.77571129984594,13.816543876613911,0.21875191610578543,13.77571129984594,0.07071067811865475,5
51,13.77571129984594,13.84404189253989,0.2919963818739828,13.77571129984594,0.06799786894587896,5
52,13.77571129984594,13.838626983752425,0.2552571778063449,13.77571129984594,0.06538913646708631,5
53,13.77571129984594,13.775711299845941,1.7763568394002505e-15,13.77571129984594,0.06288048778873342,5
54,13.77571129984594,13.795501666209375,0.13853256454402396,13.77571129984594,0.06046808320429925,5
55,13.77571129984594,13.795501666209375,0.13853256454402396,13.77571129984594,0.05814823031727798,5
56,13.77571129984594,13.798940227401012,0.12495415453160388,13.77571129984594,0.05591737838964281,5
57,13.77571129984594,13.82671004174052,0.23288586792733107,13.77571129984594,0.05377211290713039,5
58,13.77571129984594,13.783646239831969,0.05554457990221056,13.77571129984594,0.051709150353027616,5
59,13.77571129984594,13.775711299845941,1.7763568394002505e-15,13.77571129984594,0.049725333182461855,5
60,13.77571129984594,13.800529030009457,0.1208328565713742,13.77571129984594,0.04781762498950185,5
61,13.77571129984594,13.827721008962106,0.16452843951863905,13.77571129984594,0.045983105859672566,5
62,13.77571129984594,13.850889907718026,0.28734779468112964,13.77571129984594,0.044218967900770276,5
63,13.77571129984594,13.787632079957639,0.08344546078187219,13.77571129984594,0.042522510945137704,5
64,13.77571129984594,13.787632079957639,0.08344546078187219,13.77571129984594,0.040891138416820856,5
65,13.77571129984594,13.794033197043369,0.09064698358487248,13.77571129984594,0.039322353357282146,5
66,13.77571129984594,13.788474317847395,0.08934112601016289,13.77571129984594,0.03781375460358665,5
67,13.77571129984594,13.796369290035887,0.10408894350234586,13.77571129984594,0.036363033113211915,5
68,13.77571129984594,13.796369290035887,0.10408894350234586,13.77571129984594,0.03496796842985617,5
69,13.77571129984594,13.82253725307453,0.16331791873689078,13.77571129984594,0.03362642528483546,5
70,13.77571129984594,13.818650139914185,0.17701615119329414,13.77571129984594,0.03233635032886788,5
71,13.77571129984594,13.826898796836245,0.22435503216099,13.77571129984594,0.031095768989242715,5
72,13.77571129984594,13.814594485301795,0.21118286378015444,13.77571129984594,0.029902782447563944,5
73,13.77571129984594,13.803383611221365,0.19370617962796025,13.77571129984594,0.028755564733442356,5
74,13.77571129984594,13.782197073849023,0.04540041802156868,13.77571129984594,0.027652359929687963,5
75,13.77571129984594,13.777711299845942,0.014000000000000198,13.77571129984594,0.026591479484724942,5
76,13.77571129984594,13.775711299845941,1.7763568394002505e-15,13.77571129984594,0.025571299628115565,5
77,13.77571129984594,13.775711299845941,1.7763568394002505e-15,13.77571129984594,0.02459025888523731,5
78,13.77571129984594,13.778950350922138,0.0226733575333704,13.77571129984594,0.023646855687309214,5
79,13.77571129984594,13.775711299845941,1.7763568394002505e-15,13.77571129984594,0.022739646073109316,5
80,13.77571129984594,13.831677434977777,0.2838389596597021,13.77571129984594,0.021867241478865557,5
81,13.77571129984594,13.783728578113571,0.056120947873410425,13.77571129984594,0.0210283066129373,5
82,13.77571129984594,13.79525899583143,0.09751336475531211,13.77571129984594,0.020221557412034533,5
83,13.77571129984594,13.787324055845401,0.08128929199621396,13.77571129984594,0.019445759075846503,5
84,13.77571129984594,13.775711299845941,1.7763568394002505e-15,13.77571129984594,0.018699724177071754,5
85,13.77571129984594,13.775711299845941,1.7763568394002505e-15,13.77571129984594,0.01798231084395659,5
86,13.77571129984594,13.775711299845941,1.7763568394002505e-15,13.77571129984594,0.01729242101256037,5
87,13.77571129984594,13.790816137949278,0.07849989471374369,13.77571129984594,0.016628998746072467,5
88,13.68193472919817,13.784008275748429,0.07267073929072525,13.68193472919817,0.015991028618608488,5
89,13.68193472919817,13.778702683304113,0.051145307974351274,13.68193472919817,0.015377534161012035,5
90,13.68193472919817,13.778381681509563,0.07661845686324532,13.68193472919817,0.014787576366283138,5
91,13.68193472919817,13.772755087270697,0.07997763680987162,13.68193472919817,0.01422025225234578,5
92,13.68193472919817,13.753204922890475,0.04005039132053494,13.68193472919817,0.013674693479954769,5
93,13.68193472919817,13.738200671586831,0.045940949583018496,13.68193472919817,0.013150065023626447,5
94,13.68193472919817,13.747960623908229,0.16087388788264279,13.68193472919817,0.012645563893559074,5
95,13.68193472919817,13.711943231805456,0.043744533784856286,13.68193472919817,0.012160417906586576,5
96,13.68193472919817,13.691312386262949,0.028132971194330735,13.68193472919817,0.01169388450428461,5
97,13.68193472919817,13.685685792024081,0.0183763798332074,13.68193472919817,0.011245249616419848,5
98,13.68193472919817,13.683810260611127,0.013128719890687675,13.68193472919817,0.010813826568002933,5
99,13.68193472919817,13.698823079221622,0.1056404310343306,13.68193472919817,0.01039895502827228,5
100,13.68193472919817,13.681934729198169,1.7763568394002505e-15,13.68193472919817,0.01,5
0,18.183266665599966,20.77560305615962,1.041728335259792,18.183266665599966,0.5,6
1,18.016609194718914,20.17394491441818,1.0387620600557677,18.016609194718914,0.4808175423786517,6
2,15.994438717061497,19.43451025590756,1.1266006114601652,15.994438717061497,0.46237101811809306,6
3,15.28166632639171,18.65813062768469,1.343440388143439,15.28166632639171,0.44463219319731306,6
4,14.891153452528776,17.97208904533934,1.392377299575316,14.891153452528776,0.42757391679112383,6
5,14.64476105895272,17.267707596242673,1.3447763451385586,14.64476105895272,0.41117007971344455,6
6,14.64476105895272,16.78470732002576,1.191475287155104,14.64476105895272,0.3953955744549055,6
7,14.573644135332772,16.331774363764737,0.9228807659037774,14.573644135332772,0.38022625675360566,6
8,14.573644135332772,16.105162781124747,0.8704955583573951,14.573644135332772,0.36563890864020576,6
9,14.54939015319192,15.739835156142508,0.5400786648438934,14.54939015319192,0.35161120290079223,6
10,14.573644135332772,15.603857393522748,0.5063508601930734,14.54939015319192,0.3381216689031207,6
11,14.563818169698585,15.401321389204833,0.5406640955455738,14.54939015319192,0.32514965973393334,6
12,14.41916017074176,15.175600145347893,0.4687792057485706,14.41916017074176,0.3126753205970494,6
13,14.41916017074176,14.988193657372435,0.4542187445547844,14.41916017074176,0.30067955842386057,6
14,14.333907960581373,14.857987454556337,0.46673053385374813,14.333907960581373,0.28914401264971773,6
15,14.330950643030008,14.762750664016203,0.3692008196907272,14.330950643030008,0.2780510271114781,6
16,14.330950643030008,14.725260791659757,0.3632590985262726,14.330950643030008,0.2673836230232015,6
17,14.121320343559642,14.650437688424471,0.3275346333220013,14.121320343559642,0.25712547298863125,6
18,14.121320343559642,14.606705738715396,0.336566627505568,14.121320343559642,0.24726087601068414,6
19,14.105547008526779,14.574448333489656,0.36381104561168265,14.105547008526779,0.23777473345969932,6
20,14.105547008526779,14.505102819689704,0.36091261413315207,14.105547008526779,0.22865252596366317,6
21,14.105547008526779,14.53792085820738,0.47208330102239004,14.105547008526779,0.21988029118503877,6
22,14.105547008526779,14.438361191108111,0.37449673175928283,14.105547008526779,0.2114446024501853,6
23,13.859591794226542,14.36896583421557,0.46368802471039106,13.859591794226542,0.20333254819865823,6
24,13.859591794226542,14.30623110201851,0.4334827110638413,13.859591794226542,0.1955317122209352,6
25,13.859591794226542,14.25987350411199,0.39342966292105985,13.859591794226542,0.1880301546543197,6
26,13.859591794226542,14.171139838917822,0.2549106764856105,13.859591794226542,0.18081639370793556,6
27,13.859591794226542,14.179788636333992,0.2970180751724279,13.859591794226542,0.17387938808884054,6
28,13.859591794226542,14.206998458561731,0.4604865628877196,13.859591794226542,0.16720852010236023,6
29,13.859591794226542,14.160070706535805,0.47451245377269147,13.859591794226542,0.16079357940077646,6
30,13.859591794226542,14.080484178556958,0.3245890288153016,13.859591794226542,0.15462474735549586,6
31,13.859591794226542,14.017015742429658,0.32710542183805497,13.859591794226542,0.14869258202877889,6
32,13.859591794226542,13.95609189763177,0.18608100205133843,13.859591794226542,0.14298800372202708,6
33,13.859591794226542,13.957933179204334,0.29782732558855163,13.859591794226542,0.13750228107850912,6
34,13.859591794226542,13.94163986388314,0.31618553736426863,13.859591794226542,0.13222701771925466,6
35,13.859591794226542,13.917791879900033,0.20209035798589467,13.859591794226542,0.12715413939166093,6
36,13.859591794226542,13.90546697668969,0.17332169191025218,13.859591794226542,0.12227588161114182,6
37,13.859591794226542,13.937514419155605,0.2779516117537384,13.859591794226542,0.11758477777690436,6
38,13.672004514666936,14.002042559869828,0.4179222462548463,13.672004514666936,0.1130736477436621,6
39,13.672004514666936,13.983363598504738,0.3650246658491683,13.672004514666936,0.10873558683179398,6
40,13.672004514666936,13.885717942738772,0.15399272926322385,13.672004514666936,0.10456395525912732,6
41,13.672004514666936,13.8834899308833,0.15477145327136504,13.672004514666936,0.1005523679781698,6
42,13.672004514666936,13.881011598922983,0.1728881702272867,13.672004514666936,0.09669468490323486,6
43,13.672004514666936,13.847174398885578,0.13680239455513857,13.672004514666936,0.092985001512503,6
44,13.391153452528776,13.844654788627194,0.3497117505039312,13.391153452528776,0.0894176398106338,6
45,13.391153452528776,13.750350279661843,0.11619168096787451,13.391153452528776,0.08598713963809686,6
46,13.391153452528776,13.769417739250143,0.2452995011564623,13.391153452528776,0.08268825031391935,6
47,13.391153452528776,13.729706609821216,0.27348189256126676,13.391153452528776,0.07951592259905897,6
48,13.391153452528776,13.779753754141943,0.48068909264079673,13.391153452528776,0.07646530096810125,6
49,13.391153452528776,13.69441958438537,0.35533229441281,13.391153452528776,0.07353171617745276,6
50,13.391153452528776,13.656770178955325,0.38351937789692153,13.391153452528776,0.07071067811865475,6
51,13.391153452528776,13.573100678191215,0.2445932179354765,13.391153452528776,0.06799786894587896,6
52,13.391153452528776,13.541598053219118,0.255091532698038,13.391153452528776,0.06538913646708631,6
53,13.391153452528776,13.5425120203029,0.31595336376174216,13.391153452528776,0.06288048778873342,6
54,13.391153452528776,13.470072582462551,0.21422613595771273,13.391153452528776,0.06046808320429925,6
55,13.391153452528776,13.52230775791818,0.3221308030368079,13.391153452528776,0.05814823031727798,6
56,13.391153452528776,13.453717184867424,0.21725196684100762,13.391153452528776,0.05591737838964281,6
57,13.391153452528776,13.42397087874843,0.13909345212032295,13.391153452528776,0.05377211290713039,6
58,13.391153452528776,13.400425210647448,0.05947841825869001,13.391153452528776,0.051709150353027616,6
59,13.391153452528776,13.39599098903785,0.03386275556349854,13.391153452528776,0.049725333182461855,6
60,13.391153452528776,13.4087824714926,0.09508105402082641,13.391153452528776,0.04781762498950185,6
61,13.391153452528776,13.403944934983528,0.08954037718324649,13.391153452528776,0.045983105859672566,6
62,13.391153452528776,13.403944934983528,0.08954037718324649,13.391153452528776,0.044218967900770276,6
63,13.391153452528776,13.491506500392752,0.4947893795014495,13.391153452528776,0.042522510945137704,6
64,13.391153452528776,13.455115422293296,0.3912281843583345,13.391153452528776,0.040891138416820856,6
65,13.391153452528776,13.43780359797771,0.18605023776674492,13.391153452528776,0.039322353357282146,6
66,13.391153452528776,13.396770473771541,0.03931914869934237,13.391153452528776,0.03781375460358665,6
67,13.391153452528776,13.444737847079075,0.33726800047436145,13.391153452528776,0.036363033113211915,6
68,13.391153452528776,13.424001140115132,0.13821786621349083,13.391153452528776,0.03496796842985617,6
69,13.391153452528776,13.411209657660384,0.10770235181551042,13.391153452528776,0.03362642528483546,6
70,13.391153452528776,13.445158619240877,0.2125821142754613,13.391153452528776,0.03233635032886788,6
71,13.391153452528776,13.399629266837424,0.059330700160509876,13.391153452528776,0.031095768989242715,6
72,13.391153452528776,13.423806197786849,0.17819082227630198,13.391153452528776,0.029902782447563944,6
73,13.391153452528776,13.446708620412132,0.22728296105587253,13.391153452528776,0.028755564733442356,6
74,13.391153452528776,13.409629266837424,0.12933070016050988,13.391153452528776,0.027652359929687963,6
75,13.391153452528776,13.451912380934806,0.3401252802718981,13.391153452528776,0.026591479484724942,6
76,13.391153452528776,13.417667605482459,0.14030056899442794,13.391153452528776,0.025571299628115565,6
77,13.391153452528776,13.417667605482459,0.14030056899442794,13.391153452528776,0.02459025888523731,6
78,13.391153452528776,13.438370604066158,0.3305200607616617,13.391153452528776,0.023646855687309214,6
79,13.391153452528776,13.403944934983528,0.08954037718324648,13.391153452528776,0.022739646073109316,6
80,13.391153452528776,13.434983112039879,0.2376522807083338,13.391153452528776,0.021867241478865557,6
81,13.391153452528776,13.391153452528778,1.7763568394002505e-15,13.391153452528776,0.0210283066129373,6
82,13.391153452528776,13.391153452528778,1.7763568394002505e-15,13.391153452528776,0.020221557412034533,6
83,13.391153452528776,13.443260587713967,0.3647499462963147,13.391153452528776,0.019445759075846503,6
84,13.391153452528776,13.391153452528778,1.7763568394002505e-15,13.391153452528776,0.018699724177071754,6
85,13.391153452528776,13.391153452528778,1.7763568394002505e-15,13.391153452528776,0.01798231084395659,6
86,13.391153452528776,13.391153452528778,1.7763568394002505e-15,13.391153452528776,0.01729242101256037,6
87,13.391153452528776,13.391153452528778,1.7763568394002505e-15,13.391153452528776,0.016628998746072467,6
88,13.391153452528776,13.391153452528778,1.7763568394002505e-15,13.391153452528776,0.015991028618608488,6
89,13.391153452528776,13.396770473771541,0.03931914869934237,13.391153452528776,0.015377534161012035,6
90,13.391153452528776,13.391153452528778,1.7763568394002505e-15,13.391153452528776,0.014787576366283138,6
91,13.391153452528776,13.434342739384249,0.21374838596735377,13.391153452528776,0.01422025225234578,6
92,13.391153452528776,13.4153306081358,0.13497014821731895,13.391153452528776,0.013674693479954769,6
93,13.391153452528776,13.4153306081358,0.13497014821731895,13.391153452528776,0.013150065023626447,6
94,13.391153452528776,13.391153452528778,1.7763568394002505e-15,13.391153452528776,0.012645563893559074,6
95,13.391153452528776,13.391153452528778,1.7763568394002505e-15,13.391153452528776,0.012160417906586576,6
96,13.391153452528776,13.391153452528778,1.7763568394002505e-15,13.391153452528776,0.01169388450428461,6
97,13.391153452528776,13.405529885962688,0.10063503403735623,13.391153452528776,0.011245249616419848,6
98,13.391153452528776,13.391153452528778,1.7763568394002505e-15,13.391153452528776,0.010813826568002933,6
99,13.391153452528776,13.391153452528778,1.7763568394002505e-15,13.391153452528776,0.01039895502827228,6
100,13.391153452528776,13.391153452528778,1.7763568394002505e-15,13.391153452528776,0.01,6
0,19.169693845669904,20.861476433412935,0.8704830710910632,19.169693845669904,0.5,7
1,15.164054992217052,20.270790132656973,1.140372694697166,15.164054992217052,0.4808175423786517,7
2,15.164054992217052,19.5921300851225,1.3566165118357725,15.164054992217052,0.46237101811809306,7
3,15.164054992217052,19.001699183686085,1.4919982944504007,15.164054992217052,0.44463219319731306,7
4,15.164054992217052,18.053209920952806,1.6370960910203176,15.164054992217052,0.42757391679112383,7
5,14.597999199359359,17.191150104309187,1.472790160062754,14.597999199359359,0.41117007971344455,7
6,14.04939015319192,16.678029822247115,1.3532847578032539,14.04939015319192,0.3953955744549055,7
7,14.04939015319192,16.130725903346253,1.1272223320158012,14.04939015319192,0.38022625675360566,7
8,14.04939015319192,15.818849908355713,0.9029375230162127,14.04939015319192,0.36563890864020576,7
9,14.04939015319192,15.484871721230583,0.7912434722652224,14.04939015319192,0.35161120290079223,7
10,14.04939015319192,15.268918114550502,0.7778462361763046,14.04939015319192,0.3381216689031207,7
11,14.04939015319192,15.064494330248479,0.7166502963399584,14.04939015319192,0.32514965973393334,7
12,14.04939015319192,14.8393816346739,0.531845636145789,14.04939015319192,0.3126753205970494,7
13,14.04939015319192,14.665183975924743,0.41739033993972424,14.04939015319192,0.30067955842386057,7
14,14.033907960581372,14.575081234605431,0.49531748362532757,14.033907960581372,0.28914401264971773,7
15,14.033907960581372,14.45927004459915,0.3497852581286619,14.033907960581372,0.2780510271114781,7
16,13.427566688249707,14.379055467147454,0.41842794300513136,13.427566688249707,0.2673836230232015,7
17,13.427566688249707,14.280613343971641,0.4079113631480308,13.427566688249707,0.25712547298863125,7
18,13.427566688249707,14.232943667683086,0.4527118476521112,13.427566688249707,0.24726087601068414,7
19,13.427566688249707,14.228164031606909,0.5967596417317189,13.427566688249707,0.23777473345969932,7
20,13.427566688249707,14.086733325109137,0.3557955899816865,13.427566688249707,0.22865252596366317,7
21,13.427566688249707,14.097506369563972,0.48224049456113993,13.427566688249707,0.21988029118503877,7
22,13.427566688249707,14.000826444349277,0.44823391335915075,13.427566688249707,0.2114446024501853,7
23,13.427566688249707,13.98422341744761,0.53898966708713,13.427566688249707,0.20333254819865823,7
24,13.330950643030008,13.842250991787035,0.36087966998117904,13.330950643030008,0.1955317122209352,7
25,13.330950643030008,13.784286091137352,0.4033626776624421,13.330950643030008,0.1880301546543197,7
26,13.330950643030008,13.797899846983388,0.5164593537000701,13.330950643030008,0.18081639370793556,7
27,13.330950643030008,13.789671351386176,0.6750151959842944,13.330950643030008,0.17387938808884054,7
28,13.330950643030008,13.678262772925187,0.4931089628567867,13.330950643030008,0.16720852010236023,7
29,13.330950643030008,13.584456507479231,0.44720310626039406,13.330950643030008,0.16079357940077646,7
30,13.330950643030008,13.485342410006087,0.27413535111787907,13.330950643030008,0.15462474735549586,7
31,13.330950643030008,13.47128413003883,0.4060115399014935,13.330950643030008,0.14869258202877889,7
32,13.330950643030008,13.431218213874917,0.24180105552030037,13.330950643030008,0.14298800372202708,7
33,13.330950643030008,13.40261132503475,0.22452399039495535,13.330950643030008,0.13750228107850912,7
34,13.330950643030008,13.479996457052094,0.35088497333058827,13.330950643030008,0.13222701771925466,7
35,13.1,13.400570219880992,0.2162888521967975,13.1,0.12715413939166093,7
36,13.1,13.329355857387627,0.07107700461131013,13.1,0.12227588161114182,7
37,13.1,13.386591912688022,0.20408733585243893,13.1,0.11758477777690436,7
38,13.1,13.38658774048989,0.20332268577231832,13.1,0.1130736477436621,7
39,13.1,13.326297559558073,0.14830528332215662,13.1,0.10873558683179398,7
40,13.1,13.288097716434127,0.11863570333548752,13.1,0.10456395525912732,7
41,13.1,13.311569880531483,0.3227549126968393,13.1,0.1005523679781698,7
42,13.1,13.234947752878792,0.20741286499032008,13.1,0.09669468490323486,7
43,13.1,13.231986936304564,0.26337711119229706,13.1,0.092985001512503,7
44,13.088409872672514,13.275657646737965,0.40879679329481056,13.088409872672514,0.0894176398106338,7
45,13.088409872672514,13.172135361887518,0.22547740308410402,13.088409872672514,0.08598713963809686,7
46,13.088409872672514,13.158659630375801,0.2643185875927128,13.088409872672514,0.08268825031391935,7
47,13.088409872672514,13.15316637321163,0.2529052656019702,13.088409872672514,0.07951592259905897,7
48,13.088409872672514,13.191378949950028,0.3479881892633023,13.088409872672514,0.07646530096810125,7
49,13.088409872672514,13.18675754814735,0.4716473844731709,13.088409872672514,0.07353171617745276,7
50,13.088409872672514,13.11047945436896,0.12480651561212795,13.088409872672514,0.07071067811865475,7
51,13.088409872672514,13.134340196489502,0.2013567281304805,13.088409872672514,0.06799786894587896,7
52,13.088409872672514,13.116588640258556,0.16146076183018737,13.088409872672514,0.06538913646708631,7
53,13.088409872672514,13.186417828640757,0.49943694417229556,13.088409872672514,0.06288048778873342,7
54,13.088409872672514,13.18956851628057,0.509898501391254,13.088409872672514,0.06046808320429925,7
55,13.088409872672514,13.143686097595792,0.32823747580469104,13.088409872672514,0.05814823031727798,7
56,13.088409872672514,13.094796847076728,0.032544762400325306,13.088409872672514,0.05591737838964281,7
57,13.088409872672514,13.10389141302157,0.08135446243459127,13.088409872672514,0.05377211290713039,7
58,13.088409872672514,13.10389141302157,0.08135446243459127,13.088409872672514,0.051709150353027616,7
59,13.088409872672514,13.088409872672514,0.0,13.088409872672514,0.049725333182461855,7
60,13.088409872672514,13.104641675219064,0.11362261782584804,13.088409872672514,0.04781762498950185,7
61,13.088409872672514,13.139883859667762,0.321463033027905,13.088409872672514,0.045983105859672566,7
62,13.088409872672514,13.144722382897402,0.26022043551704016,13.088409872672514,0.044218967900770276,7
63,13.088409872672514,13.14428508214593,0.2073625540110576,13.088409872672514,0.042522510945137704,7
64,13.088409872672514,13.15481699387516,0.23118735563126575,13.088409872672514,0.040891138416820856,7
65,13.088409872672514,13.144564599886152,0.2739213150024302,13.088409872672514,0.039322353357282146,7
66,13.088409872672514,13.099611026331045,0.05487422198782456,13.088409872672514,0.03781375460358665,7
67,13.088409872672514,13.094010449501779,0.039204037804861834,13.088409872672514,0.036363033113211915,7
68,13.088409872672514,13.100307008531063,0.08327995100984326,13.088409872672514,0.03496796842985617,7
69,13.088409872672514,13.116738374004104,0.19829950932112866,13.088409872672514,0.03362642528483546,7
70,13.088409872672514,13.134506571457555,0.23191751935344457,13.088409872672514,0.03233635032886788,7
71,13.088409872672514,13.100108076280426,0.08188742525538918,13.088409872672514,0.031095768989242715,7
72,13.088409872672514,13.100108076280426,0.08188742525538918,13.088409872672514,0.029902782447563944,7
73,13.088409872672514,13.088409872672514,0.0,13.088409872672514,0.028755564733442356,7
74,13.088409872672514,13.097899152895721,0.06642496156243709,13.088409872672514,0.027652359929687963,7
75,13.088409872672514,13.088409872672514,0.0,13.088409872672514,0.026591479484724942,7
76,13.088409872672514,13.088409872672514,0.0,13.088409872672514,0.025571299628115565,7
77,13.088409872672514,13.088409872672514,0.0,13.088409872672514,0.02459025888523731,7
78,13.088409872672514,13.102010449501782,0.09520403780486163,13.088409872672514,0.023646855687309214,7
79,13.088409872672514,13.088409872672514,0.0,13.088409872672514,0.022739646073109316,7
80,13.088409872672514,13.088409872672514,0.0,13.088409872672514,0.021867241478865557,7
81,13.088409872672514,13.088409872672514,0.0,13.088409872672514,0.0210283066129373,7
82,13.088409872672514,13.094209772723243,0.04059930035511101,13.088409872672514,0.020221557412034533,7
83,13.088409872672514,13.088409872672514,0.0,13.088409872672514,0.019445759075846503,7
84,13.088409872672514,13.088409872672514,0.0,13.088409872672514,0.018699724177071754,7
85,13.088409872672514,13.100307008531063,0.08327995100984326,13.088409872672514,0.01798231084395659,7
86,13.088409872672514,13.088409872672514,0.0,13.088409872672514,0.01729242101256037,7
87,13.088409872672514,13.102010449501782,0.09520403780486163,13.088409872672514,0.016628998746072467,7
88,13.088409872672514,13.137018329062462,0.1944612259429013,13.088409872672514,0.015991028618608488,7
89,13.088409872672514,13.121218429011734,0.16315546873492426,13.088409872672514,0.015377534161012035,7
90,13.088409872672514,13.088409872672514,0.0,13.088409872672514,0.014787576366283138,7
91,13.088409872672514,13.088409872672514,0.0,13.088409872672514,0.01422025225234578,7
92,13.088409872672514,13.088409872672514,0.0,13.088409872672514,0.013674693479954769,7
93,13.088409872672514,13.088409872672514,0.0,13.088409872672514,0.013150065023626447,7
94,13.088409872672514,13.088409872672514,0.0,13.088409872672514,0.012645563893559074,7
95,13.088409872672514,13.088409872672514,0.0,13.088409872672514,0.012160417906586576,7
96,13.088409872672514,13.153359153308536,0.36180535664799307,13.088409872672514,0.01169388450428461,7
97,13.088409872672514,13.139345967731606,0.35655266541363756,13.088409872672514,0.011245249616419848,7
98,13.088409872672514,13.102035552132461,0.09537975621963508,13.088409872672514,0.010813826568002933,7
99,13.088409872672514,13.088409872672514,0.0,13.088409872672514,0.01039895502827228,7
100,13.088409872672514,13.088409872672514,0.0,13.088409872672514,0.01,7
0,18.960232526704264,20.706263945352372,0.9136558805080014,18.960232526704264,0.5,8
1,18.960232526704264,20.232599257098876,0.7479854243739141,18.960232526704264,0.4808175423786517,8
2,15.441186241925156,19.605998597689023,1.2816155022137505,15.441186241925156,0.46237101811809306,8
3,15.441186241925156,18.96691503889126,1.3356985363700675,15.441186241925156,0.44463219319731306,8
4,15.4649655434629,18.4685769448344,1.4819373479637183,15.441186241925156,0.42757391679112383,8
5,15.367366884975475,17.39499135075183,1.434445227242343,15.367366884975475,0.41117007971344455,8
6,15.258317958127243,16.64644377993576,1.0021585445159849,15.258317958127243,0.3953955744549055,8
7,14.932575659723035,16.195103473023565,0.7996300672471923,14.932575659723035,0.38022625675360566,8
8,14.932575659723035,16.109934153135065,0.8047475739902795,14.932575659723035,0.36563890864020576,8
9,14.873592452822642,15.835983942658213,0.7012388008441552,14.873592452822642,0.35161120290079223,8
10,14.873592452822642,15.603789878478274,0.658640908298779,14.873592452822642,0.3381216689031207,8
11,14.873592452822642,15.392463997814394,0.5132556042401802,14.873592452822642,0.32514965973393334,8
12,14.873592452822642,15.30740612253577,0.48890989829574066,14.873592452822642,0.3126753205970494,8
13,14.758323293158117,15.258614260754774,0.448142468583042,14.758323293158117,0.30067955842386057,8
14,14.758323293158117,15.21514651122865,0.5721182378832488,14.758323293158117,0.28914401264971773,8
15,14.758323293158117,15.124389098024428,0.3530315688412912,14.758323293158117,0.2780510271114781,8
16,14.758323293158117,15.021650930996064,0.2923220531325667,14.758323293158117,0.2673836230232015,8
17,14.32763633939717,14.989266868898303,0.3705459472497549,14.32763633939717,0.25712547298863125,8
18,14.32763633939717,14.901292030949925,0.2831587489893516,14.32763633939717,0.24726087601068414,8
19,14.32763633939717,14.852054237507698,0.2976747683878114,14.32763633939717,0.23777473345969932,8
20,14.32763633939717,14.880473155461258,0.5253669674041664,14.32763633939717,0.22865252596366317,8
21,14.281934729198172,14.716584916831014,0.2425389339734671,14.281934729198172,0.21988029118503877,8
22,14.281934729198172,14.668657276809217,0.2968338503103579,14.281934729198172,0.2114446024501853,8
23,14.281934729198172,14.602874279631665,0.27557456217829257,14.281934729198172,0.20333254819865823,8
24,14.281934729198172,14.60326307762632,0.3122462443855708,14.281934729198172,0.1955317122209352,8
25,14.281934729198172,14.53597092333266,0.2912075689848502,14.281934729198172,0.1880301546543197,8
26,14.281934729198172,14.49072770295445,0.33158213561769967,14.281934729198172,0.18081639370793556,8
27,14.281934729198172,14.467184373633625,0.26325331839618543,14.281934729198172,0.17387938808884054,8
28,14.281934729198172,14.361624581633091,0.14263216636889878,14.281934729198172,0.16720852010236023,8
29,14.281934729198172,14.436535346633748,0.3969948668142571,14.281934729198172,0.16079357940077646,8
30,14.281934729198172,14.456615139190058,0.569784547860768,14.281934729198172,0.15462474735549586,8
31,14.234387974463898,14.46276975355818,0.43389654208540873,14.234387974463898,0.14869258202877889,8
32,13.981488772222677,14.408101937027075,0.4433365346429193,13.981488772222677,0.14298800372202708,8
33,13.981488772222677,14.330892564648464,0.33501759395549296,13.981488772222677,0.13750228107850912,8
34,13.981488772222677,14.267887262596883,0.16860580886992552,13.981488772222677,0.13222701771925466,8
35,13.981488772222677,14.29484109919617,0.2615713539033822,13.981488772222677,0.12715413939166093,8
36,13.981488772222677,14.275271527049352,0.525145690338985,13.981488772222677,0.12227588161114182,8
37,13.981488772222677,14.255091566301392,0.5460062507983767,13.981488772222677,0.11758477777690436,8
38,13.981488772222677,14.170075646015624,0.2768952669064849,13.981488772222677,0.1130736477436621,8
39,13.927566688249707,14.11623389740659,0.2376631484672253,13.927566688249707,0.10873558683179398,8
40,13.927566688249707,14.078189341075156,0.21187343163215416,13.927566688249707,0.10456395525912732,8
41,13.927566688249707,14.027431400961836,0.13332054870608004,13.927566688249707,0.1005523679781698,8
42,13.927566688249707,14.002164656267828,0.08282318052218235,13.927566688249707,0.09669468490323486,8
43,13.927566688249707,14.099114728767484,0.36393946177244596,13.927566688249707,0.092985001512503,8
44,13.927566688249707,14.073478422302765,0.3880322307727898,13.927566688249707,0.0894176398106338,8
45,13.754723699099141,14.02453508664259,0.20980364770400847,13.754723699099141,0.08598713963809686,8
46,13.754723699099141,14.030295326998644,0.2230901622809849,13.754723699099141,0.08268825031391935,8
47,13.754723699099141,14.06644700542283,0.47626807347998606,13.754723699099141,0.07951592259905897,8
48,13.754723699099141,14.019632107013074,0.4086434938776972,13.754723699099141,0.07646530096810125,8
49,13.754723699099141,13.947454495590371,0.20613636764351853,13.754723699099141,0.07353171617745276,8
50,13.754723699099141,13.91570893068458,0.18488755800042572,13.754723699099141,0.07071067811865475,8
51,13.754723699099141,13.973187680105598,0.4729496539740297,13.754723699099141,0.06799786894587896,8
52,13.754723699099141,13.85339440664972,0.1462841614212201,13.754723699099141,0.06538913646708631,8
53,13.754723699099141,13.828213831340658,0.16259455672121598,13.754723699099141,0.06288048778873342,8
54,13.754723699099141,13.810030654216257,0.16212210808215544,13.754723699099141,0.06046808320429925,8
55,13.754723699099141,13.812770185777563,0.2786756837947176,13.754723699099141,0.05814823031727798,8
56,13.754723699099141,13.795765660076256,0.24008709337399214,13.754723699099141,0.05591737838964281,8
57,13.754723699099141,13.791202284554469,0.21958275690322815,13.754723699099141,0.05377211290713039,8
58,13.754723699099141,13.864204376937492,0.4934531312905806,13.754723699099141,0.051709150353027616,8
59,13.754723699099141,13.849097760708649,0.48907280936013736,13.754723699099141,0.049725333182461855,8
60,13.754723699099141,13.832856080271636,0.45215906465148065,13.754723699099141,0.04781762498950185,8
61,13.754723699099141,13.832688284844528,0.45191126133144294,13.754723699099141,0.045983105859672566,8
62,13.754723699099141,13.754723699099143,1.7763568394002505e-15,13.754723699099141,0.044218967900770276,8
63,13.754723699099141,13.754723699099143,1.7763568394002505e-15,13.754723699099141,0.042522510945137704,8
64,13.754723699099141,13.785105147665467,0.1494015400300186,13.754723699099141,0.040891138416820856,8
65,13.754723699099141,13.785105147665467,0.1494015400300186,13.754723699099141,0.039322353357282146,8
66,13.754723699099141,13.77121073413064,0.11540924522048902,13.754723699099141,0.03781375460358665,8
67,13.754723699099141,13.795649368267446,0.16470571207040013,13.754723699099141,0.036363033113211915,8
68,13.754723699099141,13.754723699099143,1.7763568394002505e-15,13.754723699099141,0.03496796842985617,8
69,13.754723699099141,13.788855595303348,0.1972411891169281,13.754723699099141,0.03362642528483546,8
70,13.754723699099141,13.769887864982161,0.10614916118113531,13.754723699099141,0.03233635032886788,8
71,13.754723699099141,13.787762410630654,0.2312709807205616,13.754723699099141,0.031095768989242715,8
72,13.754723699099141,13.785275363218311,0.21386164883417763,13.754723699099141,0.029902782447563944,8
73,13.754723699099141,13.785275363218311,0.21386164883417763,13.754723699099141,0.028755564733442356,8
74,13.754723699099141,13.754723699099143,1.7763568394002505e-15,13.754723699099141,0.027652359929687963,8
75,13.754723699099141,13.761629225117158,0.04833868212612014,13.754723699099141,0.026591479484724942,8
76,13.754723699099141,13.761629225117158,0.04833868212612014,13.754723699099141,0.025571299628115565,8
77,13.754723699099141,13.761629225117158,0.04833868212612014,13.754723699099141,0.02459025888523731,8
78,13.754723699099141,13.761629225117158,0.04833868212612014,13.754723699099141,0.023646855687309214,8
79,13.754723699099141,13.761629225117158,0.04833868212612014,13.754723699099141,0.022739646073109316,8
80,13.754723699099141,13.756507402946331,0.01248592693032098,13.754723699099141,0.021867241478865557,8
81,13.754723699099141,13.80631737204792,0.3486385291063499,13.754723699099141,0.0210283066129373,8
82,13.754723699099141,13.754723699099143,1.7763568394002505e-15,13.754723699099141,0.020221557412034533,8
83,13.754723699099141,13.754723699099143,1.7763568394002505e-15,13.754723699099141,0.019445759075846503,8
84,13.754723699099141,13.754723699099143,1.7763568394002505e-15,13.754723699099141,0.018699724177071754,8
85,13.754723699099141,13.754723699099143,1.7763568394002505e-15,13.754723699099141,0.01798231084395659,8
86,13.754723699099141,13.758614936486232,0.027238661709622754,13.754723699099141,0.01729242101256037,8
87,13.754723699099141,13.754723699099143,1.7763568394002505e-15,13.754723699099141,0.016628998746072467,8
88,13.754723699099141,13.754723699099143,1.7763568394002505e-15,13.754723699099141,0.015991028618608488,8
89,13.672004514666936,13.753069315410498,0.01158068582050877,13.672004514666936,0.015377534161012035,8
90,13.672004514666936,13.751414931721856,0.016209583503846187,13.672004514666936,0.014787576366283138,8
91,13.672004514666936,13.748106164344568,0.022441152190168647,13.672004514666936,0.01422025225234578,8
92,13.672004514666936,13.751702922985295,0.05653569675630711,13.672004514666936,0.013674693479954769,8
93,13.672004514666936,13.736525478524056,0.03426611638322872,13.672004514666936,0.013150065023626447,8
94,13.672004514666936,13.721636025326259,0.04052395875961547,13.672004514666936,0.012645563893559074,8
95,13.672004514666936,13.717150537367614,0.09981945974907379,13.672004514666936,0.012160417906586576,8
96,13.672004514666936,13.70391546785846,0.0994433749477294,13.672004514666936,0.01169388450428461,8
97,13.672004514666936,13.685239584176088,0.03032535392684755,13.672004514666936,0.011245249616419848,8
98,13.672004514666936,13.676967665732866,0.019644717862175788,13.672004514666936,0.010813826568002933,8
99,13.303329637837292,13.684558751728296,0.11305893914017663,13.303329637837292,0.01039895502827228,8
100,13.303329637837292,13.675530870503058,0.1245354223859883,13.303329637837292,0.01,8
0,19.193737745050925,20.874934307703853,1.0291682661527866,19.193737745050925,0.5,9
1,18.88494332412792,20.41333526104945,1.0217782451164739,18.88494332412792,0.4808175423786517,9
2,17.04959013639538,19.89580005663158,1.0594784067039344,17.04959013639538,0.46237101811809306,9
3,15.930950643030009,19.286425374819334,1.0489534726624932,15.930950643030009,0.44463219319731306,9
4,15.969817807045693,18.51226404869069,1.0906566385382426,15.930950643030009,0.42757391679112383,9
5,16.024845673131658,17.87923653983024,1.0229697531885964,15.930950643030009,0.41117007971344455,9
6,15.52710574513201,17.308346545702204,0.943931132040025,15.52710574513201,0.3953955744549055,9
7,15.411871208194288,16.863767424358016,0.7575949294703441,15.411871208194288,0.38022625675360566,9
8,15.411871208194288,16.56854968933473,0.676030455817293,15.411871208194288,0.36563890864020576,9
9,15.16794833886788,16.330829205211746,0.5471148948992792,15.16794833886788,0.35161120290079223,9
10,15.16794833886788,16.08950557306122,0.5711515455232485,15.16794833886788,0.3381216689031207,9
11,14.764688270438851,15.926616067500202,0.6280114445286094,14.764688270438851,0.32514965973393334,9
12,14.764688270438851,15.73360887529067,0.6020899523372103,14.764688270438851,0.3126753205970494,9
13,14.70293863659264,15.748786332271917,0.6160091512644007,14.70293863659264,0.30067955842386057,9
14,14.70293863659264,15.634338991000929,0.7221469473921978,14.70293863659264,0.28914401264971773,9
15,14.70293863659264,15.442662810939048,0.7017041172227402,14.70293863659264,0.2780510271114781,9
16,14.345207879911715,15.28285931271434,0.6231340210419397,14.345207879911715,0.2673836230232015,9
17,14.345207879911715,15.206107249475695,0.6365608316033612,14.345207879911715,0.25712547298863125,9
18,14.345207879911715,15.142548346011095,0.6862320823842502,14.345207879911715,0.24726087601068414,9
19,13.768438714135812,14.984828045390989,0.6052202460017984,13.768438714135812,0.23777473345969932,9
20,13.768438714135812,14.757988509459931,0.3842647164501288,13.768438714135812,0.22865252596366317,9
21,13.768438714135812,14.776937095445883,0.6186146591251384,13.768438714135812,0.21988029118503877,9
22,13.768438714135812,14.615493957645429,0.6381877526729223,13.768438714135812,0.2114446024501853,9
23,13.768438714135812,14.379803338740333,0.4524477458045313,13.768438714135812,0.20333254819865823,9
24,13.70332963783729,14.243382114210194,0.45918685194825637,13.70332963783729,0.1955317122209352,9
25,13.70332963783729,14.253615948009832,0.5523949753918577,13.70332963783729,0.1880301546543197,9
26,13.70332963783729,14.164808284409087,0.5661801096757453,13.70332963783729,0.18081639370793556,9
27,13.52828568570857,13.957740892611486,0.30102754401404797,13.52828568570857,0.17387938808884054,9
28,13.52828568570857,13.999867531799573,0.5381030799046583,13.52828568570857,0.16720852010236023,9
29,13.52828568570857,13.936811545034038,0.501777995335318,13.52828568570857,0.16079357940077646,9
30,13.52828568570857,13.963065100384433,0.6619710712636043,13.52828568570857,0.15462474735549586,9
31,13.52828568570857,13.838417939017404,0.43050577387685196,13.52828568570857,0.14869258202877889,9
32,13.52828568570857,13.903925584577575,0.5264049792122935,13.52828568570857,0.14298800372202708,9
33,13.52828568570857,13.846445786012021,0.5175341274179853,13.52828568570857,0.13750228107850912,9
34,13.52828568570857,13.810478920280147,0.46254123943163516,13.52828568570857,0.13222701771925466,9
35,13.52828568570857,13.70901832001678,0.25050015901223793,13.52828568570857,0.12715413939166093,9
36,13.456465996625052,13.675066142376581,0.2787444657988179,13.456465996625052,0.12227588161114182,9
37,13.456465996625052,13.730717990697544,0.6194995867726579,13.456465996625052,0.11758477777690436,9
38,13.456465996625052,13.65678983519906,0.439893639929977,13.456465996625052,0.1130736477436621,9
39,13.456465996625052,13.602710861256833,0.3031425685064918,13.456465996625052,0.10873558683179398,9
40,13.456465996625052,13.611448868775922,0.43043202125430685,13.456465996625052,0.10456395525912732,9
41,13.456465996625052,13.542004509655213,0.1704621889597159,13.456465996625052,0.1005523679781698,9
42,13.456465996625052,13.562059863633708,0.23417583329484215,13.456465996625052,0.09669468490323486,9
43,13.456465996625052,13.502122592719934,0.14425549850918493,13.456465996625052,0.092985001512503,9
44,13.456465996625052,13.519558237198225,0.27341717843984736,13.456465996625052,0.0894176398106338,9
45,13.456465996625052,13.60728763838635,0.49728790806265233,13.456465996625052,0.08598713963809686,9
46,13.456465996625052,13.545427609085957,0.428663907010582,13.456465996625052,0.08268825031391935,9
47,13.456465996625052,13.55591191567688,0.43417106723224735,13.456465996625052,0.07951592259905897,9
48,13.456465996625052,13.532134823867716,0.42285846331755084,13.456465996625052,0.07646530096810125,9
49,13.456465996625052,13.471888010457546,0.1079540968274517,13.456465996625052,0.07353171617745276,9
50,13.456465996625052,13.51091345939879,0.3811322394161358,13.456465996625052,0.07071067811865475,9
51,13.456465996625052,13.494613040086524,0.22807109251466495,13.456465996625052,0.06799786894587896,9
52,13.456465996625052,13.493836175975268,0.18580573165221842,13.456465996625052,0.06538913646708631,9
53,13.456465996625052,13.484959313081966,0.14016023008274875,13.456465996625052,0.06288048778873342,9
54,13.456465996625052,13.48967232990462,0.13167172901422217,13.456465996625052,0.06046808320429925,9
55,13.456465996625052,13.600738064432987,0.5388368199949622,13.456465996625052,0.05814823031727798,9
56,13.456465996625052,13.572149890231758,0.5667430522749645,13.456465996625052,0.05591737838964281,9
57,13.456465996625052,13.513577367881526,0.27978743617802376,13.456465996625052,0.05377211290713039,9
58,13.456465996625052,13.557987124662477,0.36018919678177647,13.456465996625052,0.051709150353027616,9
59,13.456465996625052,13.478324479756393,0.15300938191936148,13.456465996625052,0.049725333182461855,9
60,13.456465996625052,13.490301050538385,0.17296463728645248,13.456465996625052,0.04781762498950185,9
61,13.456465996625052,13.526301050538384,0.3016366056530181,13.456465996625052,0.045983105859672566,9
62,13.456465996625052,13.493104874146002,0.2519484091601764,13.456465996625052,0.044218967900770276,9
63,13.456465996625052,13.522795345888216,0.4100759699023395,13.456465996625052,0.042522510945137704,9
64,13.456465996625052,13.464616211573652,0.05705150464019687,13.456465996625052,0.040891138416820856,9
65,13.456465996625052,13.465336676692555,0.06209476047249272,13.456465996625052,0.039322353357282146,9
66,13.456465996625052,13.468442567407045,0.0838359954739487,13.456465996625052,0.03781375460358665,9
67,13.456465996625052,13.481907364556102,0.12485866928596479,13.456465996625052,0.036363033113211915,9
68,13.456465996625052,13.525936054276226,0.3960301554277633,13.456465996625052,0.03496796842985617,9
69,13.456465996625052,13.503409435743466,0.19966183097075524,13.456465996625052,0.03362642528483546,9
70,13.456465996625052,13.485812080989724,0.14649906540070862,13.456465996625052,0.03233635032886788,9
71,13.456465996625052,13.504442567407045,0.2482404129161685,13.456465996625052,0.031095768989242715,9
72,13.456465996625052,13.472465996625056,0.11200000000000011,13.456465996625052,0.029902782447563944,9
73,13.456465996625052,13.456465996625054,1.7763568394002505e-15,13.456465996625052,0.028755564733442356,9
74,13.389897948556635,13.455134635663685,0.009319526729578378,13.389897948556635,0.027652359929687963,9
75,13.389897948556635,13.453803274702318,0.013044620075254795,13.389897948556635,0.026591479484724942,9
76,13.389897948556635,13.451140552779583,0.018059458733301944,13.389897948556635,0.025571299628115565,9
77,13.389897948556635,13.455815108934107,0.07555517949813914,13.389897948556635,0.02459025888523731,9
78,13.389897948556635,13.440489665088634,0.0284300903324588,13.389897948556635,0.023646855687309214,9
79,13.389897948556635,13.431170138359056,0.03231122813464951,13.389897948556635,0.022739646073109316,9
80,13.389897948556635,13.41918788970674,0.03304351007118747,13.389897948556635,0.021867241478865557,9
81,13.389897948556635,13.490510504668201,0.44072622988292515,13.389897948556635,0.0210283066129373,9
82,13.389897948556635,13.449344325209898,0.36911543396556307,13.389897948556635,0.020221557412034533,9
83,13.389897948556635,13.445350242325793,0.3693768267001981,13.389897948556635,0.019445759075846503,9
84,13.389897948556635,13.447487421554714,0.36974391413420515,13.389897948556635,0.018699724177071754,9
85,13.389897948556635,13.393366488746924,0.02427978133202224,13.389897948556635,0.01798231084395659,9
86,13.389897948556635,13.393366488746924,0.02427978133202224,13.389897948556635,0.01729242101256037,9
87,13.389897948556635,13.393366488746924,0.02427978133202224,13.389897948556635,0.016628998746072467,9
88,13.389897948556635,13.389897948556634,1.7763568394002505e-15,13.389897948556635,0.015991028618608488,9
89,13.389897948556635,13.389897948556634,1.7763568394002505e-15,13.389897948556635,0.015377534161012035,9
90,13.389897948556635,13.389897948556634,1.7763568394002505e-15,13.389897948556635,0.014787576366283138,9
91,13.389897948556635,13.389897948556634,1.7763568394002505e-15,13.389897948556635,0.01422025225234578,9
92,13.389897948556635,13.449516615601752,0.4173306693158245,13.389897948556635,0.013674693479954769,9
93,13.389897948556635,13.402161973431243,0.060140979139217454,13.389897948556635,0.013150065023626447,9
94,13.389897948556635,13.395761893375193,0.04104761372990513,13.389897948556635,0.012645563893559074,9
95,13.389897948556635,13.389897948556634,1.7763568394002505e-15,13.389897948556635,0.012160417906586576,9
96,13.389897948556635,13.389897948556634,1.7763568394002505e-15,13.389897948556635,0.01169388450428461,9
97,13.389897948556635,13.389897948556634,1.7763568394002505e-15,13.389897948556635,0.011245249616419848,9
98,13.389897948556635,13.397342289332125,0.04448015977519886,13.389897948556635,0.010813826568002933,9
99,13.389897948556635,13.389897948556634,1.7763568394002505e-15,13.389897948556635,0.01039895502827228,9
100,13.389897948556635,13.389897948556634,1.7763568394002505e-15,13.389897948556635,0.01,9
0,17.960232526704264,20.756316020816783,0.9963662388956355,17.960232526704264,0.5,10
1,17.640175425099137,20.23958307741517,1.0939427918841442,17.640175425099137,0.4808175423786517,10
2,17.301514803843837,19.56905897809663,1.2203159547248206,17.301514803843837,0.46237101811809306,10
3,16.900000000000002,18.911043699324665,1.1286149596196116,16.900000000000002,0.44463219319731306,10
4,14.780350850198277,18.17863461283587,1.2457929134565702,14.780350850198277,0.42757391679112383,10
5,14.780350850198277,17.351950035404435,1.2363726154212917,14.780350850198277,0.41117007971344455,10
6,14.780350850198277,16.893806265498,1.0789309049678693,14.780350850198277,0.3953955744549055,10
7,14.780350850198277,16.44286666155663,0.9586457097578513,14.780350850198277,0.38022625675360566,10
8,14.780350850198277,15.978837988813616,0.8057670764493605,14.780350850198277,0.36563890864020576,10
9,14.160107523773828,15.661015877034888,0.7857252088590793,14.160107523773828,0.35161120290079223,10
10,14.160107523773828,15.394138683381138,0.6801390067645183,14.160107523773828,0.3381216689031207,10
11,13.788854381999831,15.356084291137318,0.7375610745428673,13.788854381999831,0.32514965973393334,10
12,13.788854381999831,15.16460890363715,0.6423047174805863,13.788854381999831,0.3126753205970494,10
13,13.788854381999831,15.048750022868354,0.6736180599147721,13.788854381999831,0.30067955842386057,10
14,13.788854381999831,14.797330530725656,0.6345054445309521,13.788854381999831,0.28914401264971773,10
15,13.788854381999831,14.59207199490293,0.5706454878466185,13.788854381999831,0.2780510271114781,10
16,13.299999999999999,14.468284161727798,0.6237301602488635,13.299999999999999,0.2673836230232015,10
17,13.299999999999999,14.331079028435708,0.7212696114891336,13.299999999999999,0.25712547298863125,10
18,13.299999999999999,14.208762356911338,0.7399061935016307,13.299999999999999,0.24726087601068414,10
19,13.299999999999999,14.097646568042205,0.6923346782748366,13.299999999999999,0.23777473345969932,10
20,13.299999999999999,13.941251082549757,0.5492358913117141,13.299999999999999,0.22865252596366317,10
21,13.299999999999999,14.037489331412495,0.8353737415756933,13.299999999999999,0.21988029118503877,10
22,13.299999999999999,13.823832575697557,0.6271109298416517,13.299999999999999,0.2114446024501853,10
23,13.255294535724685,13.908173616469234,0.7564383768061821,13.255294535724685,0.20333254819865823,10
24,13.255294535724685,13.81777728354878,0.8095353292496463,13.255294535724685,0.1955317122209352,10
25,13.255294535724685,13.611401570061867,0.6590463603797283,13.255294535724685,0.1880301546543197,10
26,13.255294535724685,13.624263738883474,0.8084729380043585,13.255294535724685,0.18081639370793556,10
27,13.255294535724685,13.65485756420262,0.9354925247544769,13.255294535724685,0.17387938808884054,10
28,13.255294535724685,13.62117076243163,0.8371887482386983,13.255294535724685,0.16720852010236023,10
29,13.255294535724685,13.782524503279337,1.0242493683170266,13.255294535724685,0.16079357940077646,10
30,13.255294535724685,13.562006001612907,0.8391182141754417,13.255294535724685,0.15462474735549586,10
31,13.255294535724685,13.589991523280819,0.8702497315472983,13.255294535724685,0.14869258202877889,10
32,13.255294535724685,13.434747962274141,0.5950438057723624,13.255294535724685,0.14298800372202708,10
33,13.255294535724685,13.38619559663131,0.5108449013469306,13.255294535724685,0.13750228107850912,10
34,13.255294535724685,13.425312134755716,0.6400647052711309,13.255294535724685,0.13222701771925466,10
35,13.255294535724685,13.379654817079887,0.3266897476704146,13.255294535724685,0.12715413939166093,10
36,13.255294535724685,13.339262562584087,0.2558653838860047,13.255294535724685,0.12227588161114182,10
37,13.255294535724685,13.299746169586474,0.19705066342115865,13.255294535724685,0.11758477777690436,10
38,13.255294535724685,13.274270700755123,0.09860761994824303,13.255294535724685,0.1130736477436621,10
39,13.255294535724685,13.348489733450142,0.3114752090459415,13.255294535724685,0.10873558683179398,10
40,13.255294535724685,13.475513926964505,0.6552935172804828,13.255294535724685,0.10456395525912732,10
41,13.255294535724685,13.36966262866652,0.416719250029774,13.255294535724685,0.1005523679781698,10
42,13.255294535724685,13.296837723691933,0.1771586158299445,13.255294535724685,0.09669468490323486,10
43,13.255294535724685,13.309840231005063,0.2556572522201785,13.255294535724685,0.092985001512503,10
44,13.255294535724685,13.266866804221818,0.08100587947993626,13.255294535724685,0.0894176398106338,10
45,13.255294535724685,13.266866804221818,0.08100587947993626,13.255294535724685,0.08598713963809686,10
46,13.255294535724685,13.257887511492749,0.01815083037645298,13.255294535724685,0.08268825031391935,10
47,13.255294535724685,13.354265178805518,0.4683747686528025,13.255294535724685,0.07951592259905897,10
48,13.255294535724685,13.462579657122399,0.7149131929605977,13.255294535724685,0.07646530096810125,10
49,13.255294535724685,13.432254540669208,0.6521164838537609,13.255294535724685,0.07353171617745276,10
50,13.255294535724685,13.39493980804265,0.6324747053902755,13.255294535724685,0.07071067811865475,10
51,13.255294535724685,13.268405525043358,0.09177692523070173,13.255294535724685,0.06799786894587896,10
52,13.255294535724685,13.314367381874609,0.26797975847395367,13.255294535724685,0.06538913646708631,10
53,13.255294535724685,13.344775717157033,0.3369409636804364,13.255294535724685,0.06288048778873342,10
54,13.255294535724685,13.28087847297118,0.12635102175594637,13.255294535724685,0.06046808320429925,10
55,13.255294535724685,13.33320256824541,0.4538791972326181,13.255294535724685,0.05814823031727798,10
56,13.255294535724685,13.281682417267024,0.14853054340106386,13.255294535724685,0.05591737838964281,10
57,13.255294535724685,13.318811623643642,0.4446196154326891,13.255294535724685,0.05377211290713039,10
58,13.255294535724685,13.322494290829747,0.4703982857354364,13.255294535724685,0.051709150353027616,10
59,13.255294535724685,13.261294535724687,0.04200000000000009,13.255294535724685,0.049725333182461855,10
60,13.255294535724685,13.271482410418969,0.08202190105211604,13.255294535724685,0.04781762498950185,10
61,13.255294535724685,13.265482410418967,0.07131512285998325,13.255294535724685,0.045983105859672566,10
62,13.255294535724685,13.292802926575668,0.20273946411222898,13.255294535724685,0.044218967900770276,10
63,13.255294535724685,13.310253391594708,0.2439486453996777,13.255294535724685,0.042522510945137704,10
64,13.255294535724685,13.261294535724687,0.04200000000000009,13.255294535724685,0.040891138416820856,10
65,13.255294535724685,13.31991164112107,0.45231973777470347,13.255294535724685,0.039322353357282146,10
66,13.255294535724685,13.31991164112107,0.45231973777470347,13.255294535724685,0.03781375460358665,10
67,13.255294535724685,13.255294535724685,0.0,13.255294535724685,0.036363033113211915,10
68,13.255294535724685,13.278011944841445,0.1590218638173129,13.255294535724685,0.03496796842985617,10
69,13.255294535724685,13.261294535724687,0.04200000000000009,13.255294535724685,0.03362642528483546,10
70,13.255294535724685,13.260011714060768,0.03302024835257295,13.255294535724685,0.03233635032886788,10
71,13.255294535724685,13.312508619651299,0.28148098991253934,13.255294535724685,0.031095768989242715,10
72,13.255294535724685,13.281578510574791,0.18211937741385048,13.255294535724685,0.029902782447563944,10
73,13.255294535724685,13.255294535724685,0.0,13.255294535724685,0.028755564733442356,10
74,13.255294535724685,13.281254641655877,0.18172074151834897,13.255294535724685,0.027652359929687963,10
75,13.255294535724685,13.269694172601517,0.082995306879539,13.255294535724685,0.026591479484724942,10
76,13.255294535724685,13.258121904104382,0.019791578657884765,13.255294535724685,0.025571299628115565,10
77,13.255294535724685,13.258121904104382,0.019791578657884765,13.255294535724685,0.02459025888523731,10
78,13.255294535724685,13.255294535724685,0.0,13.255294535724685,0.023646855687309214,10
79,13.255294535724685,13.26001171406077,0.03302024835257295,13.255294535724685,0.022739646073109316,10
80,13.255294535724685,13.26001171406077,0.03302024835257295,13.255294535724685,0.021867241478865557,10
81,13.255294535724685,13.255294535724685,0.0,13.255294535724685,0.0210283066129373,10
82,13.255294535724685,13.255294535724685,0.0,13.255294535724685,0.020221557412034533,10
83,13.255294535724685,13.255294535724685,0.0,13.255294535724685,0.019445759075846503,10
84,13.255294535724685,13.255294535724685,0.0,13.255294535724685,0.018699724177071754,10
85,13.255294535724685,13.255294535724685,0.0,13.255294535724685,0.01798231084395659,10
86,13.255294535724685,13.278011944841445,0.15902186381731287,13.255294535724685,0.01729242101256037,10
87,13.255294535724685,13.261294535724687,0.0420000000000001,13.255294535724685,0.016628998746072467,10
88,13.255294535724685,13.261294535724687,0.04200000000000009,13.255294535724685,0.015991028618608488,10
89,13.255294535724685,13.255294535724685,0.0,13.255294535724685,0.015377534161012035,10
90,13.255294535724685,13.255294535724685,0.0,13.255294535724685,0.014787576366283138,10
91,13.255294535724685,13.28131562700657,0.18214763897318942,13.255294535724685,0.01422025225234578,10
92,13.255294535724685,13.28131562700657,0.18214763897318942,13.255294535724685,0.013674693479954769,10
93,13.255294535724685,13.255294535724685,0.0,13.255294535724685,0.013150065023626447,10
94,13.255294535724685,13.281254641655877,0.18172074151834897,13.255294535724685,0.012645563893559074,10
95,13.255294535724685,13.255294535724685,0.0,13.255294535724685,0.012160417906586576,10
96,13.255294535724685,13.255294535724685,0.0,13.255294535724685,0.01169388450428461,10
97,13.255294535724685,13.31991164112107,0.45231973777470347,13.255294535724685,0.011245249616419848,10
98,13.255294535724685,13.255294535724685,0.0,13.255294535724685,0.010813826568002933,10
99,13.255294535724685,13.255294535724685,0.0,13.255294535724685,0.01039895502827228,10
100,13.255294535724685,13.255294535724685,0.0,13.255294535724685,0.01,10
0,19.01657508881031,20.741684026787837,0.8458195216109339,19.01657508881031,0.5,11
1,15.683266665599966,20.191371694392483,1.1904169504218896,15.683266665599966,0.4808175423786517,11
2,15.345207879911715,19.56078932635066,1.3777975155621902,15.345207879911715,0.46237101811809306,11
3,15.345207879911715,18.733174461523685,1.59591351174491,15.345207879911715,0.44463219319731306,11
4,15.345207879911715,17.824224070080163,1.460712888780171,15.345207879911715,0.42757391679112383,11
5,15.1,17.149061638899294,1.3356317370366442,15.1,0.41117007971344455,11
6,15.1,16.545759004513126,1.0443219010471123,15.1,0.3953955744549055,11
7,14.410844001658269,16.0111786221567,0.7037166188835985,14.410844001658269,0.38022625675360566,11
8,14.410844001658269,15.705445485274833,0.6010266354338553,14.410844001658269,0.36563890864020576,11
9,14.410844001658269,15.53611593387194,0.6090182617966912,14.410844001658269,0.35161120290079223,11
10,14.410844001658269,15.415886630850137,0.7078008346084015,14.410844001658269,0.3381216689031207,11
11,14.410844001658269,15.305023140108425,0.7154511167568288,14.410844001658269,0.32514965973393334,11
12,14.410844001658269,15.236809224724757,0.8493095257889122,14.410844001658269,0.3126753205970494,11
13,14.39799919935936,15.029117165077555,0.5562101615331804,14.39799919935936,0.30067955842386057,11
14,14.39799919935936,15.07041236573775,0.6587431738740119,14.39799919935936,0.28914401264971773,11
15,14.36287388383278,14.921835269626477,0.569768793428752,14.36287388383278,0.2780510271114781,11
16,14.115167380558045,15.005837072112117,0.8865541189356928,14.115167380558045,0.2673836230232015,11
17,14.115167380558045,14.928562910547118,0.7768863283351056,14.115167380558045,0.25712547298863125,11
18,14.115167380558045,14.83969606043595,0.6235778367194249,14.115167380558045,0.24726087601068414,11
19,14.115167380558045,14.714547646302988,0.6152445400188818,14.115167380558045,0.23777473345969932,11
20,14.115167380558045,14.609812035056668,0.408821513351959,14.115167380558045,0.22865252596366317,11
21,14.079075450674063,14.526917551281588,0.5321792705925664,14.079075450674063,0.21988029118503877,11
22,14.079075450674063,14.477289464927221,0.4475321217932821,14.079075450674063,0.2114446024501853,11
23,14.079075450674063,14.426239200484119,0.5139911266765922,14.079075450674063,0.20333254819865823,11
24,14.005547008526777,14.355093481800985,0.5137562660034437,14.005547008526777,0.1955317122209352,11
25,14.005547008526777,14.554420684027418,0.921236408660278,14.005547008526777,0.1880301546543197,11
26,14.005547008526777,14.198619661003463,0.2646570939494521,14.005547008526777,0.18081639370793556,11
27,14.005547008526777,14.232185284256625,0.279639807240934,14.005547008526777,0.17387938808884054,11
28,14.005547008526777,14.235122218904824,0.38017009952626724,14.005547008526777,0.16720852010236023,11
29,14.005547008526777,14.165252610740994,0.26285914406838784,14.005547008526777,0.16079357940077646,11
30,14.005547008526777,14.238453899856161,0.5505019605080597,14.005547008526777,0.15462474735549586,11
31,14.005547008526777,14.181621728312264,0.35119341927674036,14.005547008526777,0.14869258202877889,11
32,14.005547008526777,14.150333621137156,0.334996278779538,14.005547008526777,0.14298800372202708,11
33,14.005547008526777,14.200369879491225,0.6315891777807149,14.005547008526777,0.13750228107850912,11
34,14.005547008526777,14.264322736185441,0.5873077577567914,14.005547008526777,0.13222701771925466,11
35,14.005547008526777,14.234898755170198,0.6573637219935028,14.005547008526777,0.12715413939166093,11
36,14.005547008526777,14.212652216606726,0.753784088750675,14.005547008526777,0.12227588161114182,11
37,13.993737745050923,14.078720250959522,0.29366449889030205,13.993737745050923,0.11758477777690436,11
38,13.993737745050923,14.017565406326007,0.07351381394456111,13.993737745050923,0.1130736477436621,11
39,13.993737745050923,14.096720631415888,0.44542149238052203,13.993737745050923,0.10873558683179398,11
40,13.993737745050923,14.152711463121973,0.6125325807665046,13.993737745050923,0.10456395525912732,11
41,13.993737745050923,14.021637070937055,0.09880558436816263,13.993737745050923,0.1005523679781698,11
42,13.993737745050923,14.119879185819808,0.564223342603671,13.993737745050923,0.09669468490323486,11
43,13.993737745050923,14.020723788379446,0.09225023065446618,13.993737745050923,0.092985001512503,11
44,13.993737745050923,14.046259312698405,0.24811692083669734,13.993737745050923,0.0894176398106338,11
45,13.993737745050923,14.051317617408952,0.22231271895875407,13.993737745050923,0.08598713963809686,11
46,13.993737745050923,14.066540757824978,0.24340910319824877,13.993737745050923,0.08268825031391935,11
47,13.993737745050923,14.076250685461046,0.28802536287765573,13.993737745050923,0.07951592259905897,11
48,13.993737745050923,14.039536809703295,0.24486612242806027,13.993737745050923,0.07646530096810125,11
49,13.993737745050923,14.02697587685031,0.2309857993613223,13.993737745050923,0.07353171617745276,11
50,13.993737745050923,14.102127204678732,0.5151839755389549,13.993737745050923,0.07071067811865475,11
51,13.993737745050923,14.059825946760029,0.4626174119637545,13.993737745050923,0.06799786894587896,11
52,13.993737745050923,14.061057082573507,0.4625217960510266,13.993737745050923,0.06538913646708631,11
53,13.993737745050923,14.054804130105708,0.24993654938986326,13.993737745050923,0.06288048778873342,11
54,13.993737745050923,14.170993452314313,0.6065170492359678,13.993737745050923,0.06046808320429925,11
55,13.993737745050923,14.09444377031334,0.4575552729540881,13.993737745050923,0.05814823031727798,11
56,13.993737745050923,14.09444377031334,0.45755527295408804,13.993737745050923,0.05591737838964281,11
57,13.993737745050923,13.993737745050923,0.0,13.993737745050923,0.05377211290713039,11
58,13.993737745050923,14.004944308606982,0.07844594489240297,13.993737745050923,0.051709150353027616,11
59,13.993737745050923,14.036502050608282,0.18315652810868516,13.993737745050923,0.049725333182461855,11
60,13.993737745050923,14.034358844926265,0.1999529795584558,13.993737745050923,0.04781762498950185,11
61,13.993737745050923,13.99673418169823,0.020975056531148405,13.993737745050923,0.045983105859672566,11
62,13.993737745050923,13.993737745050923,0.0,13.993737745050923,0.044218967900770276,11
63,13.993737745050923,14.0361289853133,0.17111531470594277,13.993737745050923,0.042522510945137704,11
64,13.993737745050923,14.007293628447865,0.08652741152199142,13.993737745050923,0.040891138416820856,11
65,13.993737745050923,14.05021927747685,0.22453981383504082,13.993737745050923,0.039322353357282146,11
66,13.993737745050923,13.993737745050923,0.0,13.993737745050923,0.03781375460358665,11
67,13.993737745050923,13.993737745050923,0.0,13.993737745050923,0.036363033113211915,11
68,13.993737745050923,14.045412800210725,0.2538270206278382,13.993737745050923,0.03496796842985617,11
69,13.993737745050923,14.017729508338288,0.16794234301155186,13.993737745050923,0.03362642528483546,11
70,13.993737745050923,13.998644429009238,0.03434678770818526,13.993737745050923,0.03233635032886788,11
71,13.993737745050923,13.998644429009238,0.03434678770818526,13.993737745050923,0.031095768989242715,11
72,13.993737745050923,14.098072710264455,0.5458851678678325,13.993737745050923,0.029902782447563944,11
73,13.993737745050923,14.026739691580797,0.2310136257091023,13.993737745050923,0.028755564733442356,11
74,13.993737745050923,13.999862990149904,0.042876715692870555,13.993737745050923,0.027652359929687963,11
75,13.993737745050923,13.999862990149904,0.042876715692870555,13.993737745050923,0.026591479484724942,11
76,13.993737745050923,13.993737745050923,0.0,13.993737745050923,0.025571299628115565,11
77,13.993737745050923,14.023474036228327,0.15173914753654127,13.993737745050923,0.02459025888523731,11
78,13.993737745050923,13.993737745050923,0.0,13.993737745050923,0.023646855687309214,11
79,13.993737745050923,13.993737745050923,0.0,13.993737745050923,0.022739646073109316,11
80,13.993737745050923,14.004272291218076,0.07374182317006424,13.993737745050923,0.021867241478865557,11
81,13.993737745050923,13.993737745050923,0.0,13.993737745050923,0.0210283066129373,11
82,13.993737745050923,14.0231490728068,0.16341311837817865,13.993737745050923,0.020221557412034533,11
83,13.993737745050923,14.000734181698231,0.0489750565311483,13.993737745050923,0.019445759075846503,11
84,13.993737745050923,14.000734181698231,0.048975056531148295,13.993737745050923,0.018699724177071754,11
85,13.993737745050923,13.993737745050923,0.0,13.993737745050923,0.01798231084395659,11
86,13.993737745050923,14.006062492634387,0.08627323308425563,13.993737745050923,0.01729242101256037,11
87,13.993737745050923,13.993737745050923,0.0,13.993737745050923,0.016628998746072467,11
88,13.993737745050923,14.005065140625382,0.07929176902120642,13.993737745050923,0.015991028618608488,11
89,13.993737745050923,13.993737745050923,0.0,13.993737745050923,0.015377534161012035,11
90,13.993737745050923,13.993737745050923,0.0,13.993737745050923,0.014787576366283138,11
91,13.993737745050923,13.993737745050923,0.0,13.993737745050923,0.01422025225234578,11
92,13.993737745050923,13.993737745050923,0.0,13.993737745050923,0.013674693479954769,11
93,13.993737745050923,13.993737745050923,0.0,13.993737745050923,0.013150065023626447,11
94,13.993737745050923,13.993737745050923,0.0,13.993737745050923,0.012645563893559074,11
95,13.993737745050923,13.993737745050923,0.0,13.993737745050923,0.012160417906586576,11
96,13.993737745050923,13.993737745050923,0.0,13.993737745050923,0.01169388450428461,11
97,13.993737745050923,13.993737745050923,0.0,13.993737745050923,0.011245249616419848,11
98,13.993737745050923,13.993737745050923,0.0,13.993737745050923,0.010813826568002933,11
99,13.993737745050923,13.993737745050923,0.0,13.993737745050923,0.01039895502827228,11
100,13.993737745050923,13.993737745050923,0.0,13.993737745050923,0.01,11
0,18.94899959967968,20.69082817704764,0.826689453604127,18.94899959967968,0.5,12
1,16.0132473986153,20.142170047029705,0.9985803164571446,16.0132473986153,0.4808175423786517,12
2,16.0132473986153,19.434562659531842,1.2245223411354926,16.0132473986153,0.46237101811809306,12
3,16.0132473986153,18.70291062305718,1.3287612992753823,16.0132473986153,0.44463219319731306,12
4,16.0132473986153,17.942709778991254,1.304437787799364,16.0132473986153,0.42757391679112383,12
5,16.0132473986153,17.223498227133312,1.0600098391595174,16.0132473986153,0.41117007971344455,12
6,15.591659420284376,16.810738842967904,0.921182478123187,15.591659420284376,0.3953955744549055,12
7,15.591659420284376,16.408305820105344,0.5909241949864323,15.591659420284376,0.38022625675360566,12
8,15.5293765408777,16.21488488308768,0.48999143961529695,15.5293765408777,0.36563890864020576,12
9,15.391924966748062,16.112329933852273,0.4344755627425031,15.391924966748062,0.35161120290079223,12
10,15.391924966748062,15.996338762266378,0.4004280143120357,15.391924966748062,0.3381216689031207,12
11,15.258323293158117,15.961646772109297,0.5144723429675953,15.258323293158117,0.32514965973393334,12
12,15.208607914449798,15.866955213613902,0.40662024661382995,15.208607914449798,0.3126753205970494,12
13,15.208607914449798,15.801063705140034,0.3883986135996928,15.208607914449798,0.30067955842386057,12
14,15.115587038162705,15.747457266616072,0.4933628793420486,15.115587038162705,0.28914401264971773,12
15,15.115587038162705,15.647861915134547,0.43180988856412866,15.115587038162705,0.2780510271114781,12
16,14.892415526630865,15.470685087568802,0.369455908582245,14.892415526630865,0.2673836230232015,12
17,14.797057550292607,15.334714465054411,0.3188194916483499,14.797057550292607,0.25712547298863125,12
18,14.8293765408777,15.25065820393933,0.28113134712070054,14.797057550292607,0.24726087601068414,12
19,14.646916505762094,15.15797505225166,0.280043407605958,14.646916505762094,0.23777473345969932,12
20,14.646916505762094,15.107232930919299,0.29183821298864837,14.646916505762094,0.22865252596366317,12
21,14.646916505762094,15.055234331467215,0.2945496669428749,14.646916505762094,0.21988029118503877,12
22,14.54093010681705,15.06909520081286,0.3995889491851104,14.54093010681705,0.2114446024501853,12
23,14.54093010681705,14.989712721289271,0.3916187773310307,14.54093010681705,0.20333254819865823,12
24,14.301514803843835,14.864516951397565,0.2934642807199709,14.301514803843835,0.1955317122209352,12
25,14.237663853655727,14.825983119890255,0.2687322290583511,14.237663853655727,0.1880301546543197,12
26,14.176575213227443,14.743694430754722,0.23981351500072703,14.176575213227443,0.18081639370793556,12
27,14.176575213227443,14.714200365749237,0.33622421219350707,14.176575213227443,0.17387938808884054,12
28,14.176575213227443,14.650265621879134,0.3696936246564531,14.176575213227443,0.16720852010236023,12
29,14.176575213227443,14.575489006043256,0.39044552422364986,14.176575213227443,0.16079357940077646,12
30,13.864054992217051,14.548266701335436,0.47305984451030353,13.864054992217051,0.15462474735549586,12
31,13.864054992217051,14.452863444104501,0.4166338455851545,13.864054992217051,0.14869258202877889,12
32,13.864054992217051,14.40226359117601,0.39272558699223475,13.864054992217051,0.14298800372202708,12
33,13.864054992217051,14.281735256545542,0.31606987403409353,13.864054992217051,0.13750228107850912,12
34,13.864054992217051,14.212139453510387,0.2580140351551084,13.864054992217051,0.13222701771925466,12
35,13.864054992217051,14.115222866907454,0.1864185492050919,13.864054992217051,0.12715413939166093,12
36,13.720294101747088,14.113302706892956,0.29089353511654686,13.720294101747088,0.12227588161114182,12
37,13.720294101747088,14.121654607453317,0.49991959367845407,13.720294101747088,0.11758477777690436,12
38,13.720294101747088,14.053712982172975,0.4728991635517699,13.720294101747088,0.1130736477436621,12
39,13.720294101747088,14.02932056179943,0.4920380131894053,13.720294101747088,0.10873558683179398,12
40,13.720294101747088,13.976252600506177,0.48124374839976797,13.720294101747088,0.10456395525912732,12
41,13.720294101747088,13.920728764581035,0.2504411111306267,13.720294101747088,0.1005523679781698,12
42,13.720294101747088,13.875386151607602,0.15309933260502168,13.720294101747088,0.09669468490323486,12
43,13.720294101747088,13.855748602147075,0.1847584055047525,13.720294101747088,0.092985001512503,12
44,13.720294101747088,13.840742348891736,0.2540584379310669,13.720294101747088,0.0894176398106338,12
45,13.720294101747088,13.884157330073801,0.40222959184481905,13.720294101747088,0.08598713963809686,12
46,13.720294101747088,13.8245993234401,0.3266894832623589,13.720294101747088,0.08268825031391935,12
47,13.720294101747088,13.763814965471761,0.1344844270033909,13.720294101747088,0.07951592259905897,12
48,13.70199920063936,13.845067830542416,0.45034458073485906,13.70199920063936,0.07646530096810125,12
49,13.70199920063936,13.771622661737709,0.1802635623000769,13.70199920063936,0.07353171617745276,12
50,13.70199920063936,13.72577803763592,0.04909287086291984,13.70199920063936,0.07071067811865475,12
51,13.70199920063936,13.770532156830015,0.2613241496212522,13.70199920063936,0.06799786894587896,12
52,13.70199920063936,13.716269223503387,0.007578595157582284,13.70199920063936,0.06538913646708631,12
53,13.70199920063936,13.727103094513577,0.07066261307955805,13.70199920063936,0.06288048778873342,12
54,13.70199920063936,13.729483581410136,0.08010768932926704,13.70199920063936,0.06046808320429925,12
55,13.70199920063936,13.746175046037314,0.14252708623062407,13.70199920063936,0.05814823031727798,12
56,13.70199920063936,13.730192985060674,0.12506777929242927,13.70199920063936,0.05591737838964281,12
57,13.277154105707723,13.728009839215465,0.15251758228141812,13.277154105707723,0.05377211290713039,12
58,13.277154105707723,13.73330605861695,0.26426768700542974,13.277154105707723,0.051709150353027616,12
59,13.277154105707723,13.765840003343959,0.46707895290955564,13.277154105707723,0.049725333182461855,12
60,13.277154105707723,13.657930069319093,0.1876143005487611,13.277154105707723,0.04781762498950185,12
61,13.277154105707723,13.587499491944346,0.18610255900626047,13.277154105707723,0.045983105859672566,12
62,13.277154105707723,13.511027374856653,0.20919586841256113,13.277154105707723,0.044218967900770276,12
63,13.277154105707723,13.42160143798448,0.20125284790995795,13.277154105707723,0.042522510945137704,12
64,13.277154105707723,13.345129320896785,0.15575078449239416,13.277154105707723,0.040891138416820856,12
65,13.277154105707723,13.311141713302254,0.11525758502154175,13.277154105707723,0.039322353357282146,12
66,13.277154105707723,13.341416716791471,0.23182663350968213,13.277154105707723,0.03781375460358665,12
67,13.277154105707723,13.30505704893262,0.11131768098313047,13.277154105707723,0.036363033113211915,12
68,13.277154105707723,13.327121653046843,0.19708995422909104,13.277154105707723,0.03496796842985617,12
69,13.277154105707723,13.369078136031021,0.2939071608409609,13.277154105707723,0.03362642528483546,12
70,13.277154105707723,13.340399337804104,0.2229524921918073,13.277154105707723,0.03233635032886788,12
71,12.868438714135813,13.306165654849663,0.19280865701108404,12.868438714135813,0.031095768989242715,12
72,12.868438714135813,13.287265470807096,0.15553464095743322,12.868438714135813,0.029902782447563944,12
73,12.868438714135813,13.25290171257311,0.12127750343474947,12.868438714135813,0.028755564733442356,12
74,12.868438714135813,13.211759643056217,0.14983753756574347,12.868438714135813,0.027652359929687963,12
75,12.868438714135813,13.1545614333831,0.18726346019834794,12.868438714135813,0.026591479484724942,12
76,12.868438714135813,13.090119141091712,0.22205830139509236,12.868438714135813,0.025571299628115565,12
77,12.868438714135813,12.98702516875683,0.20358318705043418,12.868438714135813,0.02459025888523731,12
78,12.868438714135813,12.92887478872359,0.14220969701764666,12.868438714135813,0.023646855687309214,12
79,12.868438714135813,12.896155612250888,0.09871172580910983,12.868438714135813,0.022739646073109316,12
80,12.868438714135813,12.890778156365593,0.08909673621289071,12.868438714135813,0.021867241478865557,12
81,12.868438714135813,12.884809274945635,0.08008720041652552,12.868438714135813,0.0210283066129373,12
82,12.868438714135813,12.876613021967248,0.05722015482006739,12.868438714135813,0.020221557412034533,12
83,12.868438714135813,12.88436370526187,0.1114749378824252,12.868438714135813,0.019445759075846503,12
84,12.868438714135813,12.88436370526187,0.1114749378824252,12.868438714135813,0.018699724177071754,12
85,12.868438714135813,12.86843871413581,3.552713678800501e-15,12.868438714135813,0.01798231084395659,12
86,12.868438714135813,12.86843871413581,3.552713678800501e-15,12.868438714135813,0.01729242101256037,12
87,12.868438714135813,12.894024825574242,0.16032172744474177,12.868438714135813,0.016628998746072467,12
88,12.868438714135813,12.89122750790977,0.1595215564177308,12.868438714135813,0.015991028618608488,12
89,12.868438714135813,12.874363705261871,0.04147493788242518,12.868438714135813,0.015377534161012035,12
90,12.868438714135813,12.877974097451329,0.06674768320862631,12.868438714135813,0.014787576366283138,12
91,12.868438714135813,12.871479240921264,0.021283687498179726,12.868438714135813,0.01422025225234578,12
92,12.868438714135813,12.86843871413581,3.552713678800501e-15,12.868438714135813,0.013674693479954769,12
93,12.868438714135813,12.86843871413581,3.552713678800501e-15,12.868438714135813,0.013150065023626447,12
94,12.868438714135813,12.86843871413581,3.552713678800501e-15,12.868438714135813,0.012645563893559074,12
95,12.868438714135813,12.88005711723233,0.08132882167563725,12.868438714135813,0.012160417906586576,12
96,12.868438714135813,12.88005711723233,0.08132882167563725,12.868438714135813,0.01169388450428461,12
97,12.868438714135813,12.86843871413581,3.552713678800501e-15,12.868438714135813,0.011245249616419848,12
98,12.868438714135813,12.880893008903668,0.08718006337501506,12.868438714135813,0.010813826568002933,12
99,12.830950643030008,12.867688952713692,0.0052483299548127605,12.830950643030008,0.01039895502827228,12
100,12.830950643030008,12.866939191291577,0.007346131652031747,12.830950643030008,0.01,12
0,19.213552872566005,20.667876540655733,0.766343662918514,19.213552872566005,0.5,13
1,16.78262224629348,20.16793228228443,0.8694644009425502,16.78262224629348,0.4808175423786517,13
2,16.429705854077834,19.697391294452853,1.0349763148782791,16.429705854077834,0.46237101811809306,13
3,16.293897898091743,19.079668140388545,1.2453302268797874,16.293897898091743,0.44463219319731306,13
4,15.917935662402835,18.46160936250235,1.351698507426196,15.917935662402835,0.42757391679112383,13
5,15.816609194718914,17.771244460384086,1.2430248110124809,15.816609194718914,0.41117007971344455,13
6,15.802172886644268,17.145519902499345,0.8949508376742187,15.802172886644268,0.3953955744549055,13
7,15.739607805437114,16.841137528239717,0.8053237239223476,15.739607805437114,0.38022625675360566,13
8,15.564132562731402,16.491203697166423,0.6996903111913992,15.564132562731402,0.36563890864020576,13
9,15.406659275674581,16.297013420037157,0.5466923884760716,15.406659275674581,0.35161120290079223,13
10,15.406659275674581,16.13328385404125,0.4588884527051325,15.406659275674581,0.3381216689031207,13
11,15.406659275674581,15.961996123020588,0.4351876293386204,15.406659275674581,0.32514965973393334,13
12,15.406659275674581,15.891260295257595,0.4551814837959626,15.406659275674581,0.3126753205970494,13
13,14.461324772583616,15.809593764691313,0.5415903314346926,14.461324772583616,0.30067955842386057,13
14,14.461324772583616,15.723635596697934,0.4403599830170001,14.461324772583616,0.28914401264971773,13
15,14.461324772583616,15.662357455664774,0.46279355404186506,14.461324772583616,0.2780510271114781,13
16,14.461324772583616,15.623410938989812,0.4191490474696414,14.461324772583616,0.2673836230232015,13
17,14.461324772583616,15.601817412488213,0.49494352959746185,14.461324772583616,0.25712547298863125,13
18,14.461324772583616,15.505648844104853,0.5023104036611867,14.461324772583616,0.24726087601068414,13
19,14.461324772583616,15.44732873575921,0.5800268378252972,14.461324772583616,0.23777473345969932,13
20,14.461324772583616,15.223711381967265,0.3835743665176097,14.461324772583616,0.22865252596366317,13
21,14.461324772583616,15.147337402325622,0.5350626493303288,14.461324772583616,0.21988029118503877,13
22,14.461324772583616,15.142016093341729,0.6767442310706369,14.461324772583616,0.2114446024501853,13
23,14.336229149573722,14.871894085613048,0.42922274846711767,14.336229149573722,0.20333254819865823,13
24,14.20293863659264,14.777381008089115,0.5408702321885219,14.20293863659264,0.1955317122209352,13
25,14.085677655436825,14.6071166087304,0.30172783057472835,14.085677655436825,0.1880301546543197,13
26,14.085677655436825,14.564481676978792,0.30430158376169,14.085677655436825,0.18081639370793556,13
27,14.085677655436825,14.570984243508683,0.39274162668968576,14.085677655436825,0.17387938808884054,13
28,14.049509756796393,14.60614503676435,0.5271939265090068,14.049509756796393,0.16720852010236023,13
29,14.049509756796393,14.486026323622896,0.43659502953944096,14.049509756796393,0.16079357940077646,13
30,14.049509756796393,14.401339095588794,0.41747830185641044,14.049509756796393,0.15462474735549586,13
31,14.049509756796393,14.342121779131736,0.41601431672740535,14.049509756796393,0.14869258202877889,13
32,14.049509756796393,14.36829905508852,0.5068465481957911,14.049509756796393,0.14298800372202708,13
33,14.049509756796393,14.24239544956036,0.328650244059758,14.049509756796393,0.13750228107850912,13
34,14.049509756796393,14.166304486384037,0.18864000759579092,14.049509756796393,0.13222701771925466,13
35,13.995829710142187,14.177560746556441,0.22451834099796153,13.995829710142187,0.12715413939166093,13
36,13.995829710142187,14.201053037152322,0.38293909113054053,13.995829710142187,0.12227588161114182,13
37,13.995829710142187,14.177039503358401,0.39072678323569204,13.995829710142187,0.11758477777690436,13
38,13.995829710142187,14.109609467060654,0.37029349634995345,13.995829710142187,0.1130736477436621,13
39,13.995829710142187,14.076481078094858,0.13635273734263842,13.995829710142187,0.10873558683179398,13
40,13.995829710142187,14.07090961606034,0.1250223464278594,13.995829710142187,0.10456395525912732,13
41,13.995829710142187,14.03661550183333,0.0782904151723388,13.995829710142187,0.1005523679781698,13
42,13.995829710142187,14.048843329588959,0.1282588995151633,13.995829710142187,0.09669468490323486,13
43,13.995829710142187,14.07954719947241,0.22005120999824207,13.995829710142187,0.092985001512503,13
44,13.995829710142187,14.020413515539937,0.10780378271969782,13.995829710142187,0.0894176398106338,13
45,13.995829710142187,14.022270416810565,0.11597712713314981,13.995829710142187,0.08598713963809686,13
46,13.995829710142187,14.052829686135356,0.29197717254872496,13.995829710142187,0.08268825031391935,13
47,13.995829710142187,14.118241320545652,0.4133246239664226,13.995829710142187,0.07951592259905897,13
48,13.995829710142187,14.105892888563579,0.4007951591743352,13.995829710142187,0.07646530096810125,13
49,13.995829710142187,14.103501872641186,0.39825047647944956,13.995829710142187,0.07353171617745276,13
50,13.957342370508885,14.071235808250988,0.22953546918284304,13.957342370508885,0.07071067811865475,13
51,13.957342370508885,14.077745827012187,0.3618939242367357,13.957342370508885,0.06799786894587896,13
52,13.957342370508885,14.025700866903412,0.13262824618641142,13.957342370508885,0.06538913646708631,13
53,13.957342370508885,14.005569594558079,0.07622763491156986,13.957342370508885,0.06288048778873342,13
54,13.957342370508885,14.106839864062549,0.4422894311369481,13.957342370508885,0.06046808320429925,13
55,13.957342370508885,14.01691048741374,0.24721616396934576,13.957342370508885,0.05814823031727798,13
56,13.957342370508885,14.03405818275612,0.3053373154755411,13.957342370508885,0.05591737838964281,13
57,13.957342370508885,14.006160871029603,0.29261793083207693,13.957342370508885,0.05377211290713039,13
58,13.957342370508885,13.961191104472213,0.011546201889990827,13.957342370508885,0.051709150353027616,13
59,13.957342370508885,13.96382102576962,0.040214852071021275,13.957342370508885,0.049725333182461855,13
60,13.957342370508885,13.96944643410996,0.05563236373910826,13.957342370508885,0.04781762498950185,13
61,13.957342370508885,13.966575241600845,0.046343331951786026,13.957342370508885,0.045983105859672566,13
62,13.957342370508885,14.013454752666695,0.23004057435987516,13.957342370508885,0.044218967900770276,13
63,13.957342370508885,13.998326172534753,0.16310128903098892,13.957342370508885,0.042522510945137704,13
64,13.957342370508885,13.988852985588656,0.17068639288051018,13.957342370508885,0.040891138416820856,13
65,13.957342370508885,13.962232547443131,0.03423123853973244,13.957342370508885,0.039322353357282146,13
66,13.957342370508885,13.957342370508885,0.0,13.957342370508885,0.03781375460358665,13
67,13.957342370508885,13.957342370508885,0.0,13.957342370508885,0.036363033113211915,13
68,13.957342370508885,13.957342370508885,0.0,13.957342370508885,0.03496796842985617,13
69,13.957342370508885,13.991716012607885,0.24061549469301888,13.957342370508885,0.03362642528483546,13
70,13.957342370508885,14.022201986290984,0.25852156047996594,13.957342370508885,0.03233635032886788,13
71,13.957342370508885,13.96666038893003,0.0652261289480234,13.957342370508885,0.031095768989242715,13
72,13.957342370508885,13.96666038893003,0.0652261289480234,13.957342370508885,0.029902782447563944,13
73,13.957342370508885,13.958502310421196,0.008119579386172793,13.957342370508885,0.028755564733442356,13
74,13.957342370508885,13.983236266342239,0.1290016265652312,13.957342370508885,0.027652359929687963,13
75,13.957342370508885,13.982571966336486,0.12522639127136043,13.957342370508885,0.026591479484724942,13
76,13.957342370508885,13.982571966336486,0.1252263912713604,13.957342370508885,0.025571299628115565,13
77,13.957342370508885,13.982362436312796,0.1409998338024854,13.957342370508885,0.02459025888523731,13
78,13.957342370508885,13.976821524233696,0.13635407607369054,13.957342370508885,0.023646855687309214,13
79,13.957342370508885,13.958502310421196,0.008119579386172793,13.957342370508885,0.022739646073109316,13
80,13.957342370508885,13.957342370508885,0.0,13.957342370508885,0.021867241478865557,13
81,13.957342370508885,13.957342370508885,0.0,13.957342370508885,0.0210283066129373,13
82,13.957342370508885,13.989293666854888,0.16937712190278292,13.957342370508885,0.020221557412034533,13
83,13.957342370508885,13.957342370508885,0.0,13.957342370508885,0.019445759075846503,13
84,13.957342370508885,13.957342370508885,0.0,13.957342370508885,0.018699724177071754,13
85,13.957342370508885,13.957342370508885,0.0,13.957342370508885,0.01798231084395659,13
86,13.957342370508885,13.957342370508885,0.0,13.957342370508885,0.01729242101256037,13
87,13.957342370508885,13.957342370508885,0.0,13.957342370508885,0.016628998746072467,13
88,13.957342370508885,13.957342370508885,0.0,13.957342370508885,0.015991028618608488,13
89,13.957342370508885,13.957342370508885,0.0,13.957342370508885,0.015377534161012035,13
90,13.957342370508885,13.957342370508885,0.0,13.957342370508885,0.014787576366283138,13
91,13.957342370508885,13.957342370508885,0.0,13.957342370508885,0.01422025225234578,13
92,13.957342370508885,13.980045382209415,0.15892108190371568,13.957342370508885,0.013674693479954769,13
93,13.957342370508885,13.980045382209415,0.1589210819037157,13.957342370508885,0.013150065023626447,13
94,13.957342370508885,13.957342370508885,0.0,13.957342370508885,0.012645563893559074,13
95,13.957342370508885,13.964409400388927,0.04946920916030166,13.957342370508885,0.012160417906586576,13
96,13.957342370508885,13.971441076302074,0.09869094055232937,13.957342370508885,0.01169388450428461,13
97,13.957342370508885,13.957342370508885,0.0,13.957342370508885,0.011245249616419848,13
98,13.957342370508885,13.957342370508885,0.0,13.957342370508885,0.010813826568002933,13
99,13.957342370508885,13.957342370508885,0.0,13.957342370508885,0.01039895502827228,13
100,13.957342370508885,13.972726506900393,0.10768895474055946,13.957342370508885,0.01,13
0,18.63907194296653,20.7517973355288,0.8880293284877606,18.63907194296653,0.5,14
1,17.92756668824971,20.299876765033954,0.9615181855499969,17.92756668824971,0.4808175423786517,14
2,16.83390796058137,19.765327380934448,1.092754065902636,16.83390796058137,0.46237101811809306,14
3,16.266145801540308,19.058038071581144,1.142290657455486,16.266145801540308,0.44463219319731306,14
4,14.462049935181332,18.32514718903996,1.3127440236109769,14.462049935181332,0.42757391679112383,14
5,14.462049935181332,17.516003581419874,1.250062705092363,14.462049935181332,0.41117007971344455,14
6,14.06287388383278,16.855825763946108,1.1928111127347503,14.06287388383278,0.3953955744549055,14
7,14.06287388383278,16.459063963202865,1.209758499700118,14.06287388383278,0.38022625675360566,14
8,14.06287388383278,16.088421103263386,1.1366422100340454,14.06287388383278,0.36563890864020576,14
9,14.026649916142159,15.613443206601628,1.0757005054281215,14.026649916142159,0.35161120290079223,14
10,13.930950643030009,15.268796233514758,0.9874249912669165,13.930950643030009,0.3381216689031207,14
11,13.930950643030009,15.077551130175175,0.9056095050735355,13.930950643030009,0.32514965973393334,14
12,13.930950643030009,14.797607564646254,0.8798177901088103,13.930950643030009,0.3126753205970494,14
13,13.930950643030009,14.636891264748385,0.7647131119131326,13.930950643030009,0.30067955842386057,14
14,13.930950643030009,14.464193577560696,0.7537722016679618,13.930950643030009,0.28914401264971773,14
15,13.803329637837292,14.34103993196863,0.6902763520451018,13.803329637837292,0.2780510271114781,14
16,13.803329637837292,14.245221959606177,0.5689392471063343,13.803329637837292,0.2673836230232015,14
17,13.803329637837292,14.231164428244595,0.6018610869835951,13.803329637837292,0.25712547298863125,14
18,13.803329637837292,14.170144037536529,0.4508652893849821,13.803329637837292,0.24726087601068414,14
19,13.803329637837292,14.08663170262166,0.30453081715360314,13.803329637837292,0.23777473345969932,14
20,13.785229954635271,14.087049095352086,0.4140682859226517,13.785229954635271,0.22865252596366317,14
21,13.635270009440731,14.062242136228095,0.47106931586214756,13.635270009440731,0.21988029118503877,14
22,13.635270009440731,13.974305107112235,0.3912709000399566,13.635270009440731,0.2114446024501853,14
23,13.563818169698585,13.949512895126793,0.47037812279260727,13.563818169698585,0.20333254819865823,14
24,13.563818169698585,13.812433558964868,0.2694474390535149,13.563818169698585,0.1955317122209352,14
25,13.563818169698585,13.814399425998015,0.22840235803702258,13.563818169698585,0.1880301546543197,14
26,13.380624847486569,13.789848167818514,0.2481385028534843,13.380624847486569,0.18081639370793556,14
27,13.380624847486569,13.750955944322868,0.2897372618373637,13.380624847486569,0.17387938808884054,14
28,13.380624847486569,13.717394479704913,0.38061211669899264,13.380624847486569,0.16720852010236023,14
29,13.134846922834953,13.724767589542294,0.4729154547937582,13.134846922834953,0.16079357940077646,14
30,13.134846922834953,13.608743437152379,0.3180641993520914,13.134846922834953,0.15462474735549586,14
31,13.134846922834953,13.61822584139576,0.4353314042173414,13.134846922834953,0.14869258202877889,14
32,13.134846922834953,13.495108077145103,0.2134653520573743,13.134846922834953,0.14298800372202708,14
33,13.134846922834953,13.480226628671154,0.2726735775064585,13.134846922834953,0.13750228107850912,14
34,13.134846922834953,13.468547595101807,0.41837090832749846,13.134846922834953,0.13222701771925466,14
35,13.134846922834953,13.459670073788129,0.37775530716792965,13.134846922834953,0.12715413939166093,14
36,13.134846922834953,13.391153312889106,0.357147894981627,13.134846922834953,0.12227588161114182,14
37,13.134846922834953,13.381390061146544,0.4735060784978126,13.134846922834953,0.11758477777690436,14
38,13.134846922834953,13.295122018299455,0.3996387945258838,13.134846922834953,0.1130736477436621,14
39,13.134846922834953,13.289839623750952,0.3824598714610933,13.134846922834953,0.10873558683179398,14
40,13.134846922834953,13.22401132764225,0.22843826926793354,13.134846922834953,0.10456395525912732,14
41,13.134846922834953,13.234460197022436,0.3951701067246653,13.134846922834953,0.1005523679781698,14
42,13.134846922834953,13.214341474902586,0.25235992269473956,13.134846922834953,0.09669468490323486,14
43,13.134846922834953,13.162502392170682,0.13769537221623687,13.134846922834953,0.092985001512503,14
44,13.134846922834953,13.182112042794943,0.23268000598611777,13.134846922834953,0.0894176398106338,14
45,13.134846922834953,13.26859804335005,0.4642729305274504,13.134846922834953,0.08598713963809686,14
46,13.134846922834953,13.197361652890688,0.22532242304851016,13.134846922834953,0.08268825031391935,14
47,13.134846922834953,13.208375396285136,0.24806727102553516,13.134846922834953,0.07951592259905897,14
48,13.134846922834953,13.192811149593972,0.20185225097811707,13.134846922834953,0.07646530096810125,14
49,13.134846922834953,13.198053779678043,0.34861740342820985,13.134846922834953,0.07353171617745276,14
50,13.134846922834953,13.199101172999253,0.269942322437479,13.134846922834953,0.07071067811865475,14
51,13.134846922834953,13.151123650339263,0.11393709253017845,13.134846922834953,0.06799786894587896,14
52,13.134846922834953,13.226172856525139,0.2831708555581589,13.134846922834953,0.06538913646708631,14
53,13.134846922834953,13.146216577135,0.07958758010032728,13.134846922834953,0.06288048778873342,14
54,13.134846922834953,13.147255875092748,0.08686266580456252,13.134846922834953,0.06046808320429925,14
55,13.134846922834953,13.175295420127894,0.2831394810505691,13.134846922834953,0.05814823031727798,14
56,13.134846922834953,13.183034274369515,0.2470321842216103,13.134846922834953,0.05591737838964281,14
57,13.134846922834953,13.134846922834955,1.7763568394002505e-15,13.134846922834953,0.05377211290713039,14
58,13.134846922834953,13.134846922834955,1.7763568394002505e-15,13.134846922834953,0.051709150353027616,14
59,13.134846922834953,13.220439547123874,0.3099657030039018,13.134846922834953,0.049725333182461855,14
60,13.134846922834953,13.2268416213328,0.45187467083732896,13.134846922834953,0.04781762498950185,14
61,13.134846922834953,13.218004848239689,0.3548579058543443,13.134846922834953,0.045983105859672566,14
62,13.134846922834953,13.263471652488398,0.4974200159655641,13.134846922834953,0.044218967900770276,14
63,13.134846922834953,13.161224393562016,0.18464229508942137,13.134846922834953,0.042522510945137704,14
64,13.134846922834953,13.187438381818792,0.22638883436688542,13.134846922834953,0.040891138416820856,14
65,13.134846922834953,13.171693449997969,0.180682601115112,13.134846922834953,0.039322353357282146,14
66,13.134846922834953,13.154058886678463,0.134483746904553,13.134846922834953,0.03781375460358665,14
67,13.134846922834953,13.191286307122455,0.19993694529752004,13.134846922834953,0.036363033113211915,14
68,13.134846922834953,13.143426347772227,0.06005597456090855,13.134846922834953,0.03496796842985617,14
69,13.134846922834953,13.1688020385151,0.16783937011103947,13.134846922834953,0.03362642528483546,14
70,13.134846922834953,13.177256773863983,0.1763477702348388,13.134846922834953,0.03233635032886788,14
71,13.134846922834953,13.175295420127894,0.2831394810505691,13.134846922834953,0.031095768989242715,14
72,13.134846922834953,13.187896702952541,0.2948378943312012,13.134846922834953,0.029902782447563944,14
73,13.134846922834953,13.134846922834955,1.7763568394002505e-15,13.134846922834953,0.028755564733442356,14
74,13.134846922834953,13.16535213485373,0.21353648413144252,13.134846922834953,0.027652359929687963,14
75,13.134846922834953,13.16535213485373,0.21353648413144252,13.134846922834953,0.026591479484724942,14
76,13.134846922834953,13.134846922834955,1.7763568394002505e-15,13.134846922834953,0.025571299628115565,14
77,13.134846922834953,13.156426711882563,0.1191093140931576,13.134846922834953,0.02459025888523731,14
78,13.134846922834953,13.18550321599301,0.35459405210638967,13.134846922834953,0.023646855687309214,14
79,13.134846922834953,13.134846922834955,1.7763568394002505e-15,13.134846922834953,0.022739646073109316,14
80,13.134846922834953,13.134846922834955,1.7763568394002505e-15,13.134846922834953,0.021867241478865557,14
81,13.134846922834953,13.170559285446425,0.1762627132958784,13.134846922834953,0.0210283066129373,14
82,13.134846922834953,13.151473791957637,0.11638808385877497,13.134846922834953,0.020221557412034533,14
83,13.134846922834953,13.154058886678463,0.134483746904553,13.134846922834953,0.019445759075846503,14
84,13.134846922834953,13.139473791957636,0.032388083858774765,13.134846922834953,0.018699724177071754,14
85,13.134846922834953,13.170308357765487,0.21760377973399286,13.134846922834953,0.01798231084395659,14
86,13.134846922834953,13.139473791957636,0.032388083858774765,13.134846922834953,0.01729242101256037,14
87,13.134846922834953,13.139473791957636,0.032388083858774765,13.134846922834953,0.016628998746072467,14
88,13.134846922834953,13.139473791957636,0.03238808385877477,13.134846922834953,0.015991028618608488,14
89,13.134846922834953,13.139473791957636,0.032388083858774765,13.134846922834953,0.015377534161012035,14
90,13.134846922834953,13.145504140882316,0.0746005263315449,13.134846922834953,0.014787576366283138,14
91,13.134846922834953,13.134846922834955,1.7763568394002505e-15,13.134846922834953,0.01422025225234578,14
92,13.134846922834953,13.134846922834955,1.7763568394002505e-15,13.134846922834953,0.013674693479954769,14
93,13.134846922834953,13.147255875092748,0.08686266580456253,13.134846922834953,0.013150065023626447,14
94,13.134846922834953,13.147255875092748,0.08686266580456253,13.134846922834953,0.012645563893559074,14
95,13.134846922834953,13.174726743254562,0.2791587429372529,13.134846922834953,0.012160417906586576,14
96,13.134846922834953,13.174726743254562,0.2791587429372529,13.134846922834953,0.01169388450428461,14
97,13.134846922834953,13.174726743254562,0.2791587429372529,13.134846922834953,0.011245249616419848,14
98,13.134846922834953,13.134846922834955,1.7763568394002505e-15,13.134846922834953,0.010813826568002933,14
99,13.134846922834953,13.134846922834955,1.7763568394002505e-15,13.134846922834953,0.01039895502827228,14
100,13.134846922834953,13.134846922834955,1.7763568394002505e-15,13.134846922834953,0.01,14
0,17.956465996625056,20.459048580783836,1.0617213711123994,17.956465996625056,0.5,15
1,16.274868417407582,19.942948964768224,1.2643626729441722,16.274868417407582,0.4808175423786517,15
2,15.670459909270544,19.04643666561762,1.265214190415037,15.670459909270544,0.46237101811809306,15
3,15.670459909270544,18.273009795399798,1.1574415381308383,15.670459909270544,0.44463219319731306,15
4,15.42264954516723,17.582231248328558,1.0712671241017921,15.42264954516723,0.42757391679112383,15
5,15.42264954516723,17.07428216273668,0.9491786856550845,15.42264954516723,0.41117007971344455,15
6,15.42264954516723,16.64064623320396,0.6592214144641684,15.42264954516723,0.3953955744549055,15
7,15.039387691339813,16.384434934682027,0.6178752628807206,15.039387691339813,0.38022625675360566,15
8,14.64575131106459,16.167861975862717,0.6284979328416526,14.64575131106459,0.36563890864020576,15
9,14.64575131106459,15.993727821993616,0.6220411525441556,14.64575131106459,0.35161120290079223,15
10,14.64575131106459,15.745873228912519,0.5230278333897928,14.64575131106459,0.3381216689031207,15
11,14.609243436828814,15.531842667337703,0.5181948167648485,14.609243436828814,0.32514965973393334,15
12,14.609243436828814,15.456220989269776,0.5622879792083,14.609243436828814,0.3126753205970494,15
13,14.609243436828814,15.296257015930085,0.5098860374720019,14.609243436828814,0.30067955842386057,15
14,14.609243436828814,15.101316838182775,0.3871077743400748,14.609243436828814,0.28914401264971773,15
15,14.597999199359359,15.012266582956888,0.3973161837887844,14.597999199359359,0.2780510271114781,15
16,14.417935662402835,14.972231167519155,0.42697444028287207,14.417935662402835,0.2673836230232015,15
17,14.43238075793812,14.910444815442867,0.41397013807913036,14.417935662402835,0.25712547298863125,15
18,14.43238075793812,14.813691493195991,0.3758180671660886,14.417935662402835,0.24726087601068414,15
19,14.43238075793812,14.724853148185773,0.25875458633471765,14.417935662402835,0.23777473345969932,15
20,14.377902338672774,14.681395250791686,0.25206643894065406,14.377902338672774,0.22865252596366317,15
21,14.16794833886788,14.588820615120182,0.1802258173204952,14.16794833886788,0.21988029118503877,15
22,14.16794833886788,14.586142885183577,0.278264984416913,14.16794833886788,0.2114446024501853,15
23,13.70293863659264,14.534067007843273,0.35316832366265843,13.70293863659264,0.20333254819865823,15
24,13.70293863659264,14.547443281014353,0.42334362059891867,13.70293863659264,0.1955317122209352,15
25,13.70293863659264,14.485226767754213,0.4972677293969261,13.70293863659264,0.1880301546543197,15
26,13.70293863659264,14.419723108346835,0.4813954259600512,13.70293863659264,0.18081639370793556,15
27,13.70293863659264,14.300667165423738,0.492282387077214,13.70293863659264,0.17387938808884054,15
28,13.70293863659264,14.137261017371134,0.39516932017842976,13.70293863659264,0.16720852010236023,15
29,13.70293863659264,14.087007618680683,0.46240864911866786,13.70293863659264,0.16079357940077646,15
30,13.635270009440731,13.898012128935825,0.3223065144427933,13.635270009440731,0.15462474735549586,15
31,13.256465996625053,13.92879900177511,0.42797436391179844,13.256465996625053,0.14869258202877889,15
32,13.256465996625053,13.866988257848982,0.4525156936937066,13.256465996625053,0.14298800372202708,15
33,13.256465996625053,13.793283060861313,0.3024870257748449,13.256465996625053,0.13750228107850912,15
34,13.256465996625053,13.76311302169874,0.42832533714461374,13.256465996625053,0.13222701771925466,15
35,13.256465996625053,13.673199731926477,0.4139595989160617,13.256465996625053,0.12715413939166093,15
36,13.256465996625053,13.614065610105369,0.37875781208718157,13.256465996625053,0.12227588161114182,15
37,13.256465996625053,13.548459533585314,0.3329437173722433,13.256465996625053,0.11758477777690436,15
38,13.256465996625053,13.441640449284627,0.28534901819619535,13.256465996625053,0.1130736477436621,15
39,13.256465996625053,13.524397183037959,0.6673695511972757,13.256465996625053,0.10873558683179398,15
40,13.256465996625053,13.376507492363576,0.2870678861851152,13.256465996625053,0.10456395525912732,15
41,13.256465996625053,13.366636049581977,0.1882706273514847,13.256465996625053,0.1005523679781698,15
42,13.256465996625053,13.365030399185205,0.27754263444688804,13.256465996625053,0.09669468490323486,15
43,13.256465996625053,13.31652849282163,0.1709418808501812,13.256465996625053,0.092985001512503,15
44,13.18062484748657,13.323331787625674,0.23196580161895408,13.18062484748657,0.0894176398106338,15
45,13.18062484748657,13.362016101139114,0.4371911562085361,13.18062484748657,0.08598713963809686,15
46,13.18062484748657,13.379655619956315,0.5818345036260589,13.18062484748657,0.08268825031391935,15
47,13.18062484748657,13.37184807249139,0.5787711256666755,13.18062484748657,0.07951592259905897,15
48,13.18062484748657,13.311695167896673,0.40033417296973856,13.18062484748657,0.07646530096810125,15
49,13.163818169698587,13.370419828429124,0.5461556086284509,13.163818169698587,0.07353171617745276,15
50,13.163818169698587,13.267501150482204,0.23990745672673489,13.163818169698587,0.07071067811865475,15
51,13.163818169698587,13.279178989213092,0.2648897455980941,13.163818169698587,0.06799786894587896,15
52,13.163818169698587,13.241290722610072,0.1462653929940949,13.163818169698587,0.06538913646708631,15
53,13.163818169698587,13.20811584443351,0.12365221617301426,13.163818169698587,0.06288048778873342,15
54,13.163818169698587,13.207780514540216,0.14178310888050918,13.163818169698587,0.06046808320429925,15
55,13.163818169698587,13.253864843470655,0.4695086946421168,13.163818169698587,0.05814823031727798,15
56,13.163818169698587,13.245534325940007,0.4679090699013934,13.163818169698587,0.05591737838964281,15
57,13.163818169698587,13.17902389993435,0.07084202367044411,13.163818169698587,0.05377211290713039,15
58,13.163818169698587,13.182210866744288,0.10971372093795397,13.163818169698587,0.051709150353027616,15
59,13.163818169698587,13.19721929079591,0.13047038671684413,13.163818169698587,0.049725333182461855,15
60,13.163818169698587,13.189300889594369,0.09920592626237736,13.163818169698587,0.04781762498950185,15
61,13.163818169698587,13.183141051929805,0.12735448318680015,13.163818169698587,0.045983105859672566,15
62,13.163818169698587,13.163818169698589,1.7763568394002505e-15,13.163818169698587,0.044218967900770276,15
63,13.163818169698587,13.163818169698589,1.7763568394002505e-15,13.163818169698587,0.042522510945137704,15
64,13.163818169698587,13.173412997852942,0.06716379708047553,13.163818169698587,0.040891138416820856,15
65,13.12664991614216,13.29654665818161,0.589875739041979,13.12664991614216,0.039322353357282146,15
66,13.12664991614216,13.250995075272744,0.4767806270415537,13.12664991614216,0.03781375460358665,15
67,13.12664991614216,13.179437725784819,0.13096396711159672,13.12664991614216,0.036363033113211915,15
68,13.12664991614216,13.164926387511793,0.05204380255603889,13.12664991614216,0.03496796842985617,15
69,13.12664991614216,13.160466197085022,0.05351941049286284,13.12664991614216,0.03362642528483546,15
70,13.12664991614216,13.158478132237525,0.09191299847377915,13.12664991614216,0.03233635032886788,15
71,13.12664991614216,13.20338728237815,0.2859495762493328,13.12664991614216,0.031095768989242715,15
72,13.12664991614216,13.151250635081087,0.10016264897131005,13.12664991614216,0.029902782447563944,15
73,13.12664991614216,13.144851365043337,0.09682358153395089,13.12664991614216,0.028755564733442356,15
74,13.12664991614216,13.174323725367328,0.3284481190693548,13.12664991614216,0.027652359929687963,15
75,13.12664991614216,13.14420773318941,0.12290471933077804,13.12664991614216,0.026591479484724942,15
76,13.12664991614216,13.126649916142158,1.7763568394002505e-15,13.12664991614216,0.025571299628115565,15
77,13.12664991614216,13.14740856819721,0.1453105643853761,13.12664991614216,0.02459025888523731,15
78,13.12664991614216,13.173860612378892,0.26243933217133586,13.12664991614216,0.023646855687309214,15
79,13.12664991614216,13.126649916142158,1.7763568394002505e-15,13.12664991614216,0.022739646073109316,15
80,13.12664991614216,13.126649916142158,1.7763568394002505e-15,13.12664991614216,0.021867241478865557,15
81,13.12664991614216,13.165100784588972,0.269156079127713,13.12664991614216,0.0210283066129373,15
82,13.12664991614216,13.165100784588972,0.269156079127713,13.12664991614216,0.020221557412034533,15
83,13.12664991614216,13.126649916142158,1.7763568394002505e-15,13.12664991614216,0.019445759075846503,15
84,13.12664991614216,13.126649916142158,1.7763568394002505e-15,13.12664991614216,0.018699724177071754,15
85,13.12664991614216,13.126649916142158,1.7763568394002505e-15,13.12664991614216,0.01798231084395659,15
86,13.12664991614216,13.137852842347543,0.07842048343768257,13.12664991614216,0.01729242101256037,15
87,13.12664991614216,13.12948569210203,0.01985043171911123,13.12664991614216,0.016628998746072467,15
88,13.12664991614216,13.13393998686989,0.0510304950941265,13.12664991614216,0.015991028618608488,15
89,13.12664991614216,13.200029967180496,0.46439950424520565,13.12664991614216,0.015377534161012035,15
90,13.12664991614216,13.192739896452762,0.46262986217424246,13.12664991614216,0.014787576366283138,15
91,13.12664991614216,13.190730447949509,0.2601382090433881,13.12664991614216,0.01422025225234578,15
92,13.12664991614216,13.126649916142158,1.7763568394002505e-15,13.12664991614216,0.013674693479954769,15
93,13.12664991614216,13.126649916142158,1.7763568394002505e-15,13.12664991614216,0.013150065023626447,15
94,13.12664991614216,13.126649916142158,1.7763568394002505e-15,13.12664991614216,0.012645563893559074,15
95,13.12664991614216,13.126649916142158,1.7763568394002505e-15,13.12664991614216,0.012160417906586576,15
96,13.12664991614216,13.126649916142158,1.7763568394002505e-15,13.12664991614216,0.01169388450428461,15
97,13.12664991614216,13.126649916142158,1.7763568394002505e-15,13.12664991614216,0.011245249616419848,15
98,13.12664991614216,13.138668251584308,0.08412834809505665,13.12664991614216,0.010813826568002933,15
99,13.12664991614216,13.139330551542633,0.08876444780332374,13.12664991614216,0.01039895502827228,15
100,13.12664991614216,13.16226825945348,0.249328403179252,13.12664991614216,0.01,15
0,18.56953597148327,20.81176126688105,1.0713763361704063,18.56953597148327,0.5,16
1,15.966533331199933,20.252982897596098,1.2907801378799484,15.966533331199933,0.4808175423786517,16
2,15.966533331199933,19.659386930470262,1.4486506990601675,15.966533331199933,0.46237101811809306,16
3,15.47484176581315,18.970903172265103,1.7680277603490133,15.47484176581315,0.44463219319731306,16
4,15.360319135392633,17.957554180354574,1.393630483248663,15.360319135392633,0.42757391679112383,16
5,15.360319135392633,17.476146518739657,1.1470911137889774,15.360319135392633,0.41117007971344455,16
6,15.32767142944341,16.919981570167078,1.0741625731349116,15.32767142944341,0.3953955744549055,16
7,15.011094017053559,16.498105976718644,0.8593020733943645,15.011094017053559,0.38022625675360566,16
8,15.011094017053559,16.196212403713915,0.7142530123338758,15.011094017053559,0.36563890864020576,16
9,15.011094017053559,15.878292957466634,0.4834838319842332,15.011094017053559,0.35161120290079223,16
10,15.011094017053559,15.681046209324611,0.4374178653666338,15.011094017053559,0.3381216689031207,16
11,15.011094017053559,15.570044086666803,0.39935086472174175,15.011094017053559,0.32514965973393334,16
12,14.920526275297414,15.53424808426775,0.5110728476453894,14.920526275297414,0.3126753205970494,16
13,14.920526275297414,15.39699463715771,0.4190437172439227,14.920526275297414,0.30067955842386057,16
14,14.920526275297414,15.289753722692955,0.33815605336410537,14.920526275297414,0.28914401264971773,16
15,14.238612787525831,15.215756611100089,0.3727301831859804,14.238612787525831,0.2780510271114781,16
16,14.238612787525831,15.112615823080812,0.3875416364195359,14.238612787525831,0.2673836230232015,16
17,14.238612787525831,14.963207918705233,0.3978014155075907,14.238612787525831,0.25712547298863125,16
18,13.761706725018236,14.903780434439996,0.4137703792673116,13.761706725018236,0.24726087601068414,16
19,13.761706725018236,14.786167866530594,0.43191467505272435,13.761706725018236,0.23777473345969932,16
20,13.761706725018236,14.693219598773913,0.5508108452376769,13.761706725018236,0.22865252596366317,16
21,13.617935662402834,14.626140485983477,0.6621628016115187,13.617935662402834,0.21988029118503877,16
22,13.617935662402834,14.320960559841204,0.5084914816904632,13.617935662402834,0.2114446024501853,16
23,13.617935662402834,14.200408249552893,0.43077759575760016,13.617935662402834,0.20333254819865823,16
24,13.617935662402834,14.105989381298999,0.4880610403796383,13.617935662402834,0.1955317122209352,16
25,13.617935662402834,14.056991224408927,0.4776224934833181,13.617935662402834,0.1880301546543197,16
26,13.617935662402834,13.873043551098103,0.33771696999844264,13.617935662402834,0.18081639370793556,16
27,13.617935662402834,13.773621391452878,0.24086080341701843,13.617935662402834,0.17387938808884054,16
28,13.617935662402834,13.73076465627097,0.26916235779192943,13.617935662402834,0.16720852010236023,16
29,13.617935662402834,13.739005613701783,0.2741879123771966,13.617935662402834,0.16079357940077646,16
30,13.493468988235943,13.697826710434242,0.22517608582295404,13.493468988235943,0.15462474735549586,16
31,13.493468988235943,13.689709487011967,0.22566383243227398,13.493468988235943,0.14869258202877889,16
32,13.493468988235943,13.738681970540133,0.31036598248200215,13.493468988235943,0.14298800372202708,16
33,13.493468988235943,13.693419482544364,0.25773355123466213,13.493468988235943,0.13750228107850912,16
34,13.493468988235943,13.633267987232246,0.16740409332519354,13.493468988235943,0.13222701771925466,16
35,13.254065922853801,13.62528493192029,0.16527698500723859,13.254065922853801,0.12715413939166093,16
36,13.207130750570547,13.591312398967757,0.16287870935669801,13.207130750570547,0.12227588161114182,16
37,13.207130750570547,13.590655626321553,0.20839706652451034,13.207130750570547,0.11758477777690436,16
38,13.207130750570547,13.541292751290682,0.17595898114199388,13.207130750570547,0.1130736477436621,16
39,13.13469899493758,13.51782034350878,0.21107220358944917,13.13469899493758,0.10873558683179398,16
40,13.13469899493758,13.517344438748152,0.35427042299377337,13.13469899493758,0.10456395525912732,16
41,13.13469899493758,13.48071004245331,0.3946849180810943,13.13469899493758,0.1005523679781698,16
42,13.13469899493758,13.38324195339729,0.3088861457286795,13.13469899493758,0.09669468490323486,16
43,13.13469899493758,13.364439048505217,0.36422332461190154,13.13469899493758,0.092985001512503,16
44,13.13469899493758,13.256328820364349,0.2021985261086915,13.13469899493758,0.0894176398106338,16
45,13.13469899493758,13.205720029051122,0.11576893439333838,13.13469899493758,0.08598713963809686,16
46,13.13469899493758,13.246646646728122,0.240481417724429,13.13469899493758,0.08268825031391935,16
47,13.13469899493758,13.19264398510388,0.17511092647541063,13.13469899493758,0.07951592259905897,16
48,13.13469899493758,13.23013659500552,0.2753110869677916,13.13469899493758,0.07646530096810125,16
49,13.13469899493758,13.184654466540085,0.19504362550240217,13.13469899493758,0.07353171617745276,16
50,13.13469899493758,13.161542855602638,0.1188950132649713,13.13469899493758,0.07071067811865475,16
51,13.13469899493758,13.165983319685324,0.15115261308213987,13.13469899493758,0.06799786894587896,16
52,13.1131126469709,13.18081239246952,0.19101949616463618,13.1131126469709,0.06538913646708631,16
53,13.1131126469709,13.205090577011584,0.24222768810417777,13.1131126469709,0.06288048778873342,16
54,13.1131126469709,13.185911273087452,0.20842808731957352,13.1131126469709,0.06046808320429925,16
55,13.1131126469709,13.160060380576986,0.13981033245189492,13.1131126469709,0.05814823031727798,16
56,13.1131126469709,13.12994999838491,0.008942064852215366,13.1131126469709,0.05591737838964281,16
57,13.1131126469709,13.14322372462649,0.11564063987154678,13.1131126469709,0.05377211290713039,16
58,13.1131126469709,13.16828768935918,0.2317689353171058,13.1131126469709,0.051709150353027616,16
59,13.1131126469709,13.1367226545624,0.1194204056812171,13.1131126469709,0.049725333182461855,16
60,13.1131126469709,13.2017764572516,0.24027872104622736,13.1131126469709,0.04781762498950185,16
61,13.1131126469709,13.171464204796058,0.23532095148964308,13.1131126469709,0.045983105859672566,16
62,13.1131126469709,13.145671536824734,0.15669927926723662,13.1131126469709,0.044218967900770276,16
63,13.1131126469709,13.12763044215299,0.09555063687227278,13.1131126469709,0.042522510945137704,16
64,13.1131126469709,13.170842605439445,0.23275688555036797,13.1131126469709,0.040891138416820856,16
65,13.033907960581372,13.127728156148416,0.10090364952165919,13.033907960581372,0.039322353357282146,16
66,13.033907960581372,13.137415257292423,0.136187738253627,13.033907960581372,0.03781375460358665,16
67,13.033907960581372,13.163413714629742,0.19834673665379274,13.033907960581372,0.036363033113211915,16
68,13.033907960581372,13.134958844733852,0.15943867454011187,13.033907960581372,0.03496796842985617,16
69,13.033907960581372,13.113880258490367,0.10679359337801003,13.033907960581372,0.03362642528483546,16
70,13.033907960581372,13.108726226685715,0.12676858643027675,13.033907960581372,0.03233635032886788,16
71,12.891153452528776,13.073982933237719,0.061621180413971084,12.891153452528776,0.031095768989242715,16
72,12.891153452528776,13.08465398407206,0.14317567104568052,12.891153452528776,0.029902782447563944,16
73,12.891153452528776,13.050059974303611,0.10548503289345289,12.891153452528776,0.028755564733442356,16
74,12.891153452528776,13.036076535486266,0.11574835698067917,12.891153452528776,0.027652359929687963,16
75,12.891153452528776,13.018632897225425,0.12229475443946099,12.891153452528776,0.026591479484724942,16
76,12.891153452528776,12.998647266098065,0.12961117578433728,12.891153452528776,0.025571299628115565,16
77,12.891153452528776,12.987551565206754,0.23680266298275596,12.891153452528776,0.02459025888523731,16
78,12.891153452528776,12.9254145344614,0.06096804213231189,12.891153452528776,0.023646855687309214,16
79,12.891153452528776,12.912242714275783,0.11043642648794218,12.891153452528776,0.022739646073109316,16
80,12.891153452528776,12.891153452528778,1.7763568394002505e-15,12.891153452528776,0.021867241478865557,16
81,12.891153452528776,12.963261249808964,0.24586044525743078,12.891153452528776,0.0210283066129373,16
82,12.891153452528776,12.90653253395368,0.10765356997430722,12.891153452528776,0.020221557412034533,16
83,12.891153452528776,12.891153452528778,1.7763568394002505e-15,12.891153452528776,0.019445759075846503,16
84,12.891153452528776,12.891153452528778,1.7763568394002505e-15,12.891153452528776,0.018699724177071754,16
85,12.891153452528776,12.891153452528778,1.7763568394002505e-15,12.891153452528776,0.01798231084395659,16
86,12.891153452528776,12.90653253395368,0.10765356997430722,12.891153452528776,0.01729242101256037,16
87,12.891153452528776,12.897129880962469,0.041834999035824896,12.891153452528776,0.016628998746072467,16
88,12.891153452528776,12.897129880962469,0.041834999035824896,12.891153452528776,0.015991028618608488,16
89,12.891153452528776,12.891153452528778,1.7763568394002505e-15,12.891153452528776,0.015377534161012035,16
90,12.891153452528776,12.891153452528778,1.7763568394002505e-15,12.891153452528776,0.014787576366283138,16
91,12.891153452528776,12.896995716790203,0.04089584982996656,12.891153452528776,0.01422025225234578,16
92,12.891153452528776,12.891153452528778,1.7763568394002505e-15,12.891153452528776,0.013674693479954769,16
93,12.891153452528776,12.891153452528778,1.7763568394002505e-15,12.891153452528776,0.013150065023626447,16
94,12.891153452528776,12.891153452528778,1.7763568394002505e-15,12.891153452528776,0.012645563893559074,16
95,12.891153452528776,12.891153452528778,1.7763568394002505e-15,12.891153452528776,0.012160417906586576,16
96,12.891153452528776,12.891153452528778,1.7763568394002505e-15,12.891153452528776,0.01169388450428461,16
97,12.891153452528776,12.894803266184859,0.025548695592559446,12.891153452528776,0.011245249616419848,16
98,12.891153452528776,12.894803266184859,0.025548695592559446,12.891153452528776,0.010813826568002933,16
99,12.891153452528776,12.891153452528778,1.7763568394002505e-15,12.891153452528776,0.01039895502827228,16
100,12.891153452528776,12.891153452528778,1.7763568394002505e-15,12.891153452528776,0.01,16
0,18.707106781186546,20.8612165507941,0.9768393140406155,18.707106781186546,0.5,17
1,17.83541565040626,20.28307456413106,1.0251859745155216,17.83541565040626,0.4808175423786517,17
2,16.12565782966318,19.484359744553778,1.3291657095378553,16.12565782966318,0.46237101811809306,17
3,16.04928556845359,18.830976792426696,1.3368059412488487,16.04928556845359,0.44463219319731306,17
4,15.549705872175156,18.183409412870283,1.3295034018001302,15.549705872175156,0.42757391679112383,17
5,15.549705872175156,17.7148954191385,1.3485810583601399,15.549705872175156,0.41117007971344455,17
6,14.709361307176243,16.980587349413828,1.2123106743561192,14.709361307176243,0.3953955744549055,17
7,14.709361307176243,16.39102664000472,0.964885639035598,14.709361307176243,0.38022625675360566,17
8,14.455133376499415,16.09921527146567,0.8499699764334486,14.455133376499415,0.36563890864020576,17
9,14.437663853655728,15.808041846180728,0.8723230029678349,14.437663853655728,0.35161120290079223,17
10,14.437663853655728,15.56661901349334,0.6627920974035421,14.437663853655728,0.3381216689031207,17
11,14.437663853655728,15.359534850830173,0.5625443724178366,14.437663853655728,0.32514965973393334,17
12,14.437663853655728,15.21362860553647,0.5271078540553159,14.437663853655728,0.3126753205970494,17
13,14.437663853655728,15.063015961485611,0.48824220642597993,14.437663853655728,0.30067955842386057,17
14,14.437663853655728,15.044073373271388,0.5658549639444844,14.437663853655728,0.28914401264971773,17
15,14.437663853655728,15.01471271966374,0.5863451583303229,14.437663853655728,0.2780510271114781,17
16,14.437663853655728,14.967306299065546,0.48489906195640564,14.437663853655728,0.2673836230232015,17
17,14.25972971738975,14.785208661955258,0.3134025952117832,14.25972971738975,0.25712547298863125,17
18,14.25972971738975,14.827338404999601,0.5546685276894527,14.25972971738975,0.24726087601068414,17
19,14.25972971738975,14.722837385889793,0.5346331326451144,14.25972971738975,0.23777473345969932,17
20,14.25972971738975,14.644328637310112,0.46189957418493316,14.25972971738975,0.22865252596366317,17
21,14.039013913315678,14.626289743856141,0.4470265947016909,14.039013913315678,0.21988029118503877,17
22,14.039013913315678,14.479978116636055,0.34680128263905835,14.039013913315678,0.2114446024501853,17
23,14.039013913315678,14.423301572032228,0.2968753857315791,14.039013913315678,0.20333254819865823,17
24,14.039013913315678,14.431879950706993,0.32791836007145836,14.039013913315678,0.1955317122209352,17
25,14.039013913315678,14.433277869012144,0.4154396395282059,14.039013913315678,0.1880301546543197,17
26,14.039013913315678,14.402515554541392,0.4752495427195472,14.039013913315678,0.18081639370793556,17
27,14.039013913315678,14.334094148819325,0.42943732201440155,14.039013913315678,0.17387938808884054,17
28,13.967670500619608,14.37605822320355,0.6797395316995919,13.967670500619608,0.16720852010236023,17
29,13.967670500619608,14.263611923530101,0.5362329587690837,13.967670500619608,0.16079357940077646,17
30,13.967670500619608,14.32009039996884,0.6711298447871903,13.967670500619608,0.15462474735549586,17
31,13.967670500619608,14.138465271595383,0.34074414179594986,13.967670500619608,0.14869258202877889,17
32,13.967670500619608,14.077189911563574,0.15633405496659883,13.967670500619608,0.14298800372202708,17
33,13.967670500619608,14.052423910169455,0.12277418474696822,13.967670500619608,0.13750228107850912,17
34,13.967670500619608,14.122173009759944,0.4152554417875529,13.967670500619608,0.13222701771925466,17
35,13.967670500619608,14.092898500739812,0.2867057198386005,13.967670500619608,0.12715413939166093,17
36,13.967670500619608,14.04511382880827,0.17559519994929962,13.967670500619608,0.12227588161114182,17
37,13.967670500619608,14.082769498803327,0.291836232670245,13.967670500619608,0.11758477777690436,17
38,13.967670500619608,14.071120212502871,0.347753623379583,13.967670500619608,0.1130736477436621,17
39,13.967670500619608,14.01798208906313,0.18149327912285426,13.967670500619608,0.10873558683179398,17
40,13.967670500619608,14.117242176287657,0.40521245004356327,13.967670500619608,0.10456395525912732,17
41,13.967670500619608,14.03257803810265,0.2973014484827202,13.967670500619608,0.1005523679781698,17
42,13.967670500619608,13.989835064546991,0.13893191132127716,13.967670500619608,0.09669468490323486,17
43,13.967670500619608,13.990215367273093,0.09960982912855626,13.967670500619608,0.092985001512503,17
44,13.967670500619608,14.005164434833869,0.15605125114667107,13.967670500619608,0.0894176398106338,17
45,13.967670500619608,14.005480644465488,0.13355399358303202,13.967670500619608,0.08598713963809686,17
46,13.967670500619608,14.029290808348538,0.3646228048712939,13.967670500619608,0.08268825031391935,17
47,13.967670500619608,14.037408628411379,0.36542970739461156,13.967670500619608,0.07951592259905897,17
48,13.86124969497314,14.025068280290423,0.36294433471804927,13.86124969497314,0.07646530096810125,17
49,13.676819745345025,13.979385975857918,0.12069788929750376,13.676819745345025,0.07353171617745276,17
50,13.676819745345025,13.96443784772655,0.11007649660434335,13.676819745345025,0.07071067811865475,17
51,13.676819745345025,13.936175666042782,0.08485182604154268,13.676819745345025,0.06799786894587896,17
52,13.676819745345025,13.927562786506558,0.13637331468301755,13.676819745345025,0.06538913646708631,17
53,13.676819745345025,13.885078282788992,0.14924924881959573,13.676819745345025,0.06288048778873342,17
54,13.676819745345025,13.86320893671313,0.21658418631982987,13.676819745345025,0.06046808320429925,17
55,13.676819745345025,13.81170661699826,0.20339067023066887,13.676819745345025,0.05814823031727798,17
56,13.676819745345025,13.778429089951251,0.18306100342877343,13.676819745345025,0.05591737838964281,17
57,13.676819745345025,13.746136963865565,0.1799262611756621,13.676819745345025,0.05377211290713039,17
58,13.676819745345025,13.704837122536453,0.12781472272119088,13.676819745345025,0.051709150353027616,17
59,13.676819745345025,13.714523224218917,0.1224549809436222,13.676819745345025,0.049725333182461855,17
60,13.676819745345025,13.72371867376686,0.2008199297676583,13.676819745345025,0.04781762498950185,17
61,13.676819745345025,13.742588360392913,0.2947356404733319,13.676819745345025,0.045983105859672566,17
62,13.676819745345025,13.718624308343884,0.18143115259812548,13.676819745345025,0.044218967900770276,17
63,13.676819745345025,13.707300207031972,0.16529991696863855,13.676819745345025,0.042522510945137704,17
64,13.676819745345025,13.676819745345027,1.7763568394002505e-15,13.676819745345025,0.040891138416820856,17
65,13.676819745345025,13.692344720908872,0.10867482894693553,13.676819745345025,0.039322353357282146,17
66,13.676819745345025,13.676819745345027,1.7763568394002505e-15,13.676819745345025,0.03781375460358665,17
67,13.676819745345025,13.689777847926939,0.05365263210094438,13.676819745345025,0.036363033113211915,17
68,13.676819745345025,13.679497227728348,0.018742376683242024,13.676819745345025,0.03496796842985617,17
69,13.676819745345025,13.679497227728348,0.018742376683242024,13.676819745345025,0.03362642528483546,17
70,13.676819745345025,13.685468219174702,0.06053931680773051,13.676819745345025,0.03233635032886788,17
71,13.676819745345025,13.676819745345027,1.7763568394002505e-15,13.676819745345025,0.031095768989242715,17
72,13.676819745345025,13.682344720908873,0.038674828946935524,13.676819745345025,0.029902782447563944,17
73,13.676819745345025,13.684724907301675,0.05533613369654348,13.676819745345025,0.028755564733442356,17
74,13.676819745345025,13.684724907301675,0.05533613369654348,13.676819745345025,0.027652359929687963,17
75,13.676819745345025,13.684724907301675,0.055336133696543485,13.676819745345025,0.026591479484724942,17
76,13.676819745345025,13.705410392735846,0.1539533031220205,13.676819745345025,0.025571299628115565,17
77,13.676819745345025,13.676819745345027,1.7763568394002505e-15,13.676819745345025,0.02459025888523731,17
78,13.676819745345025,13.693023385486606,0.08260402087702991,13.676819745345025,0.023646855687309214,17
79,13.676819745345025,13.676819745345027,1.7763568394002505e-15,13.676819745345025,0.022739646073109316,17
80,13.676819745345025,13.676819745345027,1.7763568394002505e-15,13.676819745345025,0.021867241478865557,17
81,13.676819745345025,13.684763781890924,0.055608255821293966,13.676819745345025,0.0210283066129373,17
82,13.676819745345025,13.69414550785501,0.08518240950357411,13.676819745345025,0.020221557412034533,17
83,13.676819745345025,13.692707818436824,0.07783534414189858,13.676819745345025,0.019445759075846503,17
84,13.676819745345025,13.689227386984026,0.06322677267142801,13.676819745345025,0.018699724177071754,17
85,13.676819745345025,13.684763781890924,0.05560825582129397,13.676819745345025,0.01798231084395659,17
86,13.676819745345025,13.684763781890924,0.055608255821293966,13.676819745345025,0.01729242101256037,17
87,13.676819745345025,13.693495131867111,0.11672770565460815,13.676819745345025,0.016628998746072467,17
88,13.676819745345025,13.676819745345027,1.7763568394002505e-15,13.676819745345025,0.015991028618608488,17
89,13.676819745345025,13.676819745345027,1.7763568394002505e-15,13.676819745345025,0.015377534161012035,17
90,13.676819745345025,13.699484471662508,0.11143607008853638,13.676819745345025,0.014787576366283138,17
91,13.676819745345025,13.689097846626419,0.08594670896976044,13.676819745345025,0.01422025225234578,17
92,13.676819745345025,13.689097846626419,0.08594670896976042,13.676819745345025,0.013674693479954769,17
93,13.676819745345025,13.676819745345027,1.7763568394002505e-15,13.676819745345025,0.013150065023626447,17
94,13.676819745345025,13.691285234280194,0.07226643651012415,13.676819745345025,0.012645563893559074,17
95,13.676819745345025,13.676819745345027,1.7763568394002505e-15,13.676819745345025,0.012160417906586576,17
96,13.676819745345025,13.676819745345027,1.7763568394002505e-15,13.676819745345025,0.01169388450428461,17
97,13.676819745345025,13.696738371854867,0.13943038556888598,13.676819745345025,0.011245249616419848,17
98,13.676819745345025,13.676819745345027,1.7763568394002505e-15,13.676819745345025,0.010813826568002933,17
99,13.676819745345025,13.676819745345027,1.7763568394002505e-15,13.676819745345025,0.01039895502827228,17
100,13.676819745345025,13.676819745345027,1.7763568394002505e-15,13.676819745345025,0.01,17
0,19.054065922853802,20.779145338897557,0.93260523997829,19.054065922853802,0.5,18
1,15.786342439892262,20.237162094911973,1.1612482124417907,15.786342439892262,0.4808175423786517,18
2,15.786342439892262,19.57677382201425,1.2349016999641667,15.786342439892262,0.46237101811809306,18
3,15.50238027789014,18.968606535947355,1.454667491697518,15.50238027789014,0.44463219319731306,18
4,15.50238027789014,18.322462811398214,1.4158708665768993,15.50238027789014,0.42757391679112383,18
5,15.50238027789014,17.513734185430636,1.3406134825429925,15.50238027789014,0.41117007971344455,18
6,15.437924020083418,17.055466531064297,1.2959795195912087,15.437924020083418,0.3953955744549055,18
7,15.437924020083418,16.482690729579456,0.9988171647868963,15.437924020083418,0.38022625675360566,18
8,15.34400902933387,16.202425621696605,0.7150430574198888,15.34400902933387,0.36563890864020576,18
9,15.34400902933387,15.99458271241611,0.5505029865374805,15.34400902933387,0.35161120290079223,18
10,15.08072158238645,15.893574958231806,0.5694766284248254,15.08072158238645,0.3381216689031207,18
11,15.08072158238645,15.740031002318114,0.42127339136900693,15.08072158238645,0.32514965973393334,18
12,14.91283361405006,15.691175075314783,0.41814436519825965,14.91283361405006,0.3126753205970494,18
13,14.91283361405006,15.599611588252772,0.41327217064436894,14.91283361405006,0.30067955842386057,18
14,14.799999999999999,15.517734027570881,0.3707540697665271,14.799999999999999,0.28914401264971773,18
15,14.432575659723035,15.409499588008462,0.3925650192215939,14.432575659723035,0.2780510271114781,18
16,14.432575659723035,15.35383885369913,0.42160677394353824,14.432575659723035,0.2673836230232015,18
17,14.432575659723035,15.26479751972279,0.43715254795607034,14.432575659723035,0.25712547298863125,18
18,14.432575659723035,15.146296980315128,0.45429755331711913,14.432575659723035,0.24726087601068414,18
19,14.432575659723035,15.062693482838334,0.49045233737369825,14.432575659723035,0.23777473345969932,18
20,14.432575659723035,14.921572092714696,0.4509423038036313,14.432575659723035,0.22865252596366317,18
21,14.274887385102321,14.814095010583726,0.4237526420487714,14.274887385102321,0.21988029118503877,18
22,14.274887385102321,14.817949611542131,0.560789262725377,14.274887385102321,0.2114446024501853,18
23,14.241653005427766,14.646878539663913,0.3347336115758631,14.241653005427766,0.20333254819865823,18
24,14.13901391331568,14.599125567279318,0.32244807054428665,14.13901391331568,0.1955317122209352,18
25,14.06767050061961,14.534536022110633,0.33710281055456426,14.06767050061961,0.1880301546543197,18
26,13.974868417407583,14.440000689791729,0.31431044283375986,13.974868417407583,0.18081639370793556,18
27,13.974868417407583,14.385860347924027,0.34197128886489997,13.974868417407583,0.17387938808884054,18
28,13.974868417407583,14.3139585683774,0.2737655855813274,13.974868417407583,0.16720852010236023,18
29,13.974868417407583,14.264668619844631,0.27177846468337435,13.974868417407583,0.16079357940077646,18
30,13.974868417407583,14.200284275758843,0.2994586282749577,13.974868417407583,0.15462474735549586,18
31,13.974868417407583,14.149033139356755,0.29352480275582465,13.974868417407583,0.14869258202877889,18
32,13.917800560721073,14.098553903355276,0.17921229399158659,13.917800560721073,0.14298800372202708,18
33,13.917800560721073,14.063453560000962,0.20631561331046452,13.917800560721073,0.13750228107850912,18
34,13.66794833886788,14.03047053189835,0.18269605573542272,13.66794833886788,0.13222701771925466,18
35,13.66794833886788,14.049801716691775,0.24241673825812238,13.66794833886788,0.12715413939166093,18
36,13.430950643030009,14.073736898286695,0.3055470495235193,13.430950643030009,0.12227588161114182,18
37,13.430950643030009,14.026942487309222,0.3232501683936761,13.430950643030009,0.11758477777690436,18
38,13.359591794226542,13.960996442968993,0.33376208380685846,13.359591794226542,0.1130736477436621,18
39,13.359591794226542,13.86801150906678,0.31006471805770885,13.359591794226542,0.10873558683179398,18
40,13.359591794226542,13.83540693110899,0.3629402581281964,13.359591794226542,0.10456395525912732,18
41,13.359591794226542,13.770469259816545,0.41041750153133627,13.359591794226542,0.1005523679781698,18
42,13.359591794226542,13.664347282655783,0.2863098150375994,13.359591794226542,0.09669468490323486,18
43,13.359591794226542,13.554503231103231,0.23378419891970637,13.359591794226542,0.092985001512503,18
44,13.359591794226542,13.477707297671223,0.16131014358082002,13.359591794226542,0.0894176398106338,18
45,13.359591794226542,13.488691840070038,0.23341094970611456,13.359591794226542,0.08598713963809686,18
46,13.359591794226542,13.49319617831336,0.3525287937600576,13.359591794226542,0.08268825031391935,18
47,13.235270009440733,13.444947311363455,0.31719466452075556,13.235270009440733,0.07951592259905897,18
48,13.235270009440733,13.396773704506003,0.16391936788981848,13.235270009440733,0.07646530096810125,18
49,13.235270009440733,13.39133713511133,0.2754032824564687,13.235270009440733,0.07353171617745276,18
50,13.235270009440733,13.399475695196747,0.3009686498234063,13.235270009440733,0.07071067811865475,18
51,13.235270009440733,13.344236757055961,0.12633856652037004,13.235270009440733,0.06799786894587896,18
52,13.235270009440733,13.325269646745872,0.13154858134657227,13.235270009440733,0.06538913646708631,18
53,13.235270009440733,13.314107854769476,0.14285466526003002,13.235270009440733,0.06288048778873342,18
54,13.235270009440733,13.286969415465755,0.13729956572288193,13.235270009440733,0.06046808320429925,18
55,13.235270009440733,13.254755624866487,0.047011966994477544,13.235270009440733,0.05814823031727798,18
56,13.085229954635272,13.24152239091631,0.04410711420722528,13.085229954635272,0.05591737838964281,18
57,13.085229954635272,13.229268407248515,0.029401726020208078,13.085229954635272,0.05377211290713039,18
58,13.085229954635272,13.239474732296515,0.10458938265918595,13.085229954635272,0.051709150353027616,18
59,13.026649916142159,13.232301529334434,0.11076323402944097,13.026649916142159,0.049725333182461855,18
60,13.026649916142159,13.201108388737985,0.0679441722581329,13.026649916142159,0.04781762498950185,18
61,12.988409872672513,13.24211670752999,0.2871956127335244,12.988409872672513,0.045983105859672566,18
62,12.988409872672513,13.157725280675514,0.16433351220494635,12.988409872672513,0.044218967900770276,18
63,12.988409872672513,13.10013828401004,0.11102552379586263,12.988409872672513,0.042522510945137704,18
64,12.988409872672513,13.070572282760587,0.10463965418992316,12.988409872672513,0.040891138416820856,18
65,12.988409872672513,13.034639517356906,0.034910261107471904,12.988409872672513,0.039322353357282146,18
66,12.988409872672513,13.01920317583999,0.030132521956807972,12.988409872672513,0.03781375460358665,18
67,12.988409872672513,13.006055164265675,0.01901190822875521,12.988409872672513,0.036363033113211915,18
68,12.988409872672513,12.99769722629948,0.016278770645208197,12.988409872672513,0.03496796842985617,18
69,12.988409872672513,13.016937615880758,0.12129593750182072,12.988409872672513,0.03362642528483546,18
70,12.988409872672513,13.013020675583649,0.10719870231335273,12.988409872672513,0.03233635032886788,18
71,12.988409872672513,12.990759146877817,0.009075765025080297,12.988409872672513,0.031095768989242715,18
72,12.988409872672513,13.013473068845201,0.1700637613716141,12.988409872672513,0.029902782447563944,18
73,12.988409872672513,13.031358055292447,0.19078985455620678,12.988409872672513,0.028755564733442356,18
74,12.988409872672513,13.0225749189809,0.18226598813086672,12.988409872672513,0.027652359929687963,18
75,12.988409872672513,13.002466857163494,0.07027915681509478,12.988409872672513,0.026591479484724942,18
76,12.988409872672513,12.996841177703548,0.05901913521723324,12.988409872672513,0.025571299628115565,18
77,12.988409872672513,13.059652305605654,0.25761508551290224,12.988409872672513,0.02459025888523731,18
78,12.988409872672513,13.024905800723309,0.21454484411928154,12.988409872672513,0.023646855687309214,18
79,12.988409872672513,13.041480345986942,0.22767378474296995,12.988409872672513,0.022739646073109316,18
80,12.988409872672513,13.028859172837167,0.22143330943868192,12.988409872672513,0.021867241478865557,18
81,12.988409872672513,12.988409872672515,1.7763568394002505e-15,12.988409872672513,0.0210283066129373,18
82,12.988409872672513,12.988409872672515,1.7763568394002505e-15,12.988409872672513,0.020221557412034533,18
83,12.988409872672513,13.020839048036727,0.1602623258980276,12.988409872672513,0.019445759075846503,18
84,12.988409872672513,13.00011455792572,0.08193279677243634,12.988409872672513,0.018699724177071754,18
85,12.988409872672513,12.988409872672515,1.7763568394002505e-15,12.988409872672513,0.01798231084395659,18
86,12.988409872672513,12.988409872672515,1.7763568394002505e-15,12.988409872672513,0.01729242101256037,18
87,12.988409872672513,13.000940070522358,0.06138608523624639,12.988409872672513,0.016628998746072467,18
88,12.988409872672513,13.007578877954426,0.0997139815485125,12.988409872672513,0.015991028618608488,18
89,12.988409872672513,12.994641675219064,0.04362261782584806,12.988409872672513,0.015377534161012035,18
90,12.988409872672513,12.99403555213246,0.03937975621963527,12.988409872672513,0.014787576366283138,18
91,12.988409872672513,12.994641675219064,0.043622617825848066,12.988409872672513,0.01422025225234578,18
92,12.988409872672513,13.01019972199252,0.1525289452400365,12.988409872672513,0.013674693479954769,18
93,12.988409872672513,12.988409872672515,1.7763568394002505e-15,12.988409872672513,0.013150065023626447,18
94,12.988409872672513,12.988409872672515,1.7763568394002505e-15,12.988409872672513,0.012645563893559074,18
95,12.988409872672513,12.988409872672515,1.7763568394002505e-15,12.988409872672513,0.012160417906586576,18
96,12.988409872672513,12.99403555213246,0.03937975621963528,12.988409872672513,0.01169388450428461,18
97,12.988409872672513,13.010346274311768,0.15355481147478633,12.988409872672513,0.011245249616419848,18
98,12.988409872672513,12.988409872672515,1.7763568394002505e-15,12.988409872672513,0.010813826568002933,18
99,12.988409872672513,12.988409872672515,1.7763568394002505e-15,12.988409872672513,0.01039895502827228,18
100,12.988409872672513,12.988409872672515,1.7763568394002505e-15,12.988409872672513,0.01,18
0,18.088409872672514,20.807122971631955,1.1527297153042988,18.088409872672514,0.5,19
1,17.07790233867277,20.159619564723144,1.4347218966770448,17.07790233867277,0.4808175423786517,19
2,16.49582971014219,19.383873125550764,1.4961499058082952,16.49582971014219,0.46237101811809306,19
3,16.0,18.512811390994514,1.3978749315622225,16.0,0.44463219319731306,19
4,15.682461550347975,17.765085252373748,1.2937922277290115,15.682461550347975,0.42757391679112383,19
5,15.682461550347975,17.03373632452254,1.052234429068495,15.682461550347975,0.41117007971344455,19
6,15.201428280002318,16.794633101372227,1.0350301660265038,15.201428280002318,0.3953955744549055,19
7,15.201428280002318,16.52693265781959,0.9757834198209632,15.201428280002318,0.38022625675360566,19
8,15.201428280002318,16.13450368841295,0.43547606322602395,15.201428280002318,0.36563890864020576,19
9,15.201428280002318,16.032199156057292,0.46192869676796267,15.201428280002318,0.35161120290079223,19
10,15.201428280002318,15.871648231847471,0.4205168360784548,15.201428280002318,0.3381216689031207,19
11,14.97624151769984,15.651589098129767,0.3655539777118728,14.97624151769984,0.32514965973393334,19
12,14.97624151769984,15.57516330587315,0.4420646575962582,14.97624151769984,0.3126753205970494,19
13,14.89857113690718,15.462969919340061,0.37545967338458247,14.89857113690718,0.30067955842386057,19
14,14.799999999999999,15.331213867990634,0.32952025481762676,14.799999999999999,0.28914401264971773,19
15,14.781534080237808,15.28843639349559,0.2756903196878259,14.781534080237808,0.2780510271114781,19
16,14.799999999999999,15.234628361806774,0.29015950028169335,14.781534080237808,0.2673836230232015,19
17,14.799999999999999,15.18201030009294,0.3124650845067433,14.781534080237808,0.25712547298863125,19
18,14.799999999999999,15.123693889224128,0.26216642970985016,14.781534080237808,0.24726087601068414,19
19,14.70998338865848,15.07272603017875,0.2510588389768511,14.70998338865848,0.23777473345969932,19
20,14.693325909419151,15.081884824625352,0.3326909013088881,14.693325909419151,0.22865252596366317,19
21,14.268438714135812,14.976434833253256,0.4414128272371481,14.268438714135812,0.21988029118503877,19
22,14.196150997149434,14.942884356052819,0.485423210148016,14.196150997149434,0.2114446024501853,19
23,14.196150997149434,14.880909678542059,0.44779355538047305,14.196150997149434,0.20333254819865823,19
24,14.196150997149434,14.87263356945273,0.49617643200356076,14.196150997149434,0.1955317122209352,19
25,14.196150997149434,14.765195992333044,0.435085081509367,14.196150997149434,0.1880301546543197,19
26,13.93238075793812,14.600881987649423,0.3378455529590827,13.93238075793812,0.18081639370793556,19
27,13.548808848170152,14.605002995918294,0.5549642310295126,13.548808848170152,0.17387938808884054,19
28,13.548808848170152,14.517453636670657,0.5553110992708814,13.548808848170152,0.16720852010236023,19
29,13.548808848170152,14.441903078449995,0.6104958752609586,13.548808848170152,0.16079357940077646,19
30,13.548808848170152,14.297699104750214,0.5625718388929508,13.548808848170152,0.15462474735549586,19
31,13.548808848170152,14.263826166325607,0.6510548626635427,13.548808848170152,0.14869258202877889,19
32,13.548808848170152,14.162042833277813,0.7224696917685247,13.548808848170152,0.14298800372202708,19
33,13.548808848170152,14.101131520408623,0.6024850383210995,13.548808848170152,0.13750228107850912,19
34,13.548808848170152,14.063335279873188,0.7126885910015827,13.548808848170152,0.13222701771925466,19
35,13.548808848170152,13.900282826596106,0.4911084111092367,13.548808848170152,0.12715413939166093,19
36,13.548808848170152,13.803381883043794,0.4816521483257295,13.548808848170152,0.12227588161114182,19
37,13.548808848170152,13.714777001836168,0.42272365676049933,13.548808848170152,0.11758477777690436,19
38,13.260232526704263,13.689097073213262,0.44495511315491926,13.260232526704263,0.1130736477436621,19
39,13.22736184954957,13.62506273188426,0.33913254903702583,13.22736184954957,0.10873558683179398,19
40,13.22736184954957,13.604832485875885,0.3539845264161298,13.22736184954957,0.10456395525912732,19
41,13.22736184954957,13.605177232518242,0.40828803872578706,13.22736184954957,0.1005523679781698,19
42,13.22736184954957,13.6393812333284,0.5595186489047507,13.22736184954957,0.09669468490323486,19
43,13.22736184954957,13.530812873514193,0.3498306470528973,13.22736184954957,0.092985001512503,19
44,13.22736184954957,13.466692666394708,0.2538365552042606,13.22736184954957,0.0894176398106338,19
45,13.22736184954957,13.474063937768356,0.433108616795469,13.22736184954957,0.08598713963809686,19
46,13.22736184954957,13.437006307665692,0.5437834366822379,13.22736184954957,0.08268825031391935,19
47,13.200000000000001,13.385618393191685,0.45927377905230027,13.200000000000001,0.07951592259905897,19
48,13.200000000000001,13.391194832485464,0.47279777403837003,13.200000000000001,0.07646530096810125,19
49,13.200000000000001,13.296920005368584,0.2061693326309557,13.200000000000001,0.07353171617745276,19
50,13.200000000000001,13.258929799591687,0.15083647071708345,13.200000000000001,0.07071067811865475,19
51,13.200000000000001,13.229051277168665,0.05987593666963203,13.200000000000001,0.06799786894587896,19
52,13.200000000000001,13.299724750220157,0.4818335572926956,13.200000000000001,0.06538913646708631,19
53,13.200000000000001,13.236276637965695,0.16848162273569087,13.200000000000001,0.06288048778873342,19
54,13.200000000000001,13.20766131787388,0.012285439977953198,13.200000000000001,0.06046808320429925,19
55,13.200000000000001,13.204377895927932,0.010031019737191586,13.200000000000001,0.05814823031727798,19
56,13.04833147735479,13.24746610902504,0.2769653072954567,13.04833147735479,0.05591737838964281,19
57,13.04833147735479,13.194480496085184,0.030077269211233673,13.04833147735479,0.05377211290713039,19
58,13.04833147735479,13.20368958723896,0.119771156443781,13.04833147735479,0.051709150353027616,19
59,13.04833147735479,13.191556105427342,0.12699492460421738,13.04833147735479,0.049725333182461855,19
60,13.04833147735479,13.179041558109077,0.1912524931514324,13.04833147735479,0.04781762498950185,19
61,13.04833147735479,13.172210190260007,0.23478720880740017,13.04833147735479,0.045983105859672566,19
62,13.04833147735479,13.15907254656927,0.2531716278149068,13.04833147735479,0.044218967900770276,19
63,13.04833147735479,13.090266869605184,0.1085870878585155,13.04833147735479,0.042522510945137704,19
64,13.04833147735479,13.054867184487664,0.02980628505592388,13.04833147735479,0.040891138416820856,19
65,13.04833147735479,13.048800443581854,0.0032827635894683038,13.04833147735479,0.039322353357282146,19
66,13.04833147735479,13.101627551667443,0.37307252018858283,13.04833147735479,0.03781375460358665,19
67,13.04833147735479,13.108225582086597,0.37498396411844087,13.04833147735479,0.036363033113211915,19
68,13.04833147735479,13.101627551667443,0.37307252018858283,13.04833147735479,0.03496796842985617,19
69,13.04833147735479,13.06121179585587,0.06700908054346924,13.04833147735479,0.03362642528483546,19
70,13.04833147735479,13.048331477354788,1.7763568394002505e-15,13.04833147735479,0.03233635032886788,19
71,13.04833147735479,13.048331477354788,1.7763568394002505e-15,13.04833147735479,0.031095768989242715,19
72,13.04833147735479,13.08661729538165,0.2115245563359536,13.04833147735479,0.029902782447563944,19
73,13.04833147735479,13.077438666407406,0.20243272114205768,13.04833147735479,0.028755564733442356,19
74,13.04833147735479,13.077438666407406,0.20243272114205768,13.04833147735479,0.027652359929687963,19
75,13.04833147735479,13.048331477354788,1.7763568394002505e-15,13.04833147735479,0.026591479484724942,19
76,13.04833147735479,13.110874292898147,0.3913671856337508,13.04833147735479,0.025571299628115565,19
77,13.04833147735479,13.070146286667022,0.15270366518564382,13.04833147735479,0.02459025888523731,19
78,13.04833147735479,13.08853381362399,0.1976945239621358,13.04833147735479,0.023646855687309214,19
79,13.04833147735479,13.12169281371319,0.33123723382806053,13.04833147735479,0.022739646073109316,19
80,13.04833147735479,13.056494167740192,0.057138832697836796,13.04833147735479,0.021867241478865557,19
81,13.04833147735479,13.06290550703623,0.10201820777009558,13.04833147735479,0.0210283066129373,19
82,13.04833147735479,13.06290550703623,0.10201820777009558,13.04833147735479,0.020221557412034533,19
83,13.04833147735479,13.048331477354788,1.7763568394002505e-15,13.04833147735479,0.019445759075846503,19
84,13.04833147735479,13.048331477354788,1.7763568394002505e-15,13.04833147735479,0.018699724177071754,19
85,13.04833147735479,13.06298548784034,0.09928257890261626,13.04833147735479,0.01798231084395659,19
86,13.04833147735479,13.079841927343821,0.1525969844888071,13.04833147735479,0.01729242101256037,19
87,13.04833147735479,13.062516521613274,0.09929530980939251,13.04833147735479,0.016628998746072467,19
88,13.04833147735479,13.048331477354788,1.7763568394002505e-15,13.04833147735479,0.015991028618608488,19
89,13.04833147735479,13.048331477354788,1.7763568394002505e-15,13.04833147735479,0.015377534161012035,19
90,13.04833147735479,13.130124353867918,0.3926589692310045,13.04833147735479,0.014787576366283138,19
91,13.04833147735479,13.120068517667455,0.38826010657583065,13.04833147735479,0.01422025225234578,19
92,13.04833147735479,13.100703645438344,0.36660517658488634,13.04833147735479,0.013674693479954769,19
93,13.04833147735479,13.100703645438344,0.36660517658488634,13.04833147735479,0.013150065023626447,19
94,13.04833147735479,13.11071319285465,0.37183366312622546,13.04833147735479,0.012645563893559074,19
95,13.04833147735479,13.048331477354788,1.7763568394002505e-15,13.04833147735479,0.012160417906586576,19
96,13.04833147735479,13.048331477354788,1.7763568394002505e-15,13.04833147735479,0.01169388450428461,19
97,13.04833147735479,13.048331477354788,1.7763568394002505e-15,13.04833147735479,0.011245249616419848,19
98,13.04833147735479,13.048331477354788,1.7763568394002505e-15,13.04833147735479,0.010813826568002933,19
99,13.04833147735479,13.048331477354788,1.7763568394002505e-15,13.04833147735479,0.01039895502827228,19
100,13.04833147735479,13.048331477354788,1.7763568394002505e-15,13.04833147735479,0.01,19
0,17.474165738677396,20.758123839122426,1.1328248737931492,17.474165738677396,0.5,20
1,17.474165738677396,20.158494020599825,1.28817499508662,17.474165738677396,0.4808175423786517,20
2,16.683266665599966,19.537179810035934,1.2757949528154313,16.683266665599966,0.46237101811809306,20
3,16.12565782966318,18.87587878175364,1.3046030812163165,16.12565782966318,0.44463219319731306,20
4,15.299999999999999,17.964702169565616,1.1633150717058047,15.299999999999999,0.42757391679112383,20
5,15.299999999999999,17.41862355773489,1.0972339702628484,15.299999999999999,0.41117007971344455,20
6,15.057583690279023,17.0116105265163,1.1798640263281321,15.057583690279023,0.3953955744549055,20
7,15.398571136907181,16.56729560125006,0.9642588115298447,15.057583690279023,0.38022625675360566,20
8,15.1886890422961,16.13535282390553,0.7315489274789312,15.057583690279023,0.36563890864020576,20
9,15.026649916142159,15.767959039203001,0.48638066381786804,15.026649916142159,0.35161120290079223,20
10,15.026649916142159,15.570530567397224,0.34518705840393205,15.026649916142159,0.3381216689031207,20
11,15.026649916142159,15.49180484717058,0.3461664356061426,15.026649916142159,0.32514965973393334,20
12,14.86356421265527,15.418579055806083,0.3746066276211586,14.86356421265527,0.3126753205970494,20
13,14.6,15.323167833911498,0.4049040510834151,14.6,0.30067955842386057,20
14,14.256809750418045,15.180105065423577,0.2955503561893437,14.256809750418045,0.28914401264971773,20
15,14.256809750418045,15.226801484150663,0.5353808273775046,14.256809750418045,0.2780510271114781,20
16,14.256809750418045,15.090676301704148,0.3947195646905628,14.256809750418045,0.2673836230232015,20
17,14.034387974463899,15.02318406856303,0.446211182867556,14.034387974463899,0.25712547298863125,20
18,14.034387974463899,14.912396581394093,0.3730627165720828,14.034387974463899,0.24726087601068414,20
19,14.034387974463899,14.756126865021745,0.36282526040355506,14.034387974463899,0.23777473345969932,20
20,14.034387974463899,14.687588014949448,0.40858621087477287,14.034387974463899,0.22865252596366317,20
21,13.928991560298224,14.63361144086257,0.47266129776710764,13.928991560298224,0.21988029118503877,20
22,13.683266665599966,14.601539542890464,0.5172596236421644,13.683266665599966,0.2114446024501853,20
23,13.683266665599966,14.519213449278045,0.5584891814853434,13.683266665599966,0.20333254819865823,20
24,13.683266665599966,14.388304464521662,0.5132196993600939,13.683266665599966,0.1955317122209352,20
25,13.683266665599966,14.213221027820788,0.4058634040511511,13.683266665599966,0.1880301546543197,20
26,13.683266665599966,14.145879601639209,0.46944710341391965,13.683266665599966,0.18081639370793556,20
27,13.683266665599966,14.11900185888433,0.5399087732279055,13.683266665599966,0.17387938808884054,20
28,13.481488772222677,13.995362854734474,0.5077974709591987,13.481488772222677,0.16720852010236023,20
29,13.481488772222677,13.942628854719757,0.5021622203578627,13.481488772222677,0.16079357940077646,20
30,13.397366596101028,13.813647958708957,0.2993276310088989,13.397366596101028,0.15462474735549586,20
31,13.397366596101028,13.715999455258462,0.17943803254512997,13.397366596101028,0.14869258202877889,20
32,13.397366596101028,13.681692743066744,0.28927796924234395,13.397366596101028,0.14298800372202708,20
33,13.214944167960988,13.665597623945597,0.33644361308447696,13.214944167960988,0.13750228107850912,20
34,13.20293863659264,13.614277448730599,0.29154222362031806,13.20293863659264,0.13222701771925466,20
35,13.20293863659264,13.553926471649824,0.29450750727210495,13.20293863659264,0.12715413939166093,20
36,13.20293863659264,13.469265766602959,0.19818831854141733,13.20293863659264,0.12227588161114182,20
37,12.9,13.434200176975839,0.26998593058460574,12.9,0.11758477777690436,20
38,12.9,13.395028397564584,0.31484909241351666,12.9,0.1130736477436621,20
39,12.73622914957372,13.357790780465967,0.3921790308079233,12.73622914957372,0.10873558683179398,20
40,12.73622914957372,13.340231245259547,0.5174106574009267,12.73622914957372,0.10456395525912732,20
41,12.73622914957372,13.207883390719207,0.3210504500033051,12.73622914957372,0.1005523679781698,20
42,12.73622914957372,13.14468217096423,0.28639047590320105,12.73622914957372,0.09669468490323486,20
43,12.73622914957372,13.033885850127573,0.19795973463458164,12.73622914957372,0.092985001512503,20
44,12.73622914957372,13.005976057002153,0.3342235075736393,12.73622914957372,0.0894176398106338,20
45,12.73622914957372,12.882271851830579,0.20199172742666155,12.73622914957372,0.08598713963809686,20
46,12.73622914957372,12.896308784442656,0.3088854973221487,12.73622914957372,0.08268825031391935,20
47,12.73622914957372,12.835656177471982,0.23055397237383982,12.73622914957372,0.07951592259905897,20
48,12.73622914957372,12.849413794621773,0.3262981899563574,12.73622914957372,0.07646530096810125,20
49,12.316515138991168,12.84621800755756,0.326652754241587,12.316515138991168,0.07353171617745276,20
50,12.316515138991168,12.75798234747786,0.17520261577209015,12.316515138991168,0.07071067811865475,20
51,12.316515138991168,12.733037233249158,0.16914293132799907,12.316515138991168,0.06799786894587896,20
52,12.316515138991168,12.716248672825854,0.18779428671860832,12.316515138991168,0.06538913646708631,20
53,12.316515138991168,12.688305870869675,0.2441193398508964,12.316515138991168,0.06288048778873342,20
54,12.316515138991168,12.613590363407477,0.1958164986931527,12.316515138991168,0.06046808320429925,20
55,12.316515138991168,12.586446518086959,0.2530061717664496,12.316515138991168,0.05814823031727798,20
56,12.316515138991168,12.5249928557174,0.2985788673842658,12.316515138991168,0.05591737838964281,20
57,12.316515138991168,12.441596327723262,0.2769813867111349,12.316515138991168,0.05377211290713039,20
58,12.316515138991168,12.375275100472722,0.14563531859335027,12.316515138991168,0.051709150353027616,20
59,12.316515138991168,12.358486540049421,0.12591420317476576,12.316515138991168,0.049725333182461855,20
60,12.316515138991168,12.341697979626119,0.09967655480759763,12.316515138991168,0.04781762498950185,20
61,12.316515138991168,12.324909419202818,0.05875996148155737,12.316515138991168,0.045983105859672566,20
62,12.316515138991168,12.399490329644372,0.3607563940278076,12.316515138991168,0.044218967900770276,20
63,12.316515138991168,12.362794936862041,0.1851658700348493,12.316515138991168,0.042522510945137704,20
64,12.316515138991168,12.33209373851155,0.10905019664268298,12.316515138991168,0.040891138416820856,20
65,12.316515138991168,12.364336177845507,0.334747271980391,12.316515138991168,0.039322353357282146,20
66,12.316515138991168,12.316515138991164,3.552713678800501e-15,12.316515138991168,0.03781375460358665,20
67,12.316515138991168,12.316515138991164,3.552713678800501e-15,12.316515138991168,0.036363033113211915,20
68,12.316515138991168,12.32835092815853,0.08285052417156052,12.316515138991168,0.03496796842985617,20
69,12.316515138991168,12.366675436350063,0.2564733054558674,12.316515138991168,0.03362642528483546,20
70,12.316515138991168,12.398735850214326,0.3373775605655269,12.316515138991168,0.03233635032886788,20
71,12.316515138991168,12.333004183503322,0.11542331158510866,12.316515138991168,0.031095768989242715,20
72,12.316515138991168,12.320350928158533,0.026850524171560718,12.316515138991168,0.029902782447563944,20
73,12.316515138991168,12.316515138991164,3.552713678800501e-15,12.316515138991168,0.028755564733442356,20
74,12.316515138991168,12.316515138991164,3.552713678800501e-15,12.316515138991168,0.027652359929687963,20
75,12.316515138991168,12.360497040119458,0.24080867736876563,12.316515138991168,0.026591479484724942,20
76,12.316515138991168,12.416296007381511,0.443363245785881,12.316515138991168,0.025571299628115565,20
77,12.316515138991168,12.34893914637314,0.22696805167382322,12.316515138991168,0.02459025888523731,20
78,12.316515138991168,12.316515138991164,3.552713678800501e-15,12.316515138991168,0.023646855687309214,20
79,12.316515138991168,12.316515138991164,3.552713678800501e-15,12.316515138991168,0.022739646073109316,20
80,12.316515138991168,12.330717834534184,0.0994188688011387,12.316515138991168,0.021867241478865557,20
81,12.316515138991168,12.330717834534184,0.0994188688011387,12.316515138991168,0.0210283066129373,20
82,12.316515138991168,12.363423813257512,0.1860894449441563,12.316515138991168,0.020221557412034533,20
83,12.316515138991168,12.347206879046343,0.15079215686821426,12.316515138991168,0.019445759075846503,20
84,12.316515138991168,12.376473546292118,0.2937513131351897,12.316515138991168,0.018699724177071754,20
85,12.316515138991168,12.35636970494792,0.2789819616972704,12.316515138991168,0.01798231084395659,20
86,12.316515138991168,12.330350928158532,0.09685052417156072,12.316515138991168,0.01729242101256037,20
87,12.316515138991168,12.316515138991164,3.552713678800501e-15,12.316515138991168,0.016628998746072467,20
88,12.316515138991168,12.316515138991164,3.552713678800501e-15,12.316515138991168,0.015991028618608488,20
89,12.316515138991168,12.316515138991164,3.552713678800501e-15,12.316515138991168,0.015377534161012035,20
90,12.316515138991168,12.367021344354962,0.23967572513768548,12.316515138991168,0.014787576366283138,20
91,12.316515138991168,12.316515138991164,3.552713678800501e-15,12.316515138991168,0.01422025225234578,20
92,12.316515138991168,12.3404880187232,0.12281342028363004,12.316515138991168,0.013674693479954769,20
93,12.316515138991168,12.33209373851155,0.10905019664268298,12.316515138991168,0.013150065023626447,20
94,12.316515138991168,12.316515138991164,3.552713678800501e-15,12.316515138991168,0.012645563893559074,20
95,12.316515138991168,12.338764667417307,0.15574669898298785,12.316515138991168,0.012160417906586576,20
96,12.316515138991168,12.403753710020954,0.386101649724151,12.316515138991168,0.01169388450428461,20
97,12.316515138991168,12.36524036729308,0.341076598113401,12.316515138991168,0.011245249616419848,20
98,12.316515138991168,12.365240367293081,0.34107659811340096,12.316515138991168,0.010813826568002933,20
99,12.316515138991168,12.36524036729308,0.341076598113401,12.316515138991168,0.01039895502827228,20
100,12.316515138991168,12.36524036729308,0.341076598113401,12.316515138991168,0.01,20
0,18.264911064067352,20.937769816093414,1.0462262376376323,18.264911064067352,0.5,21
1,18.264911064067352,20.584714961690487,1.186424704232406,18.264911064067352,0.4808175423786517,21
2,15.172458299147443,19.780332224851428,1.218649074973664,15.172458299147443,0.46237101811809306,21
3,15.172458299147443,19.234163196188764,1.4889031079346202,15.172458299147443,0.44463219319731306,21
4,15.172458299147443,18.412394182446302,1.5470329778196212,15.172458299147443,0.42757391679112383,21
5,15.172458299147443,17.513321190043108,1.5427511962676748,15.172458299147443,0.41117007971344455,21
6,15.1,16.771091725062007,1.3638534726995988,15.1,0.3953955744549055,21
7,14.917935662402835,16.288182380932447,1.1223111251673688,14.917935662402835,0.38022625675360566,21
8,14.720897306865446,15.806865610553107,0.7165926146473294,14.720897306865446,0.36563890864020576,21
9,14.516620625799671,15.655975499514977,0.7333433857995874,14.516620625799671,0.35161120290079223,21
10,14.516620625799671,15.397782863924622,0.5550630698835222,14.516620625799671,0.3381216689031207,21
11,14.136664289109586,15.242586357740118,0.48727236309765226,14.136664289109586,0.32514965973393334,21
12,14.136664289109586,15.131757535205637,0.4937762086741773,14.136664289109586,0.3126753205970494,21
13,14.02710574513201,15.038123638650013,0.47960996638171793,14.02710574513201,0.30067955842386057,21
14,13.758317958127243,14.930525266914945,0.5465506654625407,13.758317958127243,0.28914401264971773,21
15,13.758317958127243,14.710685471134,0.44531020369540564,13.758317958127243,0.2780510271114781,21
16,13.758317958127243,14.537271494313421,0.4520489633280878,13.758317958127243,0.2673836230232015,21
17,13.372004514666935,14.44056864679773,0.4525724699214886,13.372004514666935,0.25712547298863125,21
18,13.372004514666935,14.39132506765224,0.5968908428306821,13.372004514666935,0.24726087601068414,21
19,13.36397674405503,14.205588955812205,0.5610550193541941,13.36397674405503,0.23777473345969932,21
20,12.991153452528778,14.150394550843146,0.6618632042238317,12.991153452528778,0.22865252596366317,21
21,12.991153452528778,14.046022618381926,0.7020948417857732,12.991153452528778,0.21988029118503877,21
22,12.991153452528778,13.876430589961547,0.6850544916782604,12.991153452528778,0.2114446024501853,21
23,12.991153452528778,13.674776507659725,0.4933116113442138,12.991153452528778,0.20333254819865823,21
24,12.991153452528778,13.598061139851785,0.5059427218365927,12.991153452528778,0.1955317122209352,21
25,12.991153452528778,13.480396449094961,0.39583978669574665,12.991153452528778,0.1880301546543197,21
26,12.991153452528778,13.41434195845823,0.507761322354375,12.991153452528778,0.18081639370793556,21
27,12.991153452528778,13.23841925260385,0.24612303280208167,12.991153452528778,0.17387938808884054,21
28,12.991153452528778,13.252881348198928,0.33418917053785535,12.991153452528778,0.16720852010236023,21
29,12.991153452528778,13.247170859883836,0.3815433256619986,12.991153452528778,0.16079357940077646,21
30,12.70332963783729,13.233007171653353,0.4624522435014529,12.70332963783729,0.15462474735549586,21
31,12.70332963783729,13.136637369054005,0.3717289581090336,12.70332963783729,0.14869258202877889,21
32,12.70332963783729,13.075786167160153,0.28205759677581155,12.70332963783729,0.14298800372202708,21
33,12.70332963783729,13.120770798281933,0.4376842694757377,12.70332963783729,0.13750228107850912,21
34,12.70332963783729,13.067522262417818,0.3110904670752076,12.70332963783729,0.13222701771925466,21
35,12.70332963783729,13.05532745841116,0.30487134378946157,12.70332963783729,0.12715413939166093,21
36,12.70332963783729,12.980651776883184,0.2762752294862331,12.70332963783729,0.12227588161114182,21
37,12.70332963783729,12.912710287502483,0.2528576989115053,12.70332963783729,0.11758477777690436,21
38,12.70332963783729,12.85962929019072,0.26362627594098,12.70332963783729,0.1130736477436621,21
39,12.70332963783729,12.867059665054676,0.3282309252975525,12.70332963783729,0.10873558683179398,21
40,12.508304597359459,12.76234621371579,0.15830974077313473,12.508304597359459,0.10456395525912732,21
41,12.508304597359459,12.73815701671429,0.11658445442498196,12.508304597359459,0.1005523679781698,21
42,12.508304597359459,12.72979163837982,0.15785349802557647,12.508304597359459,0.09669468490323486,21
43,12.508304597359459,12.724052752028363,0.18959014438566366,12.508304597359459,0.092985001512503,21
44,12.508304597359459,12.773705140672549,0.3922039215820346,12.508304597359459,0.0894176398106338,21
45,12.508304597359459,12.689335584380421,0.25278556068984626,12.508304597359459,0.08598713963809686,21
46,12.508304597359459,12.633949966277703,0.17707928438709894,12.508304597359459,0.08268825031391935,21
47,12.508304597359459,12.588012853296288,0.10886178930034027,12.508304597359459,0.07951592259905897,21
48,12.508304597359459,12.535608103026355,0.06767115985536935,12.508304597359459,0.07646530096810125,21
49,12.508304597359459,12.523906600597684,0.05290896717972075,12.508304597359459,0.07353171617745276,21
50,12.508304597359459,12.550156387064549,0.24029695549219757,12.508304597359459,0.07071067811865475,21
51,12.508304597359459,12.568891033471054,0.22789895415370257,12.508304597359459,0.06799786894587896,21
52,12.508304597359459,12.545225365676608,0.17896201540854445,12.508304597359459,0.06538913646708631,21
53,12.508304597359459,12.510732622493824,0.01699617594057276,12.508304597359459,0.06288048778873342,21
54,12.508304597359459,12.536898334795806,0.18360116692324827,12.508304597359459,0.06046808320429925,21
55,12.508304597359459,12.51976128201395,0.08019679258146227,12.508304597359459,0.05814823031727798,21
56,12.508304597359459,12.533005981696178,0.12432693234762449,12.508304597359459,0.05591737838964281,21
57,12.508304597359459,12.543580062275819,0.24692825441452268,12.508304597359459,0.05377211290713039,21
58,12.508304597359459,12.523507279694986,0.10641877634868943,12.508304597359459,0.051709150353027616,21
59,12.508304597359459,12.561600743611603,0.19100173798528153,12.508304597359459,0.049725333182461855,21
60,12.508304597359459,12.53496396434948,0.13193989853363267,12.508304597359459,0.04781762498950185,21
61,12.508304597359459,12.541366290378479,0.16249187679812385,12.508304597359459,0.045983105859672566,21
62,12.508304597359459,12.55920019843129,0.20201172536267095,12.508304597359459,0.044218967900770276,21
63,12.508304597359459,12.55960949949946,0.20372831550537654,12.508304597359459,0.042522510945137704,21
64,12.508304597359459,12.528304597359458,0.13999999999999999,12.508304597359459,0.040891138416820856,21
65,12.508304597359459,12.55311095722312,0.20211272019763799,12.508304597359459,0.039322353357282146,21
66,12.508304597359459,12.53908565657358,0.1767741270193412,12.508304597359459,0.03781375460358665,21
67,12.508304597359459,12.54588572672773,0.2232372742115411,12.508304597359459,0.036363033113211915,21
68,12.508304597359459,12.539720014425752,0.21990791946404456,12.508304597359459,0.03496796842985617,21
69,12.508304597359459,12.563925479655106,0.2730739593107364,12.508304597359459,0.03362642528483546,21
70,12.508304597359459,12.570091191957088,0.27522043335943674,12.508304597359459,0.03233635032886788,21
71,12.508304597359459,12.514470309661437,0.04315998611386508,12.508304597359459,0.031095768989242715,21
72,12.508304597359459,12.522189307148318,0.08163798932091428,12.508304597359459,0.029902782447563944,21
73,12.508304597359459,12.51976128201395,0.08019679258146227,12.508304597359459,0.028755564733442356,21
74,12.508304597359459,12.514863088403745,0.04590943730999684,12.508304597359459,0.027652359929687963,21
75,12.508304597359459,12.508304597359459,0.0,12.508304597359459,0.026591479484724942,21
76,12.508304597359459,12.537199875883015,0.2022669496649148,12.508304597359459,0.025571299628115565,21
77,12.508304597359459,12.537199875883015,0.2022669496649148,12.508304597359459,0.02459025888523731,21
78,12.508304597359459,12.537199875883015,0.2022669496649148,12.508304597359459,0.023646855687309214,21
79,12.508304597359459,12.537199875883015,0.2022669496649148,12.508304597359459,0.022739646073109316,21
80,12.508304597359459,12.508304597359459,0.0,12.508304597359459,0.021867241478865557,21
81,12.508304597359459,12.508304597359459,0.0,12.508304597359459,0.0210283066129373,21
82,12.508304597359459,12.52607176450646,0.12437017002901646,12.508304597359459,0.020221557412034533,21
83,12.508304597359459,12.508304597359459,0.0,12.508304597359459,0.019445759075846503,21
84,12.508304597359459,12.523532382325666,0.10659449476346283,12.508304597359459,0.018699724177071754,21
85,12.508304597359459,12.523532382325666,0.10659449476346282,12.508304597359459,0.01798231084395659,21
86,12.508304597359459,12.523532382325666,0.10659449476346283,12.508304597359459,0.01729242101256037,21
87,12.508304597359459,12.508304597359459,0.0,12.508304597359459,0.016628998746072467,21
88,12.508304597359459,12.508304597359459,0.0,12.508304597359459,0.015991028618608488,21
89,12.508304597359459,12.508304597359459,0.0,12.508304597359459,0.015377534161012035,21
90,12.508304597359459,12.508304597359459,0.0,12.508304597359459,0.014787576366283138,21
91,12.508304597359459,12.508304597359459,0.0,12.508304597359459,0.01422025225234578,21
92,12.508304597359459,12.508304597359459,0.0,12.508304597359459,0.013674693479954769,21
93,12.508304597359459,12.529940130189985,0.10658959649454164,12.508304597359459,0.013150065023626447,21
94,12.508304597359459,12.527365000863943,0.13342282453138204,12.508304597359459,0.012645563893559074,21
95,12.508304597359459,12.508304597359459,0.0,12.508304597359459,0.012160417906586576,21
96,12.508304597359459,12.508304597359459,0.0,12.508304597359459,0.01169388450428461,21
97,12.508304597359459,12.538753056917594,0.21313921690695098,12.508304597359459,0.011245249616419848,21
98,12.508304597359459,12.508304597359459,0.0,12.508304597359459,0.010813826568002933,21
99,12.508304597359459,12.508304597359459,0.0,12.508304597359459,0.01039895502827228,21
100,12.508304597359459,12.508304597359459,0.0,12.508304597359459,0.01,21
0,19.372004514666937,20.972572490014144,0.8002547901035331,19.372004514666937,0.5,22
1,16.78433666561813,20.60680714082064,0.8988423057408731,16.78433666561813,0.4808175423786517,22
2,15.887475490101846,20.038679862000507,1.3162203206542313,15.887475490101846,0.46237101811809306,22
3,15.887475490101846,19.24952977942864,1.4407322194893966,15.887475490101846,0.44463219319731306,22
4,15.887475490101846,18.550313843222533,1.4738455534890245,15.887475490101846,0.42757391679112383,22
5,15.864054992217051,17.83341617421145,1.305048436728548,15.864054992217051,0.41117007971344455,22
6,15.8108567533594,17.180589478091633,1.0600773082640342,15.8108567533594,0.3953955744549055,22
7,15.8108567533594,16.71492678145122,0.6093009528560934,15.8108567533594,0.38022625675360566,22
8,15.8108567533594,16.526165648919047,0.5145193845317043,15.8108567533594,0.36563890864020576,22
9,15.424099870362664,16.481379523927476,0.5561395577980122,15.424099870362664,0.35161120290079223,22
10,15.424099870362664,16.24204684438325,0.44796220275773596,15.424099870362664,0.3381216689031207,22
11,15.424099870362664,16.208770531603168,0.5606177705033547,15.424099870362664,0.32514965973393334,22
12,14.985677655436824,16.138710964597614,0.5924822449803133,14.985677655436824,0.3126753205970494,22
13,14.985677655436824,15.972284958119712,0.5564075556932819,14.985677655436824,0.30067955842386057,22
14,14.985677655436824,15.761431466388215,0.5060716582809254,14.985677655436824,0.28914401264971773,22
15,14.713594362117865,15.51751161417992,0.4177965653483672,14.713594362117865,0.2780510271114781,22
16,14.713594362117865,15.467023032572783,0.5020369389687058,14.713594362117865,0.2673836230232015,22
17,14.713594362117865,15.38557227551263,0.5281920062988777,14.713594362117865,0.25712547298863125,22
18,14.713594362117865,15.360205623142257,0.6372424374865504,14.713594362117865,0.24726087601068414,22
19,14.713594362117865,15.231670201282263,0.5523161052952539,14.713594362117865,0.23777473345969932,22
20,14.713594362117865,15.049666445495077,0.3601094592901081,14.713594362117865,0.22865252596366317,22
21,14.713594362117865,14.993179924315104,0.3683271172144003,14.713594362117865,0.21988029118503877,22
22,14.713594362117865,14.99760955302255,0.42874535517617085,14.713594362117865,0.2114446024501853,22
23,14.713594362117865,14.916268169613673,0.3869753114730255,14.713594362117865,0.20333254819865823,22
24,14.713594362117865,14.832464513400701,0.19656924232049516,14.713594362117865,0.1955317122209352,22
25,14.411871208194288,14.867707283742503,0.3318664304102364,14.411871208194288,0.1880301546543197,22
26,14.411871208194288,14.860681189431856,0.4354355441929818,14.411871208194288,0.18081639370793556,22
27,14.411871208194288,14.781868949704014,0.31273983327514315,14.411871208194288,0.17387938808884054,22
28,14.411871208194288,14.833327758552525,0.39994223119337563,14.411871208194288,0.16720852010236023,22
29,14.411871208194288,14.809574794882232,0.4877388692080484,14.411871208194288,0.16079357940077646,22
30,14.411871208194288,14.845167600152786,0.5551540750396841,14.411871208194288,0.15462474735549586,22
31,14.411871208194288,14.711885018137052,0.4241477622470945,14.411871208194288,0.14869258202877889,22
32,14.295829710142188,14.591600583579106,0.27225971934597226,14.295829710142188,0.14298800372202708,22
33,14.295829710142188,14.585238459706675,0.43645402721363863,14.295829710142188,0.13750228107850912,22
34,14.295829710142188,14.591238667149755,0.45218561219067616,14.295829710142188,0.13222701771925466,22
35,14.295829710142188,14.5554385911726,0.5335456972197211,14.295829710142188,0.12715413939166093,22
36,14.0494443758404,14.533608685836898,0.5392283420807952,14.0494443758404,0.12227588161114182,22
37,14.0494443758404,14.546446893690552,0.6635646973227814,14.0494443758404,0.11758477777690436,22
38,14.0494443758404,14.477698794383782,0.6035553244075176,14.0494443758404,0.1130736477436621,22
39,14.0494443758404,14.469088898992382,0.6411931802435495,14.0494443758404,0.10873558683179398,22
40,14.0494443758404,14.372465158524381,0.5041975856172359,14.0494443758404,0.10456395525912732,22
41,14.0494443758404,14.34293294571034,0.5144464036906903,14.0494443758404,0.1005523679781698,22
42,14.0494443758404,14.281875268330504,0.3258634212713585,14.0494443758404,0.09669468490323486,22
43,14.036664289109584,14.194569331201517,0.1960317936145161,14.036664289109584,0.092985001512503,22
44,14.036664289109584,14.153107416938719,0.24102007124065686,14.036664289109584,0.0894176398106338,22
45,14.036664289109584,14.101863255188624,0.1174434567920674,14.036664289109584,0.08598713963809686,22
46,14.036664289109584,14.072183989640696,0.09029227289786425,14.036664289109584,0.08268825031391935,22
47,14.036664289109584,14.060539364126312,0.07836659226853608,14.036664289109584,0.07951592259905897,22
48,14.036664289109584,14.171087583199865,0.5317152995533398,14.036664289109584,0.07646530096810125,22
49,14.036664289109584,14.16837997774784,0.6180664460755196,14.036664289109584,0.07353171617745276,22
50,14.036664289109584,14.0697682812138,0.14707998531987118,14.036664289109584,0.07071067811865475,22
51,14.036664289109584,14.064038813093921,0.12872841589224593,14.036664289109584,0.06799786894587896,22
52,14.036664289109584,14.049845963560537,0.07337744983634471,14.036664289109584,0.06538913646708631,22
53,14.036664289109584,14.086101515028624,0.25853218669694217,14.036664289109584,0.06288048778873342,22
54,14.036664289109584,14.134878333093592,0.3241848414470645,14.036664289109584,0.06046808320429925,22
55,14.036664289109584,14.101052669729912,0.27059559094479446,14.036664289109584,0.05814823031727798,22
56,14.036664289109584,14.09969052172674,0.2674271793361808,14.036664289109584,0.05591737838964281,22
57,14.036664289109584,14.062658679039124,0.1060961170409932,14.036664289109584,0.05377211290713039,22
58,14.036664289109584,14.042424029225895,0.03853399761731694,14.036664289109584,0.051709150353027616,22
59,14.036664289109584,14.066018836260541,0.12418648253841978,14.036664289109584,0.049725333182461855,22
60,14.036664289109584,14.095461214288166,0.24174730454520724,14.036664289109584,0.04781762498950185,22
61,14.036664289109584,14.089719797825005,0.19865800078760304,14.036664289109584,0.045983105859672566,22
62,14.036664289109584,14.100152283014861,0.20260341661685552,14.036664289109584,0.044218967900770276,22
63,14.036664289109584,14.046427916790027,0.06834539376309032,14.036664289109584,0.042522510945137704,22
64,14.036664289109584,14.042764063435948,0.04269842028454565,14.036664289109584,0.040891138416820856,22
65,14.036664289109584,14.053323916050317,0.08203176220532114,14.036664289109584,0.039322353357282146,22
66,14.036664289109584,14.044168427491277,0.052528968671858536,14.036664289109584,0.03781375460358665,22
67,14.036664289109584,14.04581977766862,0.06408841991326777,14.036664289109584,0.036363033113211915,22
68,14.036664289109584,14.106402920486557,0.4526028542802181,14.036664289109584,0.03496796842985617,22
69,14.036664289109584,14.0479473718566,0.05546520255558792,14.036664289109584,0.03362642528483546,22
70,14.036664289109584,14.081504787447653,0.2792262516764464,14.036664289109584,0.03233635032886788,22
71,14.036664289109584,14.036664289109583,1.7763568394002505e-15,14.036664289109584,0.031095768989242715,22
72,14.036664289109584,14.036664289109583,1.7763568394002505e-15,14.036664289109584,0.029902782447563944,22
73,14.036664289109584,14.04581977766862,0.06408841991326777,14.036664289109584,0.028755564733442356,22
74,14.036664289109584,14.055577141428543,0.13238996623271546,14.036664289109584,0.027652359929687963,22
75,14.036664289109584,14.06974161352392,0.16213103944756127,14.036664289109584,0.026591479484724942,22
76,13.995829710142187,14.108348597866586,0.43765869356321013,13.995829710142187,0.025571299628115565,22
77,13.995829710142187,14.06093773293727,0.1303215408452738,13.995829710142187,0.02459025888523731,22
78,13.995829710142187,14.059304349778571,0.13087028023972602,13.995829710142187,0.023646855687309214,22
79,13.995829710142187,14.042021048987232,0.07369945819939654,13.995829710142187,0.022739646073109316,22
80,13.995829710142187,14.027680681736756,0.01691557339402627,13.995829710142187,0.021867241478865557,22
81,13.995829710142187,14.03111932924036,0.06899774329630465,13.995829710142187,0.0210283066129373,22
82,13.995829710142187,14.013796924887842,0.020269751938273538,13.995829710142187,0.020221557412034533,22
83,13.995829710142187,14.00563000909436,0.01743975980094597,13.995829710142187,0.019445759075846503,22
84,13.995829710142187,14.000729859618275,0.01326966751073091,13.995829710142187,0.018699724177071754,22
85,13.995829710142187,13.999096476459577,0.01107814357115491,13.995829710142187,0.01798231084395659,22
86,13.995829710142187,13.997463093300883,0.008001910586520682,13.995829710142187,0.01729242101256037,22
87,13.995829710142187,13.996646401721534,0.005716841055435574,13.995829710142187,0.016628998746072467,22
88,13.995829710142187,13.996646401721534,0.005716841055435574,13.995829710142187,0.015991028618608488,22
89,13.995829710142187,14.00582214415248,0.06994703807204804,13.995829710142187,0.015377534161012035,22
90,13.995829710142187,14.021171314888484,0.13648001703092616,13.995829710142187,0.014787576366283138,22
91,13.995829710142187,13.995829710142186,1.7763568394002505e-15,13.995829710142187,0.01422025225234578,22
92,13.995829710142187,13.995829710142186,1.7763568394002505e-15,13.995829710142187,0.013674693479954769,22
93,13.995829710142187,14.070059404495314,0.41556672960869473,13.995829710142187,0.013150065023626447,22
94,13.995829710142187,14.058955779812624,0.4018799827666377,13.995829710142187,0.012645563893559074,22
95,13.995829710142187,14.008172718040074,0.06175684823734703,13.995829710142187,0.012160417906586576,22
96,13.995829710142187,14.008172718040074,0.06175684823734703,13.995829710142187,0.01169388450428461,22
97,13.995829710142187,14.028054575744516,0.19353959436386162,13.995829710142187,0.011245249616419848,22
98,13.995829710142187,14.028054575744518,0.19353959436386162,13.995829710142187,0.010813826568002933,22
99,13.995829710142187,14.028054575744518,0.19353959436386162,13.995829710142187,0.01039895502827228,22
100,13.995829710142187,13.995829710142186,1.7763568394002505e-15,13.995829710142187,0.01,22
0,18.394427190999917,20.86243489147559,0.8889423510028379,18.394427190999917,0.5,23
1,15.082207001484488,20.240076476361324,1.2736879754483688,15.082207001484488,0.4808175423786517,23
2,15.952610922848041,19.827183224620704,1.3664908509423832,15.082207001484488,0.46237101811809306,23
3,15.952610922848041,19.109244316437188,1.6082213930748728,15.082207001484488,0.44463219319731306,23
4,15.952610922848041,18.351405291807566,1.5023196002576826,15.082207001484488,0.42757391679112383,23
5,15.737663853655729,17.465685748788022,1.294196065163327,15.082207001484488,0.41117007971344455,23
6,15.503123475609394,16.841254162347802,0.9201006008741496,15.082207001484488,0.3953955744549055,23
7,15.503123475609394,16.54354507096178,0.8339214542923509,15.082207001484488,0.38022625675360566,23
8,14.88998327754521,16.3378099680986,0.6126659208360138,14.88998327754521,0.36563890864020576,23
9,14.88998327754521,16.152652539720258,0.6480154047433501,14.88998327754521,0.35161120290079223,23
10,14.88998327754521,15.972069097731598,0.5010447562476177,14.88998327754521,0.3381216689031207,23
11,14.809243436828814,15.730500179205256,0.41605749254044555,14.809243436828814,0.32514965973393334,23
12,14.809243436828814,15.589608052053084,0.4480412441010474,14.809243436828814,0.3126753205970494,23
13,14.72574776766556,15.405464312345826,0.40706658498550613,14.72574776766556,0.30067955842386057,23
14,14.72574776766556,15.278703323806093,0.3878413103018318,14.72574776766556,0.28914401264971773,23
15,14.664582518894846,15.122993325717884,0.296858592630001,14.664582518894846,0.2780510271114781,23
16,14.664582518894846,15.130944580694695,0.383752109183918,14.664582518894846,0.2673836230232015,23
17,14.664582518894846,15.148867620284333,0.4942661631100103,14.664582518894846,0.25712547298863125,23
18,14.639736830714131,15.064435714537762,0.40900294384775493,14.639736830714131,0.24726087601068414,23
19,14.639736830714131,14.999054926931292,0.39518714206054745,14.639736830714131,0.23777473345969932,23
20,14.63901391331568,14.91869659370113,0.27299661842863976,14.63901391331568,0.22865252596366317,23
21,14.516620625799671,14.807909611559229,0.23745477794159986,14.516620625799671,0.21988029118503877,23
22,14.280350850198277,14.755540341258957,0.283931258305703,14.280350850198277,0.2114446024501853,23
23,14.280350850198277,14.707494381464457,0.22763712275493436,14.280350850198277,0.20333254819865823,23
24,14.280350850198277,14.689678047460573,0.2945489725532014,14.280350850198277,0.1955317122209352,23
25,14.21084400165827,14.636812450109629,0.3397875752574063,14.21084400165827,0.1880301546543197,23
26,14.21084400165827,14.6585420564717,0.4699446283858089,14.21084400165827,0.18081639370793556,23
27,14.21084400165827,14.60241029953199,0.4675835674268734,14.21084400165827,0.17387938808884054,23
28,14.21084400165827,14.549433701803494,0.5024275686432467,14.21084400165827,0.16720852010236023,23
29,14.21084400165827,14.45329847840119,0.3489246036094424,14.21084400165827,0.16079357940077646,23
30,14.115167380558045,14.438687842200732,0.3968775377383218,14.115167380558045,0.15462474735549586,23
31,14.115167380558045,14.413117798739046,0.4227812208738416,14.115167380558045,0.14869258202877889,23
32,14.115167380558045,14.309704576257404,0.2615763681836825,14.115167380558045,0.14298800372202708,23
33,14.073644135332772,14.290668980505693,0.30939777664548707,14.073644135332772,0.13750228107850912,23
34,14.073644135332772,14.245928535187309,0.2327533098835178,14.073644135332772,0.13222701771925466,23
35,14.073644135332772,14.237010067240822,0.2896478969489786,14.073644135332772,0.12715413939166093,23
36,14.073644135332772,14.183739651958215,0.23326123825005604,14.073644135332772,0.12227588161114182,23
37,14.073644135332772,14.182702585905272,0.19882509790226147,14.073644135332772,0.11758477777690436,23
38,14.073644135332772,14.21231912802743,0.312895307669384,14.073644135332772,0.1130736477436621,23
39,14.073644135332772,14.17208438058105,0.23831513220297715,14.073644135332772,0.10873558683179398,23
40,14.033907960581372,14.122254871836551,0.08789272891655013,14.033907960581372,0.10456395525912732,23
41,13.867156809750927,14.104185935948864,0.14088147613139734,13.867156809750927,0.1005523679781698,23
42,13.867156809750927,14.092252304635116,0.11337968335816226,13.867156809750927,0.09669468490323486,23
43,13.867156809750927,14.050474200345791,0.06939311200892817,13.867156809750927,0.092985001512503,23
44,13.867156809750927,14.05448173279263,0.12198263452508179,13.867156809750927,0.0894176398106338,23
45,13.867156809750927,14.05286818299287,0.19174491506210153,13.867156809750927,0.08598713963809686,23
46,13.867156809750927,14.053474532997486,0.32746714536793764,13.867156809750927,0.08268825031391935,23
47,13.867156809750927,14.00078993970635,0.2352691680118122,13.867156809750927,0.07951592259905897,23
48,13.867156809750927,13.91815269425666,0.12209274345331499,13.867156809750927,0.07646530096810125,23
49,13.867156809750927,13.920726494788775,0.27863391736074267,13.867156809750927,0.07353171617745276,23
50,13.867156809750927,13.870491832767534,0.023345161116262256,13.867156809750927,0.07071067811865475,23
51,13.867156809750927,13.893584500357786,0.12750419177958708,13.867156809750927,0.06799786894587896,23
52,13.86397674405503,13.902628840994948,0.16324791501489605,13.86397674405503,0.06538913646708631,23
53,13.86397674405503,13.912299640706443,0.1838812103585744,13.86397674405503,0.06288048778873342,23
54,13.86397674405503,13.901430360212352,0.14464850152598316,13.86397674405503,0.06046808320429925,23
55,13.86397674405503,13.866711600553499,0.0011034415556606023,13.86397674405503,0.05814823031727798,23
56,13.86397674405503,13.895383081899153,0.20303995940775563,13.86397674405503,0.05591737838964281,23
57,13.549285568453591,13.88870765050362,0.20875670676939287,13.549285568453591,0.05377211290713039,23
58,13.549285568453591,13.907681721951276,0.23465456675782576,13.549285568453591,0.051709150353027616,23
59,13.549285568453591,13.876272811297529,0.2159648248311444,13.549285568453591,0.049725333182461855,23
60,13.549285568453591,13.864134761337855,0.2305395594218189,13.549285568453591,0.04781762498950185,23
61,13.549285568453591,13.815023676407074,0.16954597047089834,13.549285568453591,0.045983105859672566,23
62,13.549285568453591,13.786889575471156,0.1888358487393734,13.549285568453591,0.044218967900770276,23
63,13.549285568453591,13.728520813829812,0.19771853227655461,13.549285568453591,0.042522510945137704,23
64,13.549285568453591,13.6705416192673,0.24328053853975726,13.549285568453591,0.040891138416820856,23
65,13.549285568453591,13.654973617521543,0.31320073925797853,13.549285568453591,0.039322353357282146,23
66,13.533907960581372,13.608094247536208,0.25570162318139994,13.533907960581372,0.03781375460358665,23
67,13.368438714135813,13.58741472842447,0.2532586858407349,13.368438714135813,0.036363033113211915,23
68,13.368438714135813,13.563087487076846,0.1233993415929161,13.368438714135813,0.03496796842985617,23
69,13.368438714135813,13.547916667800871,0.1194923259563157,13.368438714135813,0.03362642528483546,23
70,13.368438714135813,13.550764505704365,0.16414552949116482,13.368438714135813,0.03233635032886788,23
71,13.368438714135813,13.546441486240814,0.1884935946917906,13.368438714135813,0.031095768989242715,23
72,13.368438714135813,13.483941950077298,0.12498456236908571,13.368438714135813,0.029902782447563944,23
73,13.368438714135813,13.475277455125356,0.17909796067501005,13.368438714135813,0.028755564733442356,23
74,13.368438714135813,13.416615416085236,0.07735946611989085,13.368438714135813,0.027652359929687963,23
75,13.368438714135813,13.399145834968344,0.06561262375096462,13.368438714135813,0.026591479484724942,23
76,13.368438714135813,13.382291358166345,0.04702691253738859,13.368438714135813,0.025571299628115565,23
77,13.330950643030008,13.452395029195094,0.41888195829930247,13.330950643030008,0.02459025888523731,23
78,13.330950643030008,13.381530400996049,0.10261574921109881,13.330950643030008,0.023646855687309214,23
79,13.330950643030008,13.380030878151816,0.10306900699743368,13.330950643030008,0.022739646073109316,23
80,13.330950643030008,13.363190384180996,0.013007874508087955,13.330950643030008,0.021867241478865557,23
81,13.314642819948224,13.363868076452272,0.0434523225857318,13.314642819948224,0.0210283066129373,23
82,13.314642819948224,13.352041411348104,0.019517260851224794,13.314642819948224,0.020221557412034533,23
83,13.314642819948224,13.36059201024711,0.08910176867206683,13.314642819948224,0.019445759075846503,23
84,13.314642819948224,13.357698360325012,0.10823373632579601,13.314642819948224,0.018699724177071754,23
85,13.314642819948224,13.339482541134366,0.05498483128833957,13.314642819948224,0.01798231084395659,23
86,13.314642819948224,13.324524962296136,0.010189876241860742,13.314642819948224,0.01729242101256037,23
87,13.314642819948224,13.320187479796028,0.007725158834536582,13.314642819948224,0.016628998746072467,23
88,13.288854381999831,13.322142312965934,0.03822115829349361,13.288854381999831,0.015991028618608488,23
89,13.288854381999831,13.320321918360424,0.03843009811575502,13.288854381999831,0.015377534161012035,23
90,13.288854381999831,13.313884370758892,0.008596734546674926,13.288854381999831,0.014787576366283138,23
91,13.288854381999831,13.311821295723021,0.010941735403072214,13.288854381999831,0.01422025225234578,23
92,13.288854381999831,13.311093381677686,0.023497739827360236,13.288854381999831,0.013674693479954769,23
93,13.288854381999831,13.30547299346207,0.024174525876462353,13.288854381999831,0.013150065023626447,23
94,13.288854381999831,13.299799537113424,0.024381959536182263,13.288854381999831,0.012645563893559074,23
95,13.288854381999831,13.296704924559617,0.023934078820448866,13.288854381999831,0.012160417906586576,23
96,13.288854381999831,13.291433225794671,0.007736531384517776,13.288854381999831,0.01169388450428461,23
97,13.288854381999831,13.290917457035702,0.0069962278366139385,13.288854381999831,0.011245249616419848,23
98,13.288854381999831,13.289370150758801,0.0036103813127749624,13.288854381999831,0.010813826568002933,23
99,13.288854381999831,13.308691644196413,0.10711163984824043,13.288854381999831,0.01039895502827228,23
100,13.288854381999831,13.288854381999831,0.0,13.288854381999831,0.01,23
0,18.336660026534076,20.733589923532215,0.8488122774642174,18.336660026534076,0.5,24
1,17.58433666561813,20.29089518320464,0.837873415702512,17.58433666561813,0.4808175423786517,24
2,16.007130750570546,19.618281748715532,1.0599140320828466,16.007130750570546,0.46237101811809306,24
3,16.007130750570546,18.96357281123962,1.1557103729871776,16.007130750570546,0.44463219319731306,24
4,16.007130750570546,18.35500540064925,1.0912760033502475,16.007130750570546,0.42757391679112383,24
5,15.43238075793812,17.702348709510105,1.0710814105834552,15.43238075793812,0.41117007971344455,24
6,15.43238075793812,17.304203199146283,1.0023698068216647,15.43238075793812,0.3953955744549055,24
7,15.14575131106459,16.921380439604732,0.9548325599689712,15.14575131106459,0.38022625675360566,24
8,15.14575131106459,16.539979062129667,0.8699496427935499,15.14575131106459,0.36563890864020576,24
9,15.309243436828814,16.390628516196045,0.8144757108918892,15.14575131106459,0.35161120290079223,24
10,15.272077843177478,16.11290909820642,0.5241380396363998,15.14575131106459,0.3381216689031207,24
11,14.770540018881466,15.972118994347468,0.5672904291080256,14.770540018881466,0.32514965973393334,24
12,14.515167380558044,15.696567239127694,0.5120063649873666,14.515167380558044,0.3126753205970494,24
13,14.515167380558044,15.601469423966,0.5791215648183563,14.515167380558044,0.30067955842386057,24
14,14.515167380558044,15.51558582036078,0.6634792651040117,14.515167380558044,0.28914401264971773,24
15,14.503569153775237,15.33568989797471,0.6188782497045092,14.503569153775237,0.2780510271114781,24
16,14.453720459187963,15.116273116871817,0.5404476778186525,14.453720459187963,0.2673836230232015,24
17,14.453720459187963,14.875327520060312,0.4760260744218655,14.453720459187963,0.25712547298863125,24
18,14.453720459187963,14.725765143214067,0.3159043847206183,14.453720459187963,0.24726087601068414,24
19,14.007130750570548,14.636411537182216,0.2561275059164471,14.007130750570548,0.23777473345969932,24
20,14.007130750570548,14.613214770911576,0.35489711436844695,14.007130750570548,0.22865252596366317,24
21,14.007130750570548,14.633165396174313,0.40991014749132526,14.007130750570548,0.21988029118503877,24
22,14.007130750570548,14.613785100653315,0.47223762623115234,14.007130750570548,0.2114446024501853,24
23,14.007130750570548,14.562259163942723,0.5031195083405754,14.007130750570548,0.20333254819865823,24
24,14.007130750570548,14.512989954094689,0.5262033042042398,14.007130750570548,0.1955317122209352,24
25,13.68997487421324,14.354816260016369,0.4402501288641655,13.68997487421324,0.1880301546543197,24
26,13.68997487421324,14.315738219506404,0.549884861749684,13.68997487421324,0.18081639370793556,24
27,13.68997487421324,14.280091924876398,0.5468045518993557,13.68997487421324,0.17387938808884054,24
28,13.68997487421324,14.137530089738723,0.37539156283143327,13.68997487421324,0.16720852010236023,24
29,13.68997487421324,14.050647820868642,0.4766449356662741,13.68997487421324,0.16079357940077646,24
30,13.5,13.95737428200599,0.44271588079971075,13.5,0.15462474735549586,24
31,13.483266665599967,13.877671992327791,0.39063295197113707,13.483266665599967,0.14869258202877889,24
32,13.483266665599967,13.768232254081836,0.15126708516685602,13.483266665599967,0.14298800372202708,24
33,13.427566688249707,13.823845256818494,0.38957616661162536,13.427566688249707,0.13750228107850912,24
34,13.427566688249707,13.772466661554011,0.2978141466205472,13.427566688249707,0.13222701771925466,24
35,13.427566688249707,13.767199827364443,0.39059335005850937,13.427566688249707,0.12715413939166093,24
36,13.427566688249707,13.658740289142829,0.27284902658848204,13.427566688249707,0.12227588161114182,24
37,13.427566688249707,13.601109265509749,0.25760985335876724,13.427566688249707,0.11758477777690436,24
38,13.427566688249707,13.546650174388732,0.23097651487515836,13.427566688249707,0.1130736477436621,24
39,13.427566688249707,13.569913013620868,0.3951961294778553,13.427566688249707,0.10873558683179398,24
40,13.427566688249707,13.467291754483517,0.1466910070679845,13.427566688249707,0.10456395525912732,24
41,13.427566688249707,13.464069440479854,0.17679769465698333,13.427566688249707,0.1005523679781698,24
42,13.427566688249707,13.466926374089475,0.18630270277569697,13.427566688249707,0.09669468490323486,24
43,13.427566688249707,13.551450056343866,0.3457592391553546,13.427566688249707,0.092985001512503,24
44,13.427566688249707,13.52073444286666,0.2548563667186746,13.427566688249707,0.0894176398106338,24
45,13.427566688249707,13.505719555542862,0.2404170203887039,13.427566688249707,0.08598713963809686,24
46,13.427566688249707,13.456287848497423,0.14180719855972196,13.427566688249707,0.08268825031391935,24
47,13.427566688249707,13.493450300718468,0.2670425206826712,13.427566688249707,0.07951592259905897,24
48,13.427566688249707,13.502905888815672,0.27406507226749804,13.427566688249707,0.07646530096810125,24
49,13.2131126469709,13.505122817796597,0.2886501735699169,13.2131126469709,0.07353171617745276,24
50,13.2131126469709,13.5250970429294,0.31973036332523214,13.2131126469709,0.07071067811865475,24
51,13.2131126469709,13.482475971111779,0.2372386800939669,13.2131126469709,0.06799786894587896,24
52,13.2131126469709,13.4909793200569,0.2925424349977347,13.2131126469709,0.06538913646708631,24
53,13.2131126469709,13.423642605416164,0.15319518901052182,13.2131126469709,0.06288048778873342,24
54,13.200000000000001,13.388486282113858,0.13277247403345885,13.200000000000001,0.06046808320429925,24
55,13.200000000000001,13.3580495900979,0.16210229747759705,13.200000000000001,0.05814823031727798,24
56,13.200000000000001,13.341505701096501,0.20286349932966607,13.200000000000001,0.05591737838964281,24
57,13.200000000000001,13.318632242303522,0.2929914550495312,13.200000000000001,0.05377211290713039,24
58,13.200000000000001,13.244619837043015,0.10519403252523445,13.200000000000001,0.051709150353027616,24
59,13.200000000000001,13.270929737284185,0.2983184662321983,13.200000000000001,0.049725333182461855,24
60,13.200000000000001,13.315234832462833,0.39685557342036215,13.200000000000001,0.04781762498950185,24
61,13.200000000000001,13.290788382053922,0.4019498318288194,13.200000000000001,0.045983105859672566,24
62,12.840967364599086,13.245040878672384,0.3192328900608983,12.840967364599086,0.044218967900770276,24
63,12.840967364599086,13.18642545340222,0.07058488157259095,12.840967364599086,0.042522510945137704,24
64,12.840967364599086,13.171801895046768,0.09759149143293008,12.840967364599086,0.040891138416820856,24
65,12.840967364599086,13.175672667272433,0.22641393537903487,12.840967364599086,0.039322353357282146,24
66,12.840967364599086,13.105244635604466,0.1794439823248367,12.840967364599086,0.03781375460358665,24
67,12.840967364599086,13.043060253351404,0.17491045204283237,12.840967364599086,0.036363033113211915,24
68,12.840967364599086,12.974392135439311,0.1709536668363159,12.840967364599086,0.03496796842985617,24
69,12.840967364599086,12.940948780076065,0.19899698798757723,12.840967364599086,0.03362642528483546,24
70,12.840967364599086,12.908392261191176,0.1808854876697372,12.840967364599086,0.03233635032886788,24
71,12.840967364599086,12.851494761962313,0.055020882942508814,12.840967364599086,0.031095768989242715,24
72,12.840967364599086,12.850200162151127,0.046979478221205996,12.840967364599086,0.029902782447563944,24
73,12.840967364599086,12.891355169617619,0.29058581694282776,12.840967364599086,0.028755564733442356,24
74,12.840967364599086,12.859586847873201,0.09743001712241148,12.840967364599086,0.027652359929687963,24
75,12.840967364599086,12.853700794976367,0.08913401264096427,12.840967364599086,0.026591479484724942,24
76,12.840967364599086,12.853700794976367,0.08913401264096427,12.840967364599086,0.025571299628115565,24
77,12.840967364599086,12.840967364599088,1.7763568394002505e-15,12.840967364599086,0.02459025888523731,24
78,12.840967364599086,12.840967364599088,1.7763568394002505e-15,12.840967364599086,0.023646855687309214,24
79,12.840967364599086,12.852081276401295,0.07779738261546862,12.840967364599086,0.022739646073109316,24
80,12.840967364599086,12.852081276401295,0.07779738261546862,12.840967364599086,0.021867241478865557,24
81,12.840967364599086,12.878967172628558,0.2021745215506678,12.840967364599086,0.0210283066129373,24
82,12.840967364599086,12.856258957477639,0.10704115014987703,12.840967364599086,0.020221557412034533,24
83,12.840967364599086,12.86390613361988,0.16057138314555006,12.840967364599086,0.019445759075846503,24
84,12.840967364599086,12.879349039267318,0.19172994028296023,12.840967364599086,0.018699724177071754,24
85,12.840967364599086,12.84887260029858,0.05533664989644879,12.840967364599086,0.01798231084395659,24
86,12.840967364599086,12.861289338329453,0.14225381611254775,12.840967364599086,0.01729242101256037,24
87,12.840967364599086,12.840967364599088,1.7763568394002505e-15,12.840967364599086,0.016628998746072467,24
88,12.840967364599086,12.840967364599088,1.7763568394002505e-15,12.840967364599086,0.015991028618608488,24
89,12.66770782520313,12.837502173811167,0.024256335515433738,12.66770782520313,0.015377534161012035,24
90,12.66770782520313,12.834036983023248,0.03395179716717844,12.66770782520313,0.014787576366283138,24
91,12.66770782520313,12.82710660144741,0.047004134756306444,12.66770782520313,0.01422025225234578,24
92,12.66770782520313,12.813245838295733,0.06351799633241188,12.66770782520313,0.013674693479954769,24
93,12.66770782520313,12.833275532117396,0.24839000876143705,12.66770782520313,0.013150065023626447,24
94,12.66770782520313,12.770381601059437,0.15131949861732216,12.66770782520313,0.012645563893559074,24
95,12.66770782520313,12.716220496234,0.07779334024919123,12.66770782520313,0.012160417906586576,24
96,12.66770782520313,12.688498969930647,0.05630268608089112,12.66770782520313,0.01169388450428461,24
97,12.66770782520313,12.772443238332848,0.4789330359116902,12.66770782520313,0.011245249616419848,24
98,12.66770782520313,12.716610340980068,0.3423176104385699,12.66770782520313,0.010813826568002933,24
99,12.66770782520313,12.66770782520313,0.0,12.66770782520313,0.01039895502827228,24
100,12.66770782520313,12.66770782520313,0.0,12.66770782520313,0.01,24
0,18.400000000000002,20.805731193221355,0.9169920456801017,18.400000000000002,0.5,25
1,17.859591794226542,20.214979455044798,1.0194429131314158,17.859591794226542,0.4808175423786517,25
2,15.641311123146739,19.642542831015017,1.2592184392646335,15.641311123146739,0.46237101811809306,25
3,15.591366458960191,18.89929074413637,1.3038400836753616,15.591366458960191,0.44463219319731306,25
4,15.244616584663206,18.29364232264878,1.4687288854539602,15.244616584663206,0.42757391679112383,25
5,15.21084400165827,17.35881393639235,1.4355281353710319,15.21084400165827,0.41117007971344455,25
6,15.16468827043885,16.728252419610694,1.3861518573847404,15.16468827043885,0.3953955744549055,25
7,15.16468827043885,16.024081789616165,0.8888188570312525,15.16468827043885,0.38022625675360566,25
8,14.758317958127243,15.836089500943507,0.7820098548894234,14.758317958127243,0.36563890864020576,25
9,14.339607805437115,15.574356378008687,0.5817562102862428,14.339607805437115,0.35161120290079223,25
10,14.339607805437115,15.391660313856496,0.49191344797273245,14.339607805437115,0.3381216689031207,25
11,14.339607805437115,15.336648215004534,0.4878044330885293,14.339607805437115,0.32514965973393334,25
12,14.339607805437115,15.232845875577688,0.46982260783847557,14.339607805437115,0.3126753205970494,25
13,14.339607805437115,15.047551126474115,0.29505021756088473,14.339607805437115,0.30067955842386057,25
14,14.339607805437115,14.975037972077665,0.3095495953222047,14.339607805437115,0.28914401264971773,25
15,14.339607805437115,15.045027537642305,0.49857069754811545,14.339607805437115,0.2780510271114781,25
16,14.339607805437115,14.96888416375672,0.5371510108826961,14.339607805437115,0.2673836230232015,25
17,14.302172886644268,14.90801964613344,0.44761548686415903,14.302172886644268,0.25712547298863125,25
18,13.605547008526779,14.881232450685609,0.5160016870502168,13.605547008526779,0.24726087601068414,25
19,13.605547008526779,14.750180675987348,0.4417858597268587,13.605547008526779,0.23777473345969932,25
20,13.605547008526779,14.645759827486204,0.4416095635298513,13.605547008526779,0.22865252596366317,25
21,13.605547008526779,14.486432122424189,0.429087583709435,13.605547008526779,0.21988029118503877,25
22,13.605547008526779,14.390716710452125,0.4584493001786233,13.605547008526779,0.2114446024501853,25
23,13.605547008526779,14.259717827640696,0.43093560749119303,13.605547008526779,0.20333254819865823,25
24,13.605547008526779,14.134274098057922,0.47442036381601377,13.605547008526779,0.1955317122209352,25
25,13.605547008526779,14.010099511027796,0.4553820126897968,13.605547008526779,0.1880301546543197,25
26,13.605547008526779,13.969669978988609,0.4258358778591337,13.605547008526779,0.18081639370793556,25
27,13.330950643030008,13.847027137717705,0.33675328789944475,13.330950643030008,0.17387938808884054,25
28,13.330950643030008,13.84820531062574,0.5424760698448942,13.330950643030008,0.16720852010236023,25
29,13.330950643030008,13.775142287945673,0.37666161611594273,13.330950643030008,0.16079357940077646,25
30,13.330950643030008,13.708687589544251,0.3855626338472124,13.330950643030008,0.15462474735549586,25
31,13.330950643030008,13.608398240127194,0.1747787919676214,13.330950643030008,0.14869258202877889,25
32,13.330950643030008,13.660866222689995,0.38963388231077667,13.330950643030008,0.14298800372202708,25
33,13.330950643030008,13.574001494714807,0.1930156990633938,13.330950643030008,0.13750228107850912,25
34,13.330950643030008,13.597697761375295,0.2866004325610213,13.330950643030008,0.13222701771925466,25
35,13.330950643030008,13.611150252242918,0.48035303361644166,13.330950643030008,0.12715413939166093,25
36,13.330950643030008,13.629408178328609,0.5682881791722784,13.330950643030008,0.12227588161114182,25
37,13.330950643030008,13.600574017265625,0.5781097116637904,13.330950643030008,0.11758477777690436,25
38,13.330950643030008,13.501670744106523,0.4812377192606399,13.330950643030008,0.1130736477436621,25
39,13.330950643030008,13.480115768683408,0.3824229210633895,13.330950643030008,0.10873558683179398,25
40,13.330950643030008,13.449824031052948,0.27296219447166753,13.330950643030008,0.10456395525912732,25
41,13.330950643030008,13.379134968488383,0.14346721200938856,13.330950643030008,0.1005523679781698,25
42,13.330950643030008,13.458304593048519,0.3858902223315642,13.330950643030008,0.09669468490323486,25
43,13.330950643030008,13.473756426670748,0.4033814162431881,13.330950643030008,0.092985001512503,25
44,13.330950643030008,13.456459704915023,0.38371905516251786,13.330950643030008,0.0894176398106338,25
45,13.330950643030008,13.398843036519946,0.33437979556411923,13.330950643030008,0.08598713963809686,25
46,13.330950643030008,13.399633144249297,0.3355793604915605,13.330950643030008,0.08268825031391935,25
47,13.330950643030008,13.388490931074251,0.32834808160174067,13.330950643030008,0.07951592259905897,25
48,13.330950643030008,13.406506514609623,0.34581701088590405,13.330950643030008,0.07646530096810125,25
49,13.330950643030008,13.447819349637944,0.410628241394412,13.330950643030008,0.07353171617745276,25
50,13.330950643030008,13.465644941195256,0.4917742817343085,13.330950643030008,0.07071067811865475,25
51,13.330950643030008,13.468615441261841,0.5147754129872201,13.330950643030008,0.06799786894587896,25
52,13.330950643030008,13.400052029220141,0.40888750602005974,13.330950643030008,0.06538913646708631,25
53,13.330950643030008,13.433276761681709,0.4455198656558826,13.330950643030008,0.06288048778873342,25
54,13.330950643030008,13.335523466053942,0.03200976116751478,13.330950643030008,0.06046808320429925,25
55,13.330950643030008,13.35899325534231,0.11942035139116815,13.330950643030008,0.05814823031727798,25
56,13.330950643030008,13.336442570339946,0.03844349116954798,13.330950643030008,0.05591737838964281,25
57,13.330950643030008,13.387078516450716,0.2756042867548509,13.330950643030008,0.05377211290713039,25
58,13.330950643030008,13.403317430719039,0.265920216704074,13.330950643030008,0.051709150353027616,25
59,13.330950643030008,13.358976380389121,0.13739630598959426,13.330950643030008,0.049725333182461855,25
60,13.330950643030008,13.356626666254229,0.12692426592489142,13.330950643030008,0.04781762498950185,25
61,13.330950643030008,13.378939670996902,0.17355568622999934,13.330950643030008,0.045983105859672566,25
62,13.330950643030008,13.38245558873119,0.2040141329908399,13.330950643030008,0.044218967900770276,25
63,13.330950643030008,13.375893676267024,0.18267386416192977,13.330950643030008,0.042522510945137704,25
64,13.330950643030008,13.369388041122775,0.19379437631640611,13.330950643030008,0.040891138416820856,25
65,13.330950643030008,13.380530254297815,0.20684052246221898,13.330950643030008,0.039322353357282146,25
66,13.330950643030008,13.345589107846063,0.10246925371238802,13.330950643030008,0.03781375460358665,25
67,13.330950643030008,13.394765351080641,0.3640382810771603,13.330950643030008,0.036363033113211915,25
68,13.330950643030008,13.393876307548695,0.36262594301283646,13.330950643030008,0.03496796842985617,25
69,13.330950643030008,13.343317341538482,0.0865668895593015,13.330950643030008,0.03362642528483546,25
70,13.330950643030008,13.33095064303001,1.7763568394002505e-15,13.330950643030008,0.03233635032886788,25
71,13.224807680927192,13.346575794615905,0.09236251073716996,13.224807680927192,0.031095768989242715,25
72,13.224807680927192,13.389600797046123,0.3602947075134934,13.224807680927192,0.029902782447563944,25
73,13.224807680927192,13.357629790117993,0.21807393649729304,13.224807680927192,0.028755564733442356,25
74,13.224807680927192,13.334827370580415,0.09238426237091811,13.224807680927192,0.027652359929687963,25
75,13.224807680927192,13.319047622715516,0.054324730032025516,13.224807680927192,0.026591479484724942,25
76,13.224807680927192,13.303353472883277,0.04655793793674551,13.224807680927192,0.025571299628115565,25
77,13.224807680927192,13.312660138046992,0.14118975163400296,13.224807680927192,0.02459025888523731,25
78,13.224807680927192,13.3338218777556,0.35242781750049373,13.224807680927192,0.023646855687309214,25
79,13.224807680927192,13.246036273347753,0.04245718484112615,13.224807680927192,0.022739646073109316,25
80,13.224807680927192,13.242243054570213,0.06780128450392439,13.224807680927192,0.021867241478865557,25
81,13.224807680927192,13.24089925238203,0.09860341748827275,13.224807680927192,0.0210283066129373,25
82,13.224807680927192,13.238776393139972,0.09778098548946035,13.224807680927192,0.020221557412034533,25
83,13.224807680927192,13.249072395630169,0.12028238868789229,13.224807680927192,0.019445759075846503,25
84,13.224807680927192,13.224807680927192,0.0,13.224807680927192,0.018699724177071754,25
85,13.224807680927192,13.224807680927192,0.0,13.224807680927192,0.01798231084395659,25
86,13.224807680927192,13.224807680927192,0.0,13.224807680927192,0.01729242101256037,25
87,13.224807680927192,13.224807680927192,0.0,13.224807680927192,0.016628998746072467,25
88,13.224807680927192,13.224807680927192,0.0,13.224807680927192,0.015991028618608488,25
89,13.224807680927192,13.224807680927192,0.0,13.224807680927192,0.015377534161012035,25
90,13.224807680927192,13.224807680927192,0.0,13.224807680927192,0.014787576366283138,25
91,13.224807680927192,13.224807680927192,0.0,13.224807680927192,0.01422025225234578,25
92,13.224807680927192,13.224807680927192,0.0,13.224807680927192,0.013674693479954769,25
93,13.224807680927192,13.224807680927192,0.0,13.224807680927192,0.013150065023626447,25
94,13.224807680927192,13.238905644390206,0.09868574424109017,13.224807680927192,0.012645563893559074,25
95,13.224807680927192,13.224807680927192,0.0,13.224807680927192,0.012160417906586576,25
96,13.224807680927192,13.224807680927192,0.0,13.224807680927192,0.01169388450428461,25
97,13.224807680927192,13.224807680927192,0.0,13.224807680927192,0.011245249616419848,25
98,13.224807680927192,13.224807680927192,0.0,13.224807680927192,0.010813826568002933,25
99,13.224807680927192,13.224807680927192,0.0,13.224807680927192,0.01039895502827228,25
100,13.224807680927192,13.233211415949937,0.05882614515920422,13.224807680927192,0.01,25
0,18.70332963783729,20.7977919304045,1.0774243862526074,18.70332963783729,0.5,26
1,16.676871642217915,20.226589385678274,1.1198647299296818,16.676871642217915,0.4808175423786517,26
2,15.784336665618131,19.509780907857408,1.3488422723911169,15.784336665618131,0.46237101811809306,26
3,15.784336665618131,18.702897717641495,1.248192172777722,15.784336665618131,0.44463219319731306,26
4,15.53315017762062,18.10946758261032,1.252971579908898,15.53315017762062,0.42757391679112383,26
5,15.494438717061497,17.559437941031263,1.057806725542354,15.494438717061497,0.41117007971344455,26
6,15.309243436828814,17.101326025143354,0.9843435223920707,15.309243436828814,0.3953955744549055,26
7,15.201351104664349,16.761321627110384,0.9139379068123329,15.201351104664349,0.38022625675360566,26
8,14.795829710142188,16.367601968738292,0.7861664850704384,14.795829710142188,0.36563890864020576,26
9,14.795829710142188,16.131667272621407,0.6784826554491904,14.795829710142188,0.35161120290079223,26
10,14.795829710142188,15.96013672201511,0.6285889840677666,14.795829710142188,0.3381216689031207,26
11,14.795829710142188,15.718536267062865,0.5552789802574044,14.795829710142188,0.32514965973393334,26
12,14.54939015319192,15.53151998414864,0.5557837225086322,14.54939015319192,0.3126753205970494,26
13,14.54939015319192,15.279389583888062,0.4331861814455006,14.54939015319192,0.30067955842386057,26
14,14.505547008526777,15.19214598204606,0.4531705523019292,14.505547008526777,0.28914401264971773,26
15,14.322611077089286,15.025270539580225,0.44211477619746437,14.322611077089286,0.2780510271114781,26
16,14.322611077089286,15.005375697180147,0.44619181237934147,14.322611077089286,0.2673836230232015,26
17,14.322611077089286,15.040947236171057,0.5310789771843385,14.322611077089286,0.25712547298863125,26
18,14.322611077089286,14.90484926715367,0.463991874012478,14.322611077089286,0.24726087601068414,26
19,14.322611077089286,14.74600810056326,0.3808762782933214,14.322611077089286,0.23777473345969932,26
20,14.322611077089286,14.740713858690913,0.3883183499225423,14.322611077089286,0.22865252596366317,26
21,14.16468827043885,14.661670976060563,0.3866766635726554,14.16468827043885,0.21988029118503877,26
22,14.16468827043885,14.71877729370974,0.45791300099537385,14.16468827043885,0.2114446024501853,26
23,14.16468827043885,14.690929436276168,0.4663915914609681,14.16468827043885,0.20333254819865823,26
24,14.16468827043885,14.612461465358423,0.44387278833315796,14.16468827043885,0.1955317122209352,26
25,14.16468827043885,14.548300652291175,0.3700938561845854,14.16468827043885,0.1880301546543197,26
26,14.16468827043885,14.469935807604143,0.25060085939140125,14.16468827043885,0.18081639370793556,26
27,14.16468827043885,14.483618930133776,0.40677696839300437,14.16468827043885,0.17387938808884054,26
28,14.081138830084189,14.425303173557197,0.39295705528770053,14.081138830084189,0.16720852010236023,26
29,14.081138830084189,14.511498511191059,0.6022054285158815,14.081138830084189,0.16079357940077646,26
30,14.081138830084189,14.440190504557814,0.5268251636483867,14.081138830084189,0.15462474735549586,26
31,14.081138830084189,14.375976908164272,0.46103582181254155,14.081138830084189,0.14869258202877889,26
32,14.081138830084189,14.25952251317607,0.17708367555633112,14.081138830084189,0.14298800372202708,26
33,14.081138830084189,14.217422428328621,0.12055546276819398,14.081138830084189,0.13750228107850912,26
34,14.081138830084189,14.217460243016328,0.17436889283805054,14.081138830084189,0.13222701771925466,26
35,14.081138830084189,14.213152020538923,0.20021783899847947,14.081138830084189,0.12715413939166093,26
36,14.081138830084189,14.200283015229777,0.28735005555929205,14.081138830084189,0.12227588161114182,26
37,14.081138830084189,14.180113460977573,0.34593514402931086,14.081138830084189,0.11758477777690436,26
38,13.991153452528778,14.156734214902835,0.33760972855623106,13.991153452528778,0.1130736477436621,26
39,13.991153452528778,14.15749321290557,0.3483519877512482,13.991153452528778,0.10873558683179398,26
40,13.991153452528778,14.129746016262152,0.3338524424797998,13.991153452528778,0.10456395525912732,26
41,13.991153452528778,14.126211277466542,0.35125461953122106,13.991153452528778,0.1005523679781698,26
42,13.991153452528778,14.083989926038152,0.15775565280250708,13.991153452528778,0.09669468490323486,26
43,13.991153452528778,14.06539467521403,0.14121829488803947,13.991153452528778,0.092985001512503,26
44,13.929705854077836,14.151582968114424,0.47984002271117515,13.929705854077836,0.0894176398106338,26
45,13.929705854077836,14.099340703323755,0.322687949593956,13.929705854077836,0.08598713963809686,26
46,13.929705854077836,14.009747843103547,0.08522590386278649,13.929705854077836,0.08268825031391935,26
47,13.929705854077836,14.004234245977937,0.12169875787861655,13.929705854077836,0.07951592259905897,26
48,13.929705854077836,14.016508429640297,0.15052571615049617,13.929705854077836,0.07646530096810125,26
49,13.929705854077836,14.035749025842769,0.31805582222717854,13.929705854077836,0.07353171617745276,26
50,13.929705854077836,13.987954552645922,0.13010056014867455,13.929705854077836,0.07071067811865475,26
51,13.929705854077836,14.022897299841238,0.2536201749875218,13.929705854077836,0.06799786894587896,26
52,13.929705854077836,14.005810374779557,0.19098765811004279,13.929705854077836,0.06538913646708631,26
53,13.929705854077836,13.999958500592689,0.3274455914541356,13.929705854077836,0.06288048778873342,26
54,13.929705854077836,13.954007760591121,0.12142262499427146,13.929705854077836,0.06046808320429925,26
55,13.929705854077836,13.948391985327167,0.10754514387872426,13.929705854077836,0.05814823031727798,26
56,13.80384048104053,13.94587467786642,0.10940996505279048,13.80384048104053,0.05591737838964281,26
57,13.799999999999999,13.922077122074786,0.030198647401161814,13.799999999999999,0.05377211290713039,26
58,13.799999999999999,13.924948746972163,0.08620067515669201,13.799999999999999,0.051709150353027616,26
59,13.799999999999999,13.91460649969139,0.10502774466467374,13.799999999999999,0.049725333182461855,26
60,13.799999999999999,13.908122533553017,0.22176416333897636,13.799999999999999,0.04781762498950185,26
61,13.799999999999999,13.884852289439813,0.2250376875576676,13.799999999999999,0.045983105859672566,26
62,13.799999999999999,13.838071554852174,0.07723869051062111,13.799999999999999,0.044218967900770276,26
63,13.799999999999999,13.856354426458957,0.29994970340752175,13.799999999999999,0.042522510945137704,26
64,13.799999999999999,13.89293663265547,0.3675302725370542,13.799999999999999,0.040891138416820856,26
65,13.799999999999999,13.818359517765906,0.09438977635220627,13.799999999999999,0.039322353357282146,26
66,13.799999999999999,13.827999470017849,0.12297313982608954,13.799999999999999,0.03781375460358665,26
67,13.799999999999999,13.80320612955331,0.021900864849983884,13.799999999999999,0.036363033113211915,26
68,13.799999999999999,13.819368774282713,0.13558141997901377,13.799999999999999,0.03496796842985617,26
69,13.799999999999999,13.799999999999997,1.7763568394002505e-15,13.799999999999999,0.03362642528483546,26
70,13.799999999999999,13.799999999999997,1.7763568394002505e-15,13.799999999999999,0.03233635032886788,26
71,13.799999999999999,13.799999999999997,1.7763568394002505e-15,13.799999999999999,0.031095768989242715,26
72,13.768438714135812,13.84240899487067,0.30140409562970766,13.768438714135812,0.029902782447563944,26
73,13.768438714135812,13.798737548565432,0.006184723679469976,13.768438714135812,0.028755564733442356,26
74,13.768438714135812,13.809173963613421,0.08269644140885457,13.768438714135812,0.027652359929687963,26
75,13.768438714135812,13.809211195423465,0.09665996523555295,13.768438714135812,0.026591479484724942,26
76,13.768438714135812,13.819043954353855,0.13266685428467223,13.768438714135812,0.025571299628115565,26
77,13.322497216032183,13.84562911337258,0.28474058659586876,13.322497216032183,0.02459025888523731,26
78,13.322497216032183,13.81925367780325,0.33814259891660453,13.322497216032183,0.023646855687309214,26
79,13.322497216032183,13.81055728074337,0.35056690078251473,13.322497216032183,0.022739646073109316,26
80,13.322497216032183,13.728894370063717,0.1359485387470677,13.322497216032183,0.021867241478865557,26
81,13.322497216032183,13.681144091666939,0.17947751870393822,13.322497216032183,0.0210283066129373,26
82,13.322497216032183,13.614884564717126,0.21067456805796886,13.322497216032183,0.020221557412034533,26
83,13.322497216032183,13.540337433522529,0.2192253965684991,13.322497216032183,0.019445759075846503,26
84,13.322497216032183,13.476795569720466,0.292669192003658,13.322497216032183,0.018699724177071754,26
85,13.322497216032183,13.392800738732644,0.2301253327276253,13.322497216032183,0.01798231084395659,26
86,13.322497216032183,13.388564128745266,0.34625533506757933,13.322497216032183,0.01729242101256037,26
87,13.322497216032183,13.348183814994904,0.10185795808148172,13.322497216032183,0.016628998746072467,26
88,13.322497216032183,13.349646157671327,0.10748249213669188,13.322497216032183,0.015991028618608488,26
89,13.322497216032183,13.347267455726746,0.12518147896143408,13.322497216032183,0.015377534161012035,26
90,13.322497216032183,13.322497216032184,1.7763568394002505e-15,13.322497216032183,0.014787576366283138,26
91,13.322497216032183,13.322497216032184,1.7763568394002505e-15,13.322497216032183,0.01422025225234578,26
92,13.2295630140987,13.32395678512632,0.026854146207033833,13.2295630140987,0.013674693479954769,26
93,13.2295630140987,13.328329903634199,0.069797052694495,13.2295630140987,0.013150065023626447,26
94,13.2295630140987,13.316921163916172,0.02207065010688073,13.2295630140987,0.012645563893559074,26
95,13.2295630140987,13.311345111800167,0.03020004102447234,13.2295630140987,0.012160417906586576,26
96,13.2295630140987,13.309743063247504,0.08043838371106521,13.2295630140987,0.01169388450428461,26
97,13.2295630140987,13.296732274976813,0.08472494924270442,13.2295630140987,0.011245249616419848,26
98,13.2295630140987,13.270454062949433,0.046131324661805403,13.2295630140987,0.010813826568002933,26
99,13.2295630140987,13.25000853852407,0.03849764962377178,13.2295630140987,0.01039895502827228,26
100,13.2295630140987,13.24071511833072,0.03020004102447234,13.2295630140987,0.01,26
0,18.843559577416272,20.838510872804612,0.9771654928793344,18.843559577416272,0.5,27
1,16.73622914957372,20.347718512613472,1.0213850749406685,16.73622914957372,0.4808175423786517,27
2,16.432107677449864,19.696311101209563,1.2915018813211128,16.432107677449864,0.46237101811809306,27
3,15.892492955535426,18.982765126640007,1.5308830625926204,15.892492955535426,0.44463219319731306,27
4,15.577902338672773,18.097102641913043,1.4339783077206247,15.577902338672773,0.42757391679112383,27
5,15.055294535724686,17.38349143054367,1.3447794355044447,15.055294535724686,0.41117007971344455,27
6,15.055294535724686,16.66168538201876,0.992693762996691,15.055294535724686,0.3953955744549055,27
7,15.055294535724686,16.25212500507939,0.6871072616682694,15.055294535724686,0.38022625675360566,27
8,15.055294535724686,15.929158517424955,0.5177528180483114,15.055294535724686,0.36563890864020576,27
9,15.055294535724686,15.79075934253488,0.5212669983296232,15.055294535724686,0.35161120290079223,27
10,14.912931993250107,15.570004878502013,0.49078281148798825,14.912931993250107,0.3381216689031207,27
11,14.669693845669906,15.521618223986984,0.5685387359683289,14.669693845669906,0.32514965973393334,27
12,14.669693845669906,15.449363825871863,0.5170347047396137,14.669693845669906,0.3126753205970494,27
13,14.669693845669906,15.366441921150233,0.4263021144126105,14.669693845669906,0.30067955842386057,27
14,14.456465996625052,15.266233424342724,0.41883982003945597,14.456465996625052,0.28914401264971773,27
15,14.456465996625052,15.186064636626984,0.40045289394662686,14.456465996625052,0.2780510271114781,27
16,14.456465996625052,15.170074099195853,0.3993150267416544,14.456465996625052,0.2673836230232015,27
17,14.456465996625052,15.078589928371999,0.3964203128461412,14.456465996625052,0.25712547298863125,27
18,14.08526217596215,15.026679163852982,0.42339765620032743,14.08526217596215,0.24726087601068414,27
19,14.08526217596215,14.974793657653315,0.4203351878078738,14.08526217596215,0.23777473345969932,27
20,14.08526217596215,14.892006874718904,0.3963593557587168,14.08526217596215,0.22865252596366317,27
21,14.08526217596215,14.760501196401476,0.3694053945537388,14.08526217596215,0.21988029118503877,27
22,14.08526217596215,14.742783876219733,0.4421599922540929,14.08526217596215,0.2114446024501853,27
23,14.08526217596215,14.598037408341222,0.32656810193583674,14.08526217596215,0.20333254819865823,27
24,14.08526217596215,14.634565871663924,0.44797527561777095,14.08526217596215,0.1955317122209352,27
25,14.08526217596215,14.575060304977098,0.49627606154475024,14.08526217596215,0.1880301546543197,27
26,14.08526217596215,14.536171661985863,0.49246511437057605,14.08526217596215,0.18081639370793556,27
27,14.08526217596215,14.413964730733369,0.5192199501987793,14.08526217596215,0.17387938808884054,27
28,14.08526217596215,14.318833865376842,0.5051407056628083,14.08526217596215,0.16720852010236023,27
29,14.08526217596215,14.231818926438905,0.3278588507789339,14.08526217596215,0.16079357940077646,27
30,14.08526217596215,14.243315053004698,0.31093359839774654,14.08526217596215,0.15462474735549586,27
31,14.077708763999663,14.252865933842106,0.39696984627208953,14.077708763999663,0.14869258202877889,27
32,14.077708763999663,14.193829359881606,0.3555912569783192,14.077708763999663,0.14298800372202708,27
33,14.004834939252005,14.17871972406017,0.28099710316603876,14.004834939252005,0.13750228107850912,27
34,14.004834939252005,14.186715895981893,0.30381989506673246,14.004834939252005,0.13222701771925466,27
35,14.004834939252005,14.172243638726675,0.30239332428377486,14.004834939252005,0.12715413939166093,27
36,14.004834939252005,14.168864497657493,0.3436069428556071,14.004834939252005,0.12227588161114182,27
37,14.004834939252005,14.158396248971012,0.346151774555631,14.004834939252005,0.11758477777690436,27
38,14.004834939252005,14.200131509507122,0.4222396232455263,14.004834939252005,0.1130736477436621,27
39,14.004834939252005,14.160509827618293,0.4153570389934199,14.004834939252005,0.10873558683179398,27
40,14.004834939252005,14.125276607694135,0.44026909332479675,14.004834939252005,0.10456395525912732,27
41,14.004834939252005,14.119787471314694,0.4415689103428812,14.004834939252005,0.1005523679781698,27
42,14.004834939252005,14.105046316478278,0.43721271674193196,14.004834939252005,0.09669468490323486,27
43,14.004834939252005,14.064247284149465,0.32364856649791485,14.004834939252005,0.092985001512503,27
44,14.004834939252005,14.010472907855137,0.030406623190315472,14.004834939252005,0.0894176398106338,27
45,14.004834939252005,14.015786169937961,0.07665861480171023,14.004834939252005,0.08598713963809686,27
46,13.939736830714132,14.057387266745437,0.3037500570464593,13.939736830714132,0.08268825031391935,27
47,13.516609194718914,14.047633457986354,0.31453046279661884,13.516609194718914,0.07951592259905897,27
48,13.516609194718914,13.981400022958407,0.09612307541594949,13.516609194718914,0.07646530096810125,27
49,13.516609194718914,13.973198935650574,0.16791943159502482,13.516609194718914,0.07353171617745276,27
50,13.516609194718914,13.974458731472426,0.3076323720936077,13.516609194718914,0.07071067811865475,27
51,13.516609194718914,13.886586806428205,0.24567933983480866,13.516609194718914,0.06799786894587896,27
52,13.516609194718914,13.805784939416972,0.25842945189051214,13.516609194718914,0.06538913646708631,27
53,13.516609194718914,13.710697487475084,0.23498289068857175,13.516609194718914,0.06288048778873342,27
54,13.516609194718914,13.710626827490705,0.3246983065178612,13.516609194718914,0.06046808320429925,27
55,13.516609194718914,13.684469552307723,0.3893724012243483,13.516609194718914,0.05814823031727798,27
56,13.516609194718914,13.596326892816347,0.34308270550612735,13.516609194718914,0.05591737838964281,27
57,13.516609194718914,13.574886024785396,0.27445093695376194,13.516609194718914,0.05377211290713039,27
58,13.516609194718914,13.543610458390154,0.13228920142726466,13.516609194718914,0.051709150353027616,27
59,13.516609194718914,13.561167048837003,0.17792074667228175,13.516609194718914,0.049725333182461855,27
60,13.516609194718914,13.576211188777856,0.2103571925993098,13.516609194718914,0.04781762498950185,27
61,13.516609194718914,13.551284305175963,0.1395189236606617,13.516609194718914,0.045983105859672566,27
62,13.516609194718914,13.553262562189703,0.14811359325667683,13.516609194718914,0.044218967900770276,27
63,13.496150997149435,13.536200030767526,0.14008772215962506,13.496150997149435,0.042522510945137704,27
64,13.496150997149435,13.535790866816138,0.14017419509120205,13.496150997149435,0.040891138416820856,27
65,13.496150997149435,13.528358374572967,0.09869050257586633,13.496150997149435,0.039322353357282146,27
66,13.496150997149435,13.512697891447367,0.007915593808539073,13.496150997149435,0.03781375460358665,27
67,13.496150997149435,13.509604916078597,0.009492544656978389,13.496150997149435,0.036363033113211915,27
68,13.496150997149435,13.515038149261397,0.07314067312576458,13.496150997149435,0.03496796842985617,27
69,13.496150997149435,13.554077058054249,0.24400884607718223,13.496150997149435,0.03362642528483546,27
70,13.496150997149435,13.497149661294566,0.004167762211559807,13.496150997149435,0.03233635032886788,27
71,13.496150997149435,13.560852483673944,0.394196778476472,13.496150997149435,0.031095768989242715,27
72,13.496150997149435,13.584831533622053,0.4247595644345109,13.496150997149435,0.029902782447563944,27
73,13.496150997149435,13.558652686685287,0.25024332656555526,13.496150997149435,0.028755564733442356,27
74,13.496150997149435,13.53674837744907,0.20221300215972915,13.496150997149435,0.027652359929687963,27
75,13.496150997149435,13.555946648494217,0.25994855078217727,13.496150997149435,0.026591479484724942,27
76,13.496150997149435,13.526414091138117,0.14720491963754176,13.496150997149435,0.025571299628115565,27
77,13.496150997149435,13.496969325052218,0.004008971608181574,13.496150997149435,0.02459025888523731,27
78,13.496150997149435,13.49656016110083,0.0028641476597270096,13.496150997149435,0.023646855687309214,27
79,13.496150997149435,13.499350804366195,0.022398650517290408,13.496150997149435,0.022739646073109316,27
80,13.496150997149435,13.509466002927649,0.09320504044748168,13.496150997149435,0.021867241478865557,27
81,13.496150997149435,13.509466002927649,0.09320504044748168,13.496150997149435,0.0210283066129373,27
82,13.496150997149435,13.496150997149439,3.552713678800501e-15,13.496150997149435,0.020221557412034533,27
83,13.496150997149435,13.496150997149439,3.552713678800501e-15,13.496150997149435,0.019445759075846503,27
84,13.496150997149435,13.506965525771882,0.07570170035710656,13.496150997149435,0.018699724177071754,27
85,13.496150997149435,13.496150997149439,3.552713678800501e-15,13.496150997149435,0.01798231084395659,27
86,13.496150997149435,13.511725724908496,0.10902309431340405,13.496150997149435,0.01729242101256037,27
87,13.496150997149435,13.506654921125113,0.07352746782972369,13.496150997149435,0.016628998746072467,27
88,13.496150997149435,13.496150997149439,3.552713678800501e-15,13.496150997149435,0.015991028618608488,27
89,13.496150997149435,13.496150997149439,3.552713678800501e-15,13.496150997149435,0.015377534161012035,27
90,13.496150997149435,13.505220284443537,0.06348501105869288,13.496150997149435,0.014787576366283138,27
91,13.496150997149435,13.496150997149439,3.552713678800501e-15,13.496150997149435,0.01422025225234578,27
92,13.496150997149435,13.496150997149439,3.552713678800501e-15,13.496150997149435,0.013674693479954769,27
93,13.496150997149435,13.496150997149439,3.552713678800501e-15,13.496150997149435,0.013150065023626447,27
94,13.496150997149435,13.496150997149439,3.552713678800501e-15,13.496150997149435,0.012645563893559074,27
95,13.496150997149435,13.496150997149439,3.552713678800501e-15,13.496150997149435,0.012160417906586576,27
96,13.496150997149435,13.496150997149439,3.552713678800501e-15,13.496150997149435,0.01169388450428461,27
97,13.496150997149435,13.496150997149439,3.552713678800501e-15,13.496150997149435,0.011245249616419848,27
98,13.496150997149435,13.496150997149439,3.552713678800501e-15,13.496150997149435,0.010813826568002933,27
99,13.496150997149435,13.496150997149439,3.552713678800501e-15,13.496150997149435,0.01039895502827228,27
100,13.496150997149435,13.49656016110083,0.0028641476597270096,13.496150997149435,0.01,27
0,18.134698994937583,20.520610486534018,1.0058338589445555,18.134698994937583,0.5,28
1,16.526368339802364,19.957489992869192,1.1979205635087808,16.526368339802364,0.4808175423786517,28
2,15.895943722515264,19.28263894541689,1.3391433762860472,15.895943722515264,0.46237101811809306,28
3,15.895943722515264,18.48843700907197,1.499899428458481,15.895943722515264,0.44463219319731306,28
4,15.834057902536163,17.754917533191122,1.370591731050829,15.834057902536163,0.42757391679112383,28
5,15.834057902536163,17.092854670540476,1.1216178542085105,15.834057902536163,0.41117007971344455,28
6,15.895943722515264,16.868545606786125,0.9839576912688263,15.834057902536163,0.3953955744549055,28
7,15.709361307176243,16.57356433324493,0.8798580702937443,15.709361307176243,0.38022625675360566,28
8,15.442276586281547,16.323771027569798,0.6962196724342675,15.442276586281547,0.36563890864020576,28
9,15.361547262794321,16.167816964978446,0.38676441029400505,15.361547262794321,0.35161120290079223,28
10,15.311744421846397,16.03407478768988,0.3196965064426242,15.311744421846397,0.3381216689031207,28
11,15.02828568570857,15.955351013292518,0.3718242581232164,15.02828568570857,0.32514965973393334,28
12,15.311744421846397,15.911725850854019,0.3552571976501781,15.02828568570857,0.3126753205970494,28
13,15.207567081708246,15.892767031629303,0.39117682286734634,15.02828568570857,0.30067955842386057,28
14,15.207567081708246,15.762260539657301,0.33981674394262845,15.02828568570857,0.28914401264971773,28
15,15.207567081708246,15.638250664362838,0.3207665025687045,15.02828568570857,0.2780510271114781,28
16,15.183266665599966,15.570840603700772,0.32404657691489125,15.02828568570857,0.2673836230232015,28
17,15.183266665599966,15.469872519132316,0.28829951898137496,15.02828568570857,0.25712547298863125,28
18,15.177193921634789,15.424720129700841,0.2881781126033895,15.02828568570857,0.24726087601068414,28
19,14.98790581563873,15.348533577322316,0.25715662739468576,14.98790581563873,0.23777473345969932,28
20,14.98790581563873,15.270375177852245,0.19914223443818574,14.98790581563873,0.22865252596366317,28
21,14.98790581563873,15.266340644113882,0.2807539574069278,14.98790581563873,0.21988029118503877,28
22,14.98790581563873,15.264703239383937,0.2708201984516531,14.98790581563873,0.2114446024501853,28
23,14.98790581563873,15.28619258199625,0.39601695965137235,14.98790581563873,0.20333254819865823,28
24,14.98790581563873,15.292154724388702,0.43924270395466397,14.98790581563873,0.1955317122209352,28
25,14.704834939252004,15.213106150634163,0.3708849749052641,14.704834939252004,0.1880301546543197,28
26,14.704834939252004,15.170822181519991,0.27748321807676873,14.704834939252004,0.18081639370793556,28
27,14.704834939252004,15.132060891698679,0.2427609819512069,14.704834939252004,0.17387938808884054,28
28,14.704834939252004,15.067451648772177,0.26222227663552344,14.704834939252004,0.16720852010236023,28
29,14.704834939252004,15.054426798280042,0.30725287962324593,14.704834939252004,0.16079357940077646,28
30,14.682085548648711,14.974139683114428,0.22854154974600016,14.682085548648711,0.15462474735549586,28
31,14.682085548648711,14.933836459653161,0.2629691462021308,14.682085548648711,0.14869258202877889,28
32,14.574021572639982,14.854846134674062,0.21197306635948002,14.574021572639982,0.14298800372202708,28
33,14.574021572639982,14.814774985327363,0.21386612543940764,14.574021572639982,0.13750228107850912,28
34,14.574021572639982,14.77233835527519,0.19788653589213073,14.574021572639982,0.13222701771925466,28
35,14.574021572639982,14.758466255791049,0.31261654252983645,14.574021572639982,0.12715413939166093,28
36,14.309243436828814,14.738950868048475,0.2115407321920445,14.309243436828814,0.12227588161114182,28
37,14.309243436828814,14.721111080996076,0.31776769472074967,14.309243436828814,0.11758477777690436,28
38,14.309243436828814,14.696061135083026,0.34792620453397366,14.309243436828814,0.1130736477436621,28
39,14.309243436828814,14.614052698276998,0.1730269839661767,14.309243436828814,0.10873558683179398,28
40,14.309243436828814,14.575898233070378,0.1900323594494581,14.309243436828814,0.10456395525912732,28
41,14.309243436828814,14.563066042760749,0.31334457132628135,14.309243436828814,0.1005523679781698,28
42,14.309243436828814,14.572503912680915,0.4071468857441535,14.309243436828814,0.09669468490323486,28
43,14.309243436828814,14.459089797148243,0.18829627367533608,14.309243436828814,0.092985001512503,28
44,14.309243436828814,14.404295248207827,0.1710203586377806,14.309243436828814,0.0894176398106338,28
45,14.309243436828814,14.370230849285221,0.1812741820929563,14.309243436828814,0.08598713963809686,28
46,14.309243436828814,14.377375062284157,0.24223730226119755,14.309243436828814,0.08268825031391935,28
47,14.309243436828814,14.343942326033302,0.15832117520007774,14.309243436828814,0.07951592259905897,28
48,14.309243436828814,14.32998892444986,0.10961035393561,14.309243436828814,0.07646530096810125,28
49,14.309243436828814,14.35933772161086,0.17740636092081577,14.309243436828814,0.07353171617745276,28
50,14.309243436828814,14.378160647712134,0.2777524356714753,14.309243436828814,0.07071067811865475,28
51,14.309243436828814,14.32796397035471,0.10502503678903403,14.309243436828814,0.06799786894587896,28
52,14.309243436828814,14.360374089248939,0.2635879547295036,14.309243436828814,0.06538913646708631,28
53,14.309243436828814,14.367960133428765,0.26090857240442006,14.309243436828814,0.06288048778873342,28
54,14.309243436828814,14.348741170533618,0.1533743607715312,14.309243436828814,0.06046808320429925,28
55,14.309243436828814,14.361505863111736,0.17444922124425757,14.309243436828814,0.05814823031727798,28
56,14.309243436828814,14.360284205992821,0.22769110387287392,14.309243436828814,0.05591737838964281,28
57,14.309243436828814,14.351360455926022,0.14990402619793344,14.309243436828814,0.05377211290713039,28
58,14.309243436828814,14.32544774868321,0.08345171615159891,14.309243436828814,0.051709150353027616,28
59,14.309243436828814,14.313176382623992,0.019267420768418,14.309243436828814,0.049725333182461855,28
60,14.309243436828814,14.328568919422523,0.12201080848378301,14.309243436828814,0.04781762498950185,28
61,14.309243436828814,14.33067800925579,0.1500420069888283,14.309243436828814,0.045983105859672566,28
62,14.309243436828814,14.33067800925579,0.1500420069888283,14.309243436828814,0.044218967900770276,28
63,14.309243436828814,14.322073533213588,0.06644071755229058,14.309243436828814,0.042522510945137704,28
64,14.309243436828814,14.331264679134893,0.12725271120956244,14.309243436828814,0.040891138416820856,28
65,14.309243436828814,14.317230726381235,0.05591102686693787,14.309243436828814,0.039322353357282146,28
66,14.309243436828814,14.33311961670428,0.11739218085115227,14.309243436828814,0.03781375460358665,28
67,14.309243436828814,14.33311961670428,0.11739218085115227,14.309243436828814,0.036363033113211915,28
68,14.309243436828814,14.333672279610276,0.14011824809400614,14.309243436828814,0.03496796842985617,28
69,14.309243436828814,14.347910265629958,0.1894354906954741,14.309243436828814,0.03362642528483546,28
70,14.309243436828814,14.34672159430398,0.1836541117167571,14.309243436828814,0.03233635032886788,28
71,14.309243436828814,14.34672159430398,0.1836541117167571,14.309243436828814,0.031095768989242715,28
72,14.309243436828814,14.34672159430398,0.1836541117167571,14.309243436828814,0.029902782447563944,28
73,14.309243436828814,14.353512681698353,0.22010449469241755,14.309243436828814,0.028755564733442356,28
74,14.309243436828814,14.351619628576923,0.27971889997895666,14.309243436828814,0.027652359929687963,28
75,14.309243436828814,14.31168456922723,0.01708792678890052,14.309243436828814,0.026591479484724942,28
76,14.309243436828814,14.309243436828815,1.7763568394002505e-15,14.309243436828814,0.025571299628115565,28
77,14.309243436828814,14.313176382623992,0.019267420768418,14.309243436828814,0.02459025888523731,28
78,14.309243436828814,14.311209909726404,0.013765310283120514,14.309243436828814,0.023646855687309214,28
79,14.309243436828814,14.309243436828815,1.7763568394002505e-15,14.309243436828814,0.022739646073109316,28
80,14.309243436828814,14.309243436828815,1.7763568394002505e-15,14.309243436828814,0.021867241478865557,28
81,14.309243436828814,14.309243436828815,1.7763568394002505e-15,14.309243436828814,0.0210283066129373,28
82,14.309243436828814,14.309243436828815,1.7763568394002505e-15,14.309243436828814,0.020221557412034533,28
83,14.309243436828814,14.309243436828815,1.7763568394002505e-15,14.309243436828814,0.019445759075846503,28
84,14.309243436828814,14.309243436828815,1.7763568394002505e-15,14.309243436828814,0.018699724177071754,28
85,14.309243436828814,14.338137482684276,0.20225832098822988,14.309243436828814,0.01798231084395659,28
86,14.309243436828814,14.35890159389175,0.2591897508449243,14.309243436828814,0.01729242101256037,28
87,14.309243436828814,14.31417041503449,0.03448884743971654,14.309243436828814,0.016628998746072467,28
88,14.309243436828814,14.31417041503449,0.03448884743971654,14.309243436828814,0.015991028618608488,28
89,14.309243436828814,14.343237892112912,0.20567946885172045,14.309243436828814,0.015377534161012035,28
90,14.309243436828814,14.34560647662346,0.20876997458791693,14.309243436828814,0.014787576366283138,28
91,14.309243436828814,14.322808077894276,0.0949524874582247,14.309243436828814,0.01422025225234578,28
92,14.309243436828814,14.309243436828815,1.7763568394002505e-15,14.309243436828814,0.013674693479954769,28
93,14.309243436828814,14.309243436828815,1.7763568394002505e-15,14.309243436828814,0.013150065023626447,28
94,14.309243436828814,14.309243436828815,1.7763568394002505e-15,14.309243436828814,0.012645563893559074,28
95,14.309243436828814,14.31991906431105,0.07472939237564857,14.309243436828814,0.012160417906586576,28
96,14.309243436828814,14.324846042516723,0.0816625098480322,14.309243436828814,0.01169388450428461,28
97,14.309243436828814,14.309243436828815,1.7763568394002505e-15,14.309243436828814,0.011245249616419848,28
98,14.309243436828814,14.309243436828815,1.7763568394002505e-15,14.309243436828814,0.010813826568002933,28
99,14.309243436828814,14.309243436828815,1.7763568394002505e-15,14.309243436828814,0.01039895502827228,28
100,14.309243436828814,14.309243436828815,1.7763568394002505e-15,14.309243436828814,0.01,28
0,19.0,20.762932305450807,0.7955450330052437,19.0,0.5,29
1,18.32763633939717,20.393357473561842,0.8341701230756857,18.32763633939717,0.4808175423786517,29
2,15.564132562731402,19.83939511939764,1.1153779501458454,15.564132562731402,0.46237101811809306,29
3,15.564132562731402,19.08648051843891,1.4760732796368534,15.564132562731402,0.44463219319731306,29
4,15.78166632639171,18.319603989939964,1.4460480962681816,15.564132562731402,0.42757391679112383,29
5,15.672751070837068,17.58986363887912,1.4436531651840652,15.564132562731402,0.41117007971344455,29
6,15.672751070837068,17.00356256164555,1.1378325964428961,15.564132562731402,0.3953955744549055,29
7,15.753945729601885,16.61923284474772,0.8995027021178066,15.564132562731402,0.38022625675360566,29
8,15.342080668885405,16.29635251014937,0.58212396275634,15.342080668885405,0.36563890864020576,29
9,15.342080668885405,16.08142234326276,0.43429721384324643,15.342080668885405,0.35161120290079223,29
10,15.342080668885405,15.94224907601764,0.44700394457870246,15.342080668885405,0.3381216689031207,29
11,15.307492981902776,15.879760104587886,0.3887807142458137,15.307492981902776,0.32514965973393334,29
12,15.307492981902776,15.792298065076379,0.40928130414815145,15.307492981902776,0.3126753205970494,29
13,15.104996878900156,15.715721722058877,0.36817604388172914,15.104996878900156,0.30067955842386057,29
14,15.104996878900156,15.655210631512569,0.37000611546347595,15.104996878900156,0.28914401264971773,29
15,14.743835071544513,15.521767859784447,0.37655923391076296,14.743835071544513,0.2780510271114781,29
16,14.743835071544513,15.48211038754055,0.5409465270774592,14.743835071544513,0.2673836230232015,29
17,14.743835071544513,15.450616988191767,0.5563950836393381,14.743835071544513,0.25712547298863125,29
18,14.743835071544513,15.290341786690485,0.3447532420519315,14.743835071544513,0.24726087601068414,29
19,14.743835071544513,15.20690783036704,0.3980241745405722,14.743835071544513,0.23777473345969932,29
20,14.554867053479276,15.055443554579808,0.34005686268794805,14.554867053479276,0.22865252596366317,29
21,14.554867053479276,15.004805413847738,0.3820141607348278,14.554867053479276,0.21988029118503877,29
22,14.554867053479276,14.956271866988377,0.3805231532776468,14.554867053479276,0.2114446024501853,29
23,14.554867053479276,14.908262982931953,0.35131847741731176,14.554867053479276,0.20333254819865823,29
24,14.452610922848041,14.821736986295928,0.27560838027018436,14.452610922848041,0.1955317122209352,29
25,14.452610922848041,14.824188237463964,0.29371719676027463,14.452610922848041,0.1880301546543197,29
26,14.340930106817051,14.727650823558717,0.2481460581893036,14.340930106817051,0.18081639370793556,29
27,14.039387691339813,14.699449984670274,0.33320800836565156,14.039387691339813,0.17387938808884054,29
28,14.039387691339813,14.625306959560197,0.29586480845972946,14.039387691339813,0.16720852010236023,29
29,14.039387691339813,14.61424411607973,0.35605291732515393,14.039387691339813,0.16079357940077646,29
30,14.004834939252005,14.50263267940491,0.3293996144071675,14.004834939252005,0.15462474735549586,29
31,14.004834939252005,14.424351229868655,0.3234417351784725,14.004834939252005,0.14869258202877889,29
32,14.004834939252005,14.280119142034467,0.20693188186630157,14.004834939252005,0.14298800372202708,29
33,14.004834939252005,14.237858417947045,0.2936530405505461,14.004834939252005,0.13750228107850912,29
34,13.932575659723035,14.214363068539365,0.43540854259167916,13.932575659723035,0.13222701771925466,29
35,13.856349099818896,14.198359295893527,0.4015309114913851,13.856349099818896,0.12715413939166093,29
36,13.840063693621516,14.107777991700663,0.3068600350178854,13.840063693621516,0.12227588161114182,29
37,13.840063693621516,14.046075043890418,0.22861425098931767,13.840063693621516,0.11758477777690436,29
38,13.840063693621516,13.990929882840746,0.08604353234420153,13.840063693621516,0.1130736477436621,29
39,13.840063693621516,14.005709332210342,0.2220847106808912,13.840063693621516,0.10873558683179398,29
40,13.840063693621516,13.983136004369607,0.23844179328086607,13.840063693621516,0.10456395525912732,29
41,13.840063693621516,14.006251475582902,0.321478285780448,13.840063693621516,0.1005523679781698,29
42,13.840063693621516,13.950386250288215,0.21058323894005246,13.840063693621516,0.09669468490323486,29
43,13.840063693621516,13.89441626457021,0.14775235768819028,13.840063693621516,0.092985001512503,29
44,13.840063693621516,13.909785528739217,0.21668419072720502,13.840063693621516,0.0894176398106338,29
45,13.840063693621516,13.891412894499858,0.173482279737273,13.840063693621516,0.08598713963809686,29
46,13.840063693621516,13.862535296798201,0.11883972826624109,13.840063693621516,0.08268825031391935,29
47,13.840063693621516,13.971957286824017,0.39068099088293096,13.840063693621516,0.07951592259905897,29
48,13.840063693621516,13.922013816491724,0.2932990038464382,13.840063693621516,0.07646530096810125,29
49,13.840063693621516,13.903337698385211,0.2672164168385169,13.840063693621516,0.07353171617745276,29
50,13.840063693621516,13.917577684487924,0.35312637171632566,13.840063693621516,0.07071067811865475,29
51,13.840063693621516,13.89116693748946,0.3053174312038348,13.840063693621516,0.06799786894587896,29
52,13.840063693621516,13.926147410863862,0.4675840628059953,13.840063693621516,0.06538913646708631,29
53,13.840063693621516,13.86291023030717,0.15992575679960297,13.840063693621516,0.06288048778873342,29
54,13.840063693621516,13.873001324563207,0.18595894705015914,13.840063693621516,0.06046808320429925,29
55,13.840063693621516,13.840063693621515,1.7763568394002505e-15,13.840063693621516,0.05814823031727798,29
56,13.840063693621516,13.845474201178071,0.03787355289589949,13.840063693621516,0.05591737838964281,29
57,13.840063693621516,13.94752537004692,0.3799432294017317,13.840063693621516,0.05377211290713039,29
58,13.840063693621516,13.917836901389647,0.31790074530794155,13.840063693621516,0.051709150353027616,29
59,13.840063693621516,13.888988944255116,0.2512083677399044,13.840063693621516,0.049725333182461855,29
60,13.840063693621516,13.873945912069958,0.16598829310438953,13.840063693621516,0.04781762498950185,29
61,13.840063693621516,13.857004802845736,0.1185877645695429,13.840063693621516,0.045983105859672566,29
62,13.840063693621516,13.86540166467284,0.152080280716603,13.840063693621516,0.044218967900770276,29
63,13.840063693621516,13.932651611227868,0.32147859656731437,13.840063693621516,0.042522510945137704,29
64,13.840063693621516,13.88568907801378,0.2000961386570062,13.840063693621516,0.040891138416820856,29
65,13.840063693621516,13.901826134256593,0.22655191577730616,13.840063693621516,0.039322353357282146,29
66,13.840063693621516,13.878196867570354,0.19457476862261674,13.840063693621516,0.03781375460358665,29
67,13.840063693621516,13.878196867570354,0.19457476862261674,13.840063693621516,0.036363033113211915,29
68,13.840063693621516,13.840063693621515,1.7763568394002505e-15,13.840063693621516,0.03496796842985617,29
69,13.840063693621516,13.840063693621515,1.7763568394002505e-15,13.840063693621516,0.03362642528483546,29
70,13.840063693621516,13.840063693621515,1.7763568394002505e-15,13.840063693621516,0.03233635032886788,29
71,13.840063693621516,13.858905971826676,0.09430180978256024,13.840063693621516,0.031095768989242715,29
72,13.840063693621516,13.8972238659412,0.23120560377104915,13.840063693621516,0.029902782447563944,29
73,13.840063693621516,13.840063693621515,1.7763568394002505e-15,13.840063693621516,0.028755564733442356,29
74,13.840063693621516,13.847289441842372,0.05058023754599657,13.840063693621516,0.027652359929687963,29
75,13.840063693621516,13.840063693621515,1.7763568394002505e-15,13.840063693621516,0.026591479484724942,29
76,13.840063693621516,13.840063693621515,1.7763568394002505e-15,13.840063693621516,0.025571299628115565,29
77,13.840063693621516,13.848704704147053,0.060487073678756505,13.840063693621516,0.02459025888523731,29
78,13.840063693621516,13.848704704147053,0.0604870736787565,13.840063693621516,0.023646855687309214,29
79,13.840063693621516,13.840063693621515,1.7763568394002505e-15,13.840063693621516,0.022739646073109316,29
80,13.840063693621516,13.859397431720486,0.1353361666928056,13.840063693621516,0.021867241478865557,29
81,13.840063693621516,13.840063693621515,1.7763568394002505e-15,13.840063693621516,0.0210283066129373,29
82,13.840063693621516,13.87837192494579,0.1894215668072074,13.840063693621516,0.020221557412034533,29
83,13.840063693621516,13.856648692939384,0.11609499522508043,13.840063693621516,0.019445759075846503,29
84,13.840063693621516,13.840063693621515,1.7763568394002505e-15,13.840063693621516,0.018699724177071754,29
85,13.840063693621516,13.840063693621515,1.7763568394002505e-15,13.840063693621516,0.01798231084395659,29
86,13.840063693621516,13.840063693621515,1.7763568394002505e-15,13.840063693621516,0.01729242101256037,29
87,13.840063693621516,13.840063693621515,1.7763568394002505e-15,13.840063693621516,0.016628998746072467,29
88,13.840063693621516,13.863484300090153,0.16394424528048585,13.840063693621516,0.015991028618608488,29
89,13.840063693621516,13.863484300090153,0.16394424528048587,13.840063693621516,0.015377534161012035,29
90,13.840063693621516,13.875153444565136,0.2063544268673303,13.840063693621516,0.014787576366283138,29
91,13.840063693621516,13.869023986114572,0.20272204745140138,13.840063693621516,0.01422025225234578,29
92,13.840063693621516,13.840063693621515,1.7763568394002505e-15,13.840063693621516,0.013674693479954769,29
93,13.840063693621516,13.840063693621515,1.7763568394002505e-15,13.840063693621516,0.013150065023626447,29
94,13.840063693621516,13.840063693621515,1.7763568394002505e-15,13.840063693621516,0.012645563893559074,29
95,13.840063693621516,13.840063693621515,1.7763568394002505e-15,13.840063693621516,0.012160417906586576,29
96,13.840063693621516,13.840063693621515,1.7763568394002505e-15,13.840063693621516,0.01169388450428461,29
97,13.840063693621516,13.874993686715893,0.24450995166065914,13.840063693621516,0.011245249616419848,29
98,13.840063693621516,13.840063693621515,1.7763568394002505e-15,13.840063693621516,0.010813826568002933,29
99,13.840063693621516,13.840063693621515,1.7763568394002505e-15,13.840063693621516,0.01039895502827228,29
100,13.840063693621516,13.840063693621515,1.7763568394002505e-15,13.840063693621516,0.01,29
0,19.09544511501033,20.868412513535958,0.9947689350846427,19.09544511501033,0.5,30
1,16.62883794381533,20.36646178504087,1.096440977437635,16.62883794381533,0.4808175423786517,30
2,15.688689042296101,19.72080426242305,1.2713562429530123,15.688689042296101,0.46237101811809306,30
3,15.688689042296101,18.80306397417241,1.4866007990522176,15.688689042296101,0.44463219319731306,30
4,15.688689042296101,18.083723459906157,1.3246921403283418,15.688689042296101,0.42757391679112383,30
5,15.688689042296101,17.443341487831916,1.1883027992535236,15.688689042296101,0.41117007971344455,30
6,15.24131112314674,16.88585853115615,1.0579599313253256,15.24131112314674,0.3953955744549055,30
7,15.24131112314674,16.456943246386366,0.9262381458578992,15.24131112314674,0.38022625675360566,30
8,15.24131112314674,16.116420975803997,0.7398574031100966,15.24131112314674,0.36563890864020576,30
9,15.282461550347977,15.838291191874685,0.5224075760557207,15.24131112314674,0.35161120290079223,30
10,15.182085548648711,15.766494427096672,0.4525878594437508,15.182085548648711,0.3381216689031207,30
11,15.117461885320132,15.691388564731191,0.4629187509385227,15.117461885320132,0.32514965973393334,30
12,15.091656999213594,15.607161407373424,0.4708609454098028,15.091656999213594,0.3126753205970494,30
13,15.026368339802362,15.568268287148385,0.4905709389090009,15.026368339802362,0.30067955842386057,30
14,14.801514803843835,15.473399106122399,0.4442154607440119,14.801514803843835,0.28914401264971773,30
15,14.801514803843835,15.506196850642029,0.5868968397063624,14.801514803843835,0.2780510271114781,30
16,14.801514803843835,15.274453803639714,0.2289866272549526,14.801514803843835,0.2673836230232015,30
17,14.801514803843835,15.291407748245563,0.3427261998717832,14.801514803843835,0.25712547298863125,30
18,14.801514803843835,15.2670465949305,0.351119737885396,14.801514803843835,0.24726087601068414,30
19,14.801514803843835,15.227513570879532,0.4594823912505549,14.801514803843835,0.23777473345969932,30
20,14.801514803843835,15.115036039109416,0.3970105859194726,14.801514803843835,0.22865252596366317,30
21,14.709361307176243,15.017858904350446,0.36711302554800834,14.709361307176243,0.21988029118503877,30
22,14.646426544510454,14.972849776227951,0.360745783090221,14.646426544510454,0.2114446024501853,30
23,14.646426544510454,15.018550055126944,0.6456587977393091,14.646426544510454,0.20333254819865823,30
24,14.646426544510454,15.156362034040574,0.7833309531066146,14.646426544510454,0.1955317122209352,30
25,14.646426544510454,14.963810731114341,0.46726630107908723,14.646426544510454,0.1880301546543197,30
26,14.646426544510454,14.938743197291824,0.48348692643985935,14.646426544510454,0.18081639370793556,30
27,14.646426544510454,14.915013613618173,0.4523425860734999,14.646426544510454,0.17387938808884054,30
28,14.520897306865447,14.905768111725918,0.46327691357703,14.520897306865447,0.16720852010236023,30
29,14.520897306865447,14.809098644104473,0.27132721667780174,14.520897306865447,0.16079357940077646,30
30,14.520897306865447,14.83082992834964,0.34642926275884184,14.520897306865447,0.15462474735549586,30
31,14.520897306865447,14.76842404538295,0.3189463398758242,14.520897306865447,0.14869258202877889,30
32,14.520897306865447,14.734623413972512,0.33138094084064385,14.520897306865447,0.14298800372202708,30
33,14.520897306865447,14.80067460884241,0.5579887083556775,14.520897306865447,0.13750228107850912,30
34,14.520897306865447,14.750863337274494,0.48690849519041274,14.520897306865447,0.13222701771925466,30
35,14.520897306865447,14.750683633591457,0.5535756702416559,14.520897306865447,0.12715413939166093,30
36,14.520897306865447,14.62390814624411,0.2508752528871132,14.520897306865447,0.12227588161114182,30
37,14.520897306865447,14.604559875638632,0.2139593222374398,14.520897306865447,0.11758477777690436,30
38,14.520897306865447,14.62677989848937,0.2705621852749203,14.520897306865447,0.1130736477436621,30
39,14.520897306865447,14.708621221824428,0.45692670659109214,14.520897306865447,0.10873558683179398,30
40,14.520897306865447,14.620678143416166,0.26986744027233556,14.520897306865447,0.10456395525912732,30
41,14.520897306865447,14.653327655605201,0.33566590958468645,14.520897306865447,0.1005523679781698,30
42,14.520897306865447,14.606650913153068,0.259861853327335,14.520897306865447,0.09669468490323486,30
43,14.520897306865447,14.561928635183166,0.1802512842522695,14.520897306865447,0.092985001512503,30
44,14.520897306865447,14.623503685504545,0.4751493013594438,14.520897306865447,0.0894176398106338,30
45,14.520897306865447,14.575647516699664,0.20250301169908078,14.520897306865447,0.08598713963809686,30
46,14.520897306865447,14.607502448367091,0.4706175418959037,14.520897306865447,0.08268825031391935,30
47,14.503123475609394,14.533361909824215,0.08982579741642205,14.503123475609394,0.07951592259905897,30
48,14.503123475609394,14.553452861107017,0.14632989522205747,14.503123475609394,0.07646530096810125,30
49,14.449576240750524,14.555139479136537,0.18261723743875596,14.449576240750524,0.07353171617745276,30
50,14.449576240750524,14.545924998626155,0.14456609462720527,14.449576240750524,0.07071067811865475,30
51,14.449576240750524,14.581780585213943,0.3623695844272429,14.449576240750524,0.06799786894587896,30
52,14.449576240750524,14.530025359400376,0.13475871967987046,14.449576240750524,0.06538913646708631,30
53,14.449576240750524,14.513999860983837,0.13260650293481493,14.449576240750524,0.06288048778873342,30
54,14.449576240750524,14.554731063180236,0.3762799940717366,14.449576240750524,0.06046808320429925,30
55,14.449576240750524,14.511381714273737,0.1831079910976148,14.449576240750524,0.05814823031727798,30
56,14.449576240750524,14.493549222227928,0.17121830509931432,14.449576240750524,0.05591737838964281,30
57,14.449576240750524,14.463170384677287,0.059129792381487106,14.449576240750524,0.05377211290713039,30
58,14.449576240750524,14.482455897186105,0.11597494285021202,14.449576240750524,0.051709150353027616,30
59,14.449576240750524,14.508549951246609,0.3641504558516415,14.449576240750524,0.049725333182461855,30
60,14.449576240750524,14.515341341880285,0.27889858150956076,14.449576240750524,0.04781762498950185,30
61,14.449576240750524,14.505420791763001,0.21497362585654434,14.449576240750524,0.045983105859672566,30
62,14.449576240750524,14.476079756843765,0.11606884840287936,14.449576240750524,0.044218967900770276,30
63,14.449576240750524,14.47406940821901,0.17145217227939416,14.449576240750524,0.042522510945137704,30
64,14.449576240750524,14.498562575687494,0.2399830499292974,14.449576240750524,0.040891138416820856,30
65,14.449576240750524,14.449576240750526,1.7763568394002505e-15,14.449576240750524,0.039322353357282146,30
66,14.449576240750524,14.449576240750526,1.7763568394002505e-15,14.449576240750524,0.03781375460358665,30
67,14.449576240750524,14.449576240750526,1.7763568394002505e-15,14.449576240750524,0.036363033113211915,30
68,14.449576240750524,14.459385989807945,0.06866824340193915,14.449576240750524,0.03496796842985617,30
69,14.449576240750524,14.480850697297068,0.174331490489319,14.449576240750524,0.03362642528483546,30
70,14.449576240750524,14.480576624280525,0.1457439704006531,14.449576240750524,0.03233635032886788,30
71,14.449576240750524,14.461331544840279,0.06304633340000663,14.449576240750524,0.031095768989242715,30
72,14.449576240750524,14.454116220200062,0.0317798561467686,14.449576240750524,0.029902782447563944,30
73,14.449576240750524,14.468717901449006,0.13399162488936803,14.449576240750524,0.028755564733442356,30
74,14.449576240750524,14.458433026468134,0.061997500023247734,14.449576240750524,0.027652359929687963,30
75,14.449576240750524,14.454116220200062,0.0317798561467686,14.449576240750524,0.026591479484724942,30
76,14.449576240750524,14.474250718588923,0.17272134486877966,14.449576240750524,0.025571299628115565,30
77,14.449576240750524,14.493616317046504,0.21879350237912037,14.449576240750524,0.02459025888523731,30
78,14.449576240750524,14.498051316725766,0.2445856176161477,14.449576240750524,0.023646855687309214,30
79,14.449576240750524,14.542805591351826,0.42847471807652515,14.449576240750524,0.022739646073109316,30
80,14.449576240750524,14.512714735872951,0.37818361559624164,14.449576240750524,0.021867241478865557,30
81,14.449576240750524,14.511761772533136,0.3771642217159347,14.449576240750524,0.0210283066129373,30
82,14.449576240750524,14.494353540904376,0.20886281802275553,14.449576240750524,0.020221557412034533,30
83,14.449576240750524,14.457031272720323,0.052185223788595504,14.449576240750524,0.019445759075846503,30
84,14.449576240750524,14.449576240750526,1.7763568394002505e-15,14.449576240750524,0.018699724177071754,30
85,14.449576240750524,14.449576240750526,1.7763568394002505e-15,14.449576240750524,0.01798231084395659,30
86,14.449576240750524,14.449576240750526,1.7763568394002505e-15,14.449576240750524,0.01729242101256037,30
87,14.449576240750524,14.449576240750526,1.7763568394002505e-15,14.449576240750524,0.016628998746072467,30
88,14.449576240750524,14.45986674823827,0.07203355241421212,14.449576240750524,0.015991028618608488,30
89,14.449576240750524,14.449576240750526,1.7763568394002505e-15,14.449576240750524,0.015377534161012035,30
90,14.449576240750524,14.449576240750526,1.7763568394002505e-15,14.449576240750524,0.014787576366283138,30
91,14.449576240750524,14.449576240750526,1.7763568394002505e-15,14.449576240750524,0.01422025225234578,30
92,14.449576240750524,14.449576240750526,1.7763568394002505e-15,14.449576240750524,0.013674693479954769,30
93,14.449576240750524,14.467960461246891,0.1286895434745624,14.449576240750524,0.013150065023626447,30
94,14.449576240750524,14.449576240750526,1.7763568394002505e-15,14.449576240750524,0.012645563893559074,30
95,14.449576240750524,14.515272333102034,0.4598726464605565,14.449576240750524,0.012160417906586576,30
96,14.449576240750524,14.449576240750526,1.7763568394002505e-15,14.449576240750524,0.01169388450428461,30
97,14.449576240750524,14.449576240750526,1.7763568394002505e-15,14.449576240750524,0.011245249616419848,30
98,14.449576240750524,14.449576240750526,1.7763568394002505e-15,14.449576240750524,0.010813826568002933,30
99,14.449576240750524,14.449576240750526,1.7763568394002505e-15,14.449576240750524,0.01039895502827228,30
100,14.449576240750524,14.449576240750526,1.7763568394002505e-15,14.449576240750524,0.01,30
