generation,best_fitness,mean_fitness,std_fitness,best_so_far,mutation_rate,run
0,18.274165738677393,20.638774023056854,1.1615059153322291,18.274165738677393,0.5,1
1,15.368438714135813,19.99396920014969,1.34019913762353,15.368438714135813,0.4323055261972421,1
2,15.368438714135813,19.329009420764248,1.3919279904492223,15.368438714135813,0.39270679751657805,1
3,15.368438714135813,18.62305449831497,1.4489348568415097,15.368438714135813,0.3646110523944842,1
4,15.368438714135813,17.932566423888726,1.4425975677352039,15.368438714135813,0.34281829940875996,1
5,15.172751070837066,17.215937485625467,1.3049656556612392,15.172751070837066,0.3250123237138202,1
6,15.172751070837066,16.757680156126415,1.2786385107094225,15.172751070837066,0.3099575857737281,1
7,14.700000000000001,16.274216156993063,1.0666933313145384,14.700000000000001,0.2969165785917264,1
8,14.700000000000001,15.8093813571271,0.8211089352370426,14.700000000000001,0.2854135950331561,1
9,14.700000000000001,15.539638350872627,0.609076031479861,14.700000000000001,0.275123825606002,1
10,14.700000000000001,15.46897441993079,0.477048221158422,14.700000000000001,0.2658155969197252,1
11,14.700000000000001,15.351514874366996,0.4441822788131974,14.700000000000001,0.2573178499110623,1
12,14.700000000000001,15.286838500859181,0.5803872908324484,14.700000000000001,0.24950068044161305,1
13,14.423538406167134,15.1125946192553,0.48333651829203916,14.423538406167134,0.24226311197097028,1
14,14.423538406167134,15.023285713883881,0.541552329579615,14.423538406167134,0.23552509692533802,1
15,14.409975124224179,14.933657224779894,0.5480140086548753,14.409975124224179,0.22922210478896848,1
16,14.214944167960988,14.862492193727123,0.4246868267909717,14.214944167960988,0.22330135377323262,1
17,14.214944167960988,14.794573765370947,0.40126249985782064,14.214944167960988,0.21771912123039833,1
18,14.214944167960988,14.720614556741532,0.44355241280530006,14.214944167960988,0.2124387822251788,1
19,14.214944167960988,14.592319906264823,0.2921161912395024,14.214944167960988,0.20742935180324423,1
20,14.139071942966531,14.668631640475532,0.5776127915161898,14.139071942966531,0.20266438329030623,1
21,14.139071942966531,14.651931126227089,0.5845668753951372,14.139071942966531,0.19812112311696733,1
22,14.139071942966531,14.567660432862104,0.5546965449419177,14.139071942966531,0.1937798536705464,1
23,14.139071942966531,14.469221007911026,0.5379689047491297,14.139071942966531,0.18962337610830443,1
24,14.139071942966531,14.464953009337933,0.6284387770896293,14.139071942966531,0.18563659881751993,1
25,14.139071942966531,14.498034232644102,0.8022186591837802,14.139071942966531,0.18180620663885522,1
26,14.139071942966531,14.510637583955672,0.8440146062739461,14.139071942966531,0.17812039254973427,1
27,14.109975124224178,14.431517298300818,0.7156013344418445,14.109975124224178,0.17456863816821244,1
28,14.109975124224178,14.28473161066619,0.40297949068927147,14.109975124224178,0.17114153279104094,1
29,14.109975124224178,14.336066933158932,0.46644408318482555,14.109975124224178,0.16783062312258012,1
30,14.109975124224178,14.281364610312544,0.30392027933769467,14.109975124224178,0.1646282876527959,1
31,14.109975124224178,14.273034177462916,0.35099955124186477,14.109975124224178,0.16152763098621065,1
32,13.891153452528776,14.175622606489519,0.13759781920849234,13.891153452528776,0.15852239443630328,1
33,13.891153452528776,14.173181300318634,0.19239506321459646,13.891153452528776,0.1556068799704748,1
34,13.891153452528776,14.232317667203263,0.341583011320398,13.891153452528776,0.15277588518248814,1
35,13.891153452528776,14.31271789424804,0.6295144788621084,13.891153452528776,0.15002464742764043,1
36,13.891153452528776,14.289357267170379,0.6406808652195437,13.891153452528776,0.14734879561374226,1
37,13.891153452528776,14.161331349048483,0.40111991885131887,13.891153452528776,0.14474430842242098,1
38,13.891153452528776,14.101397140989262,0.45295991286126336,13.891153452528776,0.14220747795819122,1
39,13.891153452528776,14.076165594194078,0.47004022755266667,13.891153452528776,0.13973487800048634,1
40,13.891153452528776,14.008693047629688,0.42879146572303206,13.891153452528776,0.1373233361764682,1
41,13.891153452528776,13.99284912054466,0.21175622135203634,13.891153452528776,0.1349699094875484,1
42,13.891153452528776,13.981567581575213,0.20280237922898467,13.891153452528776,0.13267186271599046,1
43,13.891153452528776,14.018600551204813,0.4577399124194281,13.891153452528776,0.1304266493142095,1
44,13.7131126469709,13.924380153861646,0.12407928709903464,13.7131126469709,0.12823189444191613,1
45,13.7131126469709,13.992756843425946,0.46937501222153155,13.7131126469709,0.1260853798677885,1
46,13.7131126469709,14.187833487733867,0.8442979076040195,13.7131126469709,0.12398503049501725,1
47,13.7131126469709,13.945552823210123,0.29917661806052515,13.7131126469709,0.1219289023055466,1
48,13.7131126469709,13.97772204802057,0.5612491223463163,13.7131126469709,0.11991517154745629,1
49,13.7131126469709,13.897938493319138,0.28016200428927623,13.7131126469709,0.11794212501476203,1
50,13.7131126469709,13.925335090895837,0.32091709065038004,13.7131126469709,0.11600815128981068,1
51,13.7131126469709,13.9202037504912,0.4904196894469469,13.7131126469709,0.11411173283609738,1
52,13.7131126469709,13.83734416985969,0.2920366053170794,13.7131126469709,0.11225143884429051,1
53,13.7131126469709,13.924578188411466,0.5332606129839673,13.7131126469709,0.11042591874697638,1
54,13.7131126469709,13.860809264954948,0.4423248333650309,13.7131126469709,0.10863389632848514,1
55,13.7131126469709,13.798282689159754,0.3549921942836644,13.7131126469709,0.10687416436545444,1
56,13.7131126469709,13.869198698052601,0.5348609942432879,13.7131126469709,0.10514557974175692,1
57,13.7131126469709,13.935196179072669,0.6410107898945936,13.7131126469709,0.10344705898828305,1
58,13.7131126469709,13.799761817009383,0.34206771693093874,13.7131126469709,0.10177757420399913,1
59,13.7131126469709,13.760033410711582,0.2365138201459482,13.7131126469709,0.10013614931982229,1
60,13.7131126469709,13.847062787549907,0.582344326457126,13.7131126469709,0.09852185667131119,1
61,13.7131126469709,13.8662175513906,0.5910016108527681,13.7131126469709,0.09693381385003808,1
62,13.7131126469709,13.948682058932116,0.8086258340127773,13.7131126469709,0.09537118080688434,1
63,13.7131126469709,13.867971553369552,0.6004085537906166,13.7131126469709,0.09383315718345281,1
64,13.7131126469709,13.818255062506895,0.5724093112154298,13.7131126469709,0.09231897985037307,1
65,13.7131126469709,13.914003409582179,0.7494657048534722,13.7131126469709,0.09082792063354544,1
66,13.7131126469709,13.760981280702792,0.15386516888733515,13.7131126469709,0.08935928421136363,1
67,13.7131126469709,13.856420972506927,0.6328786659990834,13.7131126469709,0.08791240616771684,1
68,13.7131126469709,13.904743373262466,0.6371746691625223,13.7131126469709,0.0864866511871244,1
69,13.7131126469709,13.80826232997965,0.26683511079797595,13.7131126469709,0.08508141137973013,1
70,13.7131126469709,13.758828819077062,0.19587761079316615,13.7131126469709,0.08369610472510458,1
71,13.7131126469709,13.786734008489164,0.3488726243330381,13.7131126469709,0.08233017362488254,1
72,13.7131126469709,13.740098048143146,0.1463677779143894,13.7131126469709,0.08098308355522937,1
73,13.7131126469709,13.791905918082502,0.36110404302236093,13.7131126469709,0.07965432181098431,1
74,13.7131126469709,13.857467811475544,0.5925479037764885,13.7131126469709,0.07834339633409798,1
75,13.70293863659264,13.834186318699501,0.5715139596045988,13.70293863659264,0.07704983461966303,1
76,13.70293863659264,13.773770263950032,0.3793900852086557,13.70293863659264,0.07577318269345334,1
77,13.70293863659264,13.719712836115441,0.05061923759298849,13.70293863659264,0.07451300415543333,1
78,13.70293863659264,13.793264982008324,0.5683416727313427,13.70293863659264,0.07326887928419568,1
79,13.70293863659264,13.763031315783891,0.20174586642843761,13.70293863659264,0.0720404041977285,1
80,13.70293863659264,13.818288598363297,0.5707483684110974,13.70293863659264,0.07082719006631227,1
81,13.70293863659264,13.81968576165715,0.6228787686205862,13.70293863659264,0.0696288623737103,1
82,13.70293863659264,13.733969870872603,0.13375628331592662,13.70293863659264,0.06844506022313707,1
83,13.70293863659264,13.733848114795842,0.1424167572278902,13.70293863659264,0.0672754356847905,1
84,13.70293863659264,13.74419842029717,0.16431246695589238,13.70293863659264,0.06611965318199253,1
85,13.70293863659264,13.76500199802434,0.2179458341625191,13.70293863659264,0.06497738891323263,1
86,13.70293863659264,13.797767620453008,0.37409662816227096,13.70293863659264,0.063848330307619,1
87,13.70293863659264,13.79787491672936,0.374667658876174,13.70293863659264,0.06273217551145155,1
88,13.70293863659264,13.747266754755419,0.21761116975978104,13.70293863659264,0.06162863290380183,1
89,13.70293863659264,13.737884737755753,0.1743411203695296,13.70293863659264,0.060537420639158235,1
90,13.70293863659264,13.74288385125683,0.16337584900032445,13.70293863659264,0.05945826621534128,1
91,13.70293863659264,13.734503958544492,0.15506300081762256,13.70293863659264,0.05839090606503061,1
92,13.70293863659264,13.70293863659264,0.0,13.70293863659264,0.05733508516937402,1
93,13.70293863659264,13.70293863659264,0.0,13.70293863659264,0.05629055669225935,1
94,13.70293863659264,13.71567201996953,0.08913368363822659,13.70293863659264,0.05525708163393872,1
95,13.70293863659264,13.755097939521171,0.28828200837683493,13.70293863659264,0.054234428502788756,1
96,13.70293863659264,13.827700619571244,0.522187792678307,13.70293863659264,0.05322237300407823,1
97,13.70293863659264,13.827700619571242,0.522187792678307,13.70293863659264,0.0522206977446984,1
98,13.70293863659264,13.727542708073447,0.15460924187389302,13.70293863659264,0.05122919195288139,1
99,13.70293863659264,13.71248813785737,0.05150913364393713,13.70293863659264,0.050247651212004085,1
100,13.70293863659264,13.709868751377593,0.04851080349468646,13.70293863659264,0.04927587720763693,1
101,13.70293863659264,13.729496994542966,0.11288448215653357,13.70293863659264,0.0483136774870529,1
102,13.70293863659264,13.709868751377593,0.04851080349468646,13.70293863659264,0.047360865230468896,1
103,13.70293863659264,13.709868751377593,0.04851080349468646,13.70293863659264,0.046417259033339486,1
104,13.70293863659264,13.70293863659264,0.0,13.70293863659264,0.04548268269906619,1
105,13.70293863659264,13.762479346706424,0.32482384331152836,13.70293863659264,0.044556965041532726,1
106,13.70293863659264,13.716514712319329,0.09503253008683049,13.70293863659264,0.043639939696910546,1
107,13.659126028197399,13.702062384424735,0.006133765175333714,13.659126028197399,0.04273144494421849,1
108,13.659126028197399,13.792063367923483,0.5656394758358378,13.659126028197399,0.041831323534151865,1
109,13.659126028197399,13.781205812028846,0.3949881187982996,13.659126028197399,0.04093942252572724,1
110,13.659126028197399,13.757639945717356,0.3745899227816773,13.659126028197399,0.04005559313032031,1
111,13.659126028197399,13.774332967655887,0.4349472213338808,13.659126028197399,0.03917969056269671,1
112,13.659126028197399,13.716508563730576,0.17533406156409623,13.659126028197399,0.03831157389866463,1
113,13.659126028197399,13.68621418292417,0.062012230785911525,13.659126028197399,0.037451105938998974,1
114,13.659126028197399,13.677451661245122,0.062125253609686966,13.659126028197399,0.036598153079306306,1
115,13.659126028197399,13.676000292751773,0.07584135938208744,13.659126028197399,0.03575258518552521,1
116,13.659126028197399,13.660878532533207,0.008585482789497483,13.659126028197399,0.034914275474769274,1
117,13.659126028197399,13.660002280365301,0.006133765175333714,13.659126028197399,0.03408310040124124,1
118,13.659126028197399,13.671986118963899,0.0839858817684631,13.659126028197399,0.03325893954696074,1
119,13.659126028197399,13.721041357154563,0.3517190953135867,13.659126028197399,0.03244167551706445,1
120,13.659126028197399,13.671986118963899,0.0839858817684631,13.659126028197399,0.0316311938394504,1
121,13.659126028197399,13.6719861189639,0.08398588176846311,13.659126028197399,0.0308273828685533,1
122,13.659126028197399,13.6719861189639,0.08398588176846311,13.659126028197399,0.0300301336930463,1
123,13.659126028197399,13.659126028197397,1.7763568394002505e-15,13.659126028197399,0.029239340047280238,1
124,13.659126028197399,13.703085358733851,0.3077153137551864,13.659126028197399,0.02845489822627978,1
125,13.659126028197399,13.72370233565417,0.3372002734912272,13.659126028197399,0.027676707004126444,1
126,13.659126028197399,13.679743005117714,0.1443188384422177,13.659126028197399,0.02690466755556653,1
127,13.659126028197399,13.673692853178702,0.1019677748691373,13.659126028197399,0.026138683380694916,1
128,13.659126028197399,13.674180931797336,0.10538432519956453,13.659126028197399,0.025378660232568573,1
129,13.659126028197399,13.674180931797336,0.10538432519956453,13.659126028197399,0.02462450604761518,1
130,13.659126028197399,13.674180931797336,0.10538432519956453,13.659126028197399,0.023876130878708435,1
131,13.609975124224178,13.658143010117932,0.006881126556250905,13.609975124224178,0.023133446830787552,1
132,13.609975124224178,13.65715999203847,0.009631570810474015,13.609975124224178,0.022396367998906985,1
133,13.609975124224178,13.65519395587954,0.013334305988611439,13.609975124224178,0.02166481040860574,1
134,13.609975124224178,13.651261883561682,0.018019019034623187,13.609975124224178,0.020938691958494182,1
135,13.609975124224178,13.646346793164362,0.021559269605680737,13.609975124224178,0.020217932364959,1
136,13.609975124224178,13.65452057020805,0.11080442419611784,13.609975124224178,0.019502453108893703,1
137,13.609975124224178,13.643828660418112,0.11304704685370383,13.609975124224178,0.01879217738436656,1
138,13.609975124224178,13.618822286939357,0.018883160671359856,13.609975124224178,0.018087030049141528,1
139,13.609975124224178,13.615873232700965,0.015972153260040783,13.609975124224178,0.017386937576972405,1
140,13.609975124224178,13.623011862187845,0.06041856616130916,13.609975124224178,0.0166918280115953,1
141,13.609975124224178,13.666967462746365,0.3713696939919611,13.609975124224178,0.016001630922346743,1
142,13.609975124224178,13.624802097552047,0.09701150413816921,13.609975124224178,0.015316277361338337,1
143,13.609975124224178,13.60997512422418,1.7763568394002505e-15,13.609975124224178,0.014635699822124648,1
144,13.609975124224178,13.624608681848251,0.10243490336850254,13.609975124224178,0.013959832199800903,1
145,13.609975124224178,13.60997512422418,1.7763568394002505e-15,13.609975124224178,0.01328860975247148,1
146,13.609975124224178,13.60997512422418,1.7763568394002505e-15,13.609975124224178,0.0126219690640344,1
147,13.609975124224178,13.60997512422418,1.7763568394002505e-15,13.609975124224178,0.011959848008226526,1
148,13.609975124224178,13.631312016646596,0.14935824695691857,13.609975124224178,0.011302185713879864,1
149,13.609975124224178,13.60997512422418,1.7763568394002505e-15,13.609975124224178,0.010648922531340144,1
150,13.609975124224178,13.60997512422418,1.7763568394002505e-15,13.609975124224178,0.010000000000000009,1
0,18.63527000944073,20.70239265072595,1.1324407336486848,18.63527000944073,0.5,2
1,18.48148877222268,19.99249116857594,0.9790762104488894,18.48148877222268,0.4323055261972421,2
2,16.172004514666934,19.29973343610574,1.1045907415340355,16.172004514666934,0.39270679751657805,2
3,16.172004514666934,18.50937114318129,1.0425932331072474,16.172004514666934,0.3646110523944842,2
4,15.554065922853802,18.031498278931267,1.0144621050647615,15.554065922853802,0.34281829940875996,2
5,15.533907960581372,17.397191776587174,0.9962137277794791,15.533907960581372,0.3250123237138202,2
6,15.533907960581372,17.004934412911133,0.9582170520619421,15.533907960581372,0.3099575857737281,2
7,15.533907960581372,16.69854896746727,0.8566901562857562,15.533907960581372,0.2969165785917264,2
8,15.533907960581372,16.368148537694097,0.7239571976904576,15.533907960581372,0.2854135950331561,2
9,15.533907960581372,16.11445116375634,0.6228955297827891,15.533907960581372,0.275123825606002,2
10,15.214944167960988,15.851387289702206,0.4088163494380933,15.214944167960988,0.2658155969197252,2
11,14.956141357987224,15.668293139909892,0.30026246757587827,14.956141357987224,0.2573178499110623,2
12,14.94928556845359,15.635420691817012,0.4301649835970163,14.94928556845359,0.24950068044161305,2
13,14.94928556845359,15.438359449320052,0.31724699647574084,14.94928556845359,0.24226311197097028,2
14,14.816590212458495,15.362999788909928,0.36414468453319354,14.816590212458495,0.23552509692533802,2
15,14.816590212458495,15.227858113931058,0.31524300593188964,14.816590212458495,0.22922210478896848,2
16,14.530727575266251,15.228757511812308,0.4388485596438429,14.530727575266251,0.22330135377323262,2
17,14.530727575266251,15.042054835026317,0.27050175059441184,14.530727575266251,0.21771912123039833,2
18,14.530727575266251,15.066789901507802,0.3287752583477051,14.530727575266251,0.2124387822251788,2
19,14.193737745050923,15.04511430967088,0.4295932334913165,14.193737745050923,0.20742935180324423,2
20,14.193737745050923,14.961059907083111,0.3796219750640642,14.193737745050923,0.20266438329030623,2
21,14.193737745050923,14.954625435817382,0.40040487508435907,14.193737745050923,0.19812112311696733,2
22,14.162049935181331,14.816776510193653,0.3777990543003704,14.162049935181331,0.1937798536705464,2
23,13.914213562373096,14.723239025128478,0.3849366974709102,13.914213562373096,0.18962337610830443,2
24,13.914213562373096,14.593291568839643,0.4106040703787382,13.914213562373096,0.18563659881751993,2
25,13.914213562373096,14.480577874517387,0.3615592072131761,13.914213562373096,0.18180620663885522,2
26,13.914213562373096,14.449395629882652,0.4147398132086489,13.914213562373096,0.17812039254973427,2
27,13.914213562373096,14.351891506965465,0.47179004425964405,13.914213562373096,0.17456863816821244,2
28,13.914213562373096,14.234285470980538,0.36874173112792125,13.914213562373096,0.17114153279104094,2
29,13.914213562373096,14.149506952975557,0.28596847772982514,13.914213562373096,0.16783062312258012,2
30,13.914213562373096,14.111715981080748,0.3715611508214441,13.914213562373096,0.1646282876527959,2
31,13.70332963783729,14.094421007543728,0.5058429301164282,13.70332963783729,0.16152763098621065,2
32,13.70332963783729,14.03986836411526,0.37481308545362496,13.70332963783729,0.15852239443630328,2
33,13.466190378969062,14.035571718007084,0.438695418002828,13.466190378969062,0.1556068799704748,2
34,13.466190378969062,13.96504035505979,0.2960332475407907,13.466190378969062,0.15277588518248814,2
35,13.466190378969062,13.947934175038636,0.28104972172102216,13.466190378969062,0.15002464742764043,2
36,13.466190378969062,13.856894640930154,0.1457210706253952,13.466190378969062,0.14734879561374226,2
37,13.466190378969062,13.892290138828976,0.3885300099363704,13.466190378969062,0.14474430842242098,2
38,13.466190378969062,13.771752163555375,0.23615899517401753,13.466190378969062,0.14220747795819122,2
39,13.466190378969062,13.73538024899496,0.3161748781354301,13.466190378969062,0.13973487800048634,2
40,13.340967364599086,13.631901773394745,0.24018751047544673,13.340967364599086,0.1373233361764682,2
41,13.340967364599086,13.588950550606489,0.27088874832797727,13.340967364599086,0.1349699094875484,2
42,13.340967364599086,13.662924970330785,0.5070314592958104,13.340967364599086,0.13267186271599046,2
43,13.340967364599086,13.61973869676628,0.4592005672810585,13.340967364599086,0.1304266493142095,2
44,13.340967364599086,13.547239765247308,0.3927140478511755,13.340967364599086,0.12823189444191613,2
45,13.340967364599086,13.476133901948499,0.16391888104420493,13.340967364599086,0.1260853798677885,2
46,13.340967364599086,13.519097639317563,0.45413299427056786,13.340967364599086,0.12398503049501725,2
47,13.340967364599086,13.513161319779538,0.36071752109019917,13.340967364599086,0.1219289023055466,2
48,13.340967364599086,13.425099356225159,0.17210459042565293,13.340967364599086,0.11991517154745629,2
49,13.112403840463596,13.415796376598445,0.23034269079534914,13.112403840463596,0.11794212501476203,2
50,13.112403840463596,13.417912661432092,0.2653053239827686,13.112403840463596,0.11600815128981068,2
51,13.112403840463596,13.416988640321419,0.2603835350121861,13.112403840463596,0.11411173283609738,2
52,13.112403840463596,13.485525124779588,0.4796951691742225,13.112403840463596,0.11225143884429051,2
53,13.112403840463596,13.36677054868429,0.20019278555842848,13.112403840463596,0.11042591874697638,2
54,13.112403840463596,13.332631059775945,0.2185860708417809,13.112403840463596,0.10863389632848514,2
55,13.112403840463596,13.265050402111429,0.1835344174986091,13.112403840463596,0.10687416436545444,2
56,13.112403840463596,13.335857843193326,0.4475315809043897,13.112403840463596,0.10514557974175692,2
57,13.112403840463596,13.238964016887326,0.23207751771894214,13.112403840463596,0.10344705898828305,2
58,13.112403840463596,13.198571931820647,0.23314391015102237,13.112403840463596,0.10177757420399913,2
59,13.112403840463596,13.158233035162493,0.16026629868005332,13.112403840463596,0.10013614931982229,2
60,13.112403840463596,13.18832904006015,0.20368055443036734,13.112403840463596,0.09852185667131119,2
61,13.112403840463596,13.17224623198943,0.2509188924635748,13.112403840463596,0.09693381385003808,2
62,13.112403840463596,13.169655339435131,0.20194262915422695,13.112403840463596,0.09537118080688434,2
63,13.112403840463596,13.169796287668786,0.24508823373631897,13.112403840463596,0.09383315718345281,2
64,13.112403840463596,13.234524609676727,0.46309282114778605,13.112403840463596,0.09231897985037307,2
65,13.112403840463596,13.264329534585237,0.49216504051726473,13.112403840463596,0.09082792063354544,2
66,13.112403840463596,13.156938645403006,0.22114412769406547,13.112403840463596,0.08935928421136363,2
67,13.112403840463596,13.15194447249027,0.16220341084048542,13.112403840463596,0.08791240616771684,2
68,13.112403840463596,13.177616952592876,0.23586230138406555,13.112403840463596,0.0864866511871244,2
69,13.112403840463596,13.142954189328304,0.118559000474961,13.112403840463596,0.08508141137973013,2
70,13.112403840463596,13.146417072299698,0.1299166494287539,13.112403840463596,0.08369610472510458,2
71,13.112403840463596,13.127524537937042,0.1058448823141104,13.112403840463596,0.08233017362488254,2
72,12.98309518948453,13.161511900242413,0.19553784524639217,12.98309518948453,0.08098308355522937,2
73,12.98309518948453,13.125255788894185,0.11116193093986076,12.98309518948453,0.07965432181098431,2
74,12.98309518948453,13.120083442855023,0.1145949399605914,12.98309518948453,0.07834339633409798,2
75,12.98309518948453,13.160532222012897,0.40846066289639305,12.98309518948453,0.07704983461966303,2
76,12.98309518948453,13.091431802461113,0.0729009113033997,12.98309518948453,0.07577318269345334,2
77,12.98309518948453,13.07126655309155,0.08866566376292241,12.98309518948453,0.07451300415543333,2
78,12.98309518948453,13.065147257748109,0.14766789743349343,12.98309518948453,0.07326887928419568,2
79,12.98309518948453,13.030331133230879,0.1381913490635155,12.98309518948453,0.0720404041977285,2
80,12.98309518948453,13.052115997911082,0.2080587228566036,12.98309518948453,0.07082719006631227,2
81,12.98309518948453,13.120960282936508,0.47389130724093786,12.98309518948453,0.0696288623737103,2
82,12.98309518948453,13.091881051995287,0.3303204965481547,12.98309518948453,0.06844506022313707,2
83,12.98309518948453,13.114261678871038,0.37604472520018173,12.98309518948453,0.0672754356847905,2
84,12.98309518948453,13.10605045534981,0.3445425448230976,12.98309518948453,0.06611965318199253,2
85,12.98309518948453,13.039909865593778,0.20647259876258414,12.98309518948453,0.06497738891323263,2
86,12.98309518948453,13.019013676611461,0.1550337101854537,12.98309518948453,0.063848330307619,2
87,12.947213595499958,13.038017266455036,0.19353665639653445,12.947213595499958,0.06273217551145155,2
88,12.947213595499958,13.009025649375694,0.13191676128594568,12.947213595499958,0.06162863290380183,2
89,12.947213595499958,12.99654525892645,0.1046386754941496,12.947213595499958,0.060537420639158235,2
90,12.947213595499958,13.034820962434091,0.2686997604350961,12.947213595499958,0.05945826621534128,2
91,12.947213595499958,13.080593713543536,0.3146020327762243,12.947213595499958,0.05839090606503061,2
92,12.947213595499958,13.056143058470305,0.3502804321509794,12.947213595499958,0.05733508516937402,2
93,12.947213595499958,13.004064941129133,0.1725957676133035,12.947213595499958,0.05629055669225935,2
94,12.947213595499958,12.975258485808162,0.10042394419322682,12.947213595499958,0.05525708163393872,2
95,12.947213595499958,13.025996867945004,0.4141568074712644,12.947213595499958,0.054234428502788756,2
96,12.947213595499958,13.043321659346145,0.378374941692358,12.947213595499958,0.05322237300407823,2
97,12.947213595499958,12.97652296821931,0.1791843467912547,12.947213595499958,0.0522206977446984,2
98,12.947213595499958,12.970410852027886,0.1131685182502711,12.947213595499958,0.05122919195288139,2
99,12.947213595499958,12.991548459656888,0.16787084872989969,12.947213595499958,0.050247651212004085,2
100,12.947213595499958,12.967153047416842,0.13454399395773026,12.947213595499958,0.04927587720763693,2
101,12.947213595499958,13.010509166266338,0.2609067172688389,12.947213595499958,0.0483136774870529,2
102,12.947213595499958,13.025160812298605,0.2770133793893893,12.947213595499958,0.047360865230468896,2
103,12.947213595499958,12.969471474065436,0.15580514995834155,12.947213595499958,0.046417259033339486,2
104,12.947213595499958,13.029590196277384,0.28535885835648694,12.947213595499958,0.04548268269906619,2
105,12.947213595499958,13.025804810586507,0.3392931978811892,12.947213595499958,0.044556965041532726,2
106,12.947213595499958,12.980091862121688,0.17125802059756412,12.947213595499958,0.043639939696910546,2
107,12.947213595499958,12.974725241182623,0.15935454405096156,12.947213595499958,0.04273144494421849,2
108,12.947213595499958,13.014000961896265,0.2561545957273533,12.947213595499958,0.041831323534151865,2
109,12.947213595499958,13.035497069081318,0.368018012279775,12.947213595499958,0.04093942252572724,2
110,12.947213595499958,12.994404335561363,0.3303351804298237,12.947213595499958,0.04005559313032031,2
111,12.947213595499958,13.037981734944475,0.3936090669083632,12.947213595499958,0.03917969056269671,2
112,12.947213595499958,13.02520516435609,0.35914759027939824,12.947213595499958,0.03831157389866463,2
113,12.947213595499958,12.978419525661943,0.15287721169157842,12.947213595499958,0.037451105938998974,2
114,12.947213595499958,12.967534192460642,0.11345704840470978,12.947213595499958,0.036598153079306306,2
115,12.947213595499958,12.947213595499958,0.0,12.947213595499958,0.03575258518552521,2
116,12.947213595499958,12.96721359549996,0.14,12.947213595499958,0.034914275474769274,2
117,12.947213595499958,12.947213595499958,0.0,12.947213595499958,0.03408310040124124,2
118,12.947213595499958,12.965002524120642,0.12452250034477651,12.947213595499958,0.03325893954696074,2
119,12.947213595499958,12.957473974124046,0.0718226503686025,12.947213595499958,0.03244167551706445,2
120,12.947213595499958,12.971883858718108,0.1226270169617556,12.947213595499958,0.0316311938394504,2
121,12.947213595499958,12.947213595499958,0.0,12.947213595499958,0.0308273828685533,2
122,12.947213595499958,12.973548858471059,0.18434684079770985,12.947213595499958,0.0300301336930463,2
123,12.947213595499958,12.94953582275138,0.016255590759957028,12.947213595499958,0.029239340047280238,2
124,12.947213595499958,12.94953582275138,0.016255590759957028,12.947213595499958,0.02845489822627978,2
125,12.947213595499958,12.963567544871307,0.11447764559943512,12.947213595499958,0.027676707004126444,2
126,12.947213595499958,12.947213595499958,0.0,12.947213595499958,0.02690466755556653,2
127,12.947213595499958,12.947213595499958,0.0,12.947213595499958,0.026138683380694916,2
128,12.947213595499958,12.947213595499958,0.0,12.947213595499958,0.025378660232568573,2
129,12.947213595499958,12.965660043019625,0.12912513263766312,12.947213595499958,0.02462450604761518,2
130,12.947213595499958,12.978366022374999,0.21806698812528655,12.947213595499958,0.023876130878708435,2
131,12.947213595499958,12.972988619683756,0.12656735022616772,12.947213595499958,0.023133446830787552,2
132,12.947213595499958,12.992471934457303,0.22701903437558368,12.947213595499958,0.022396367998906985,2
133,12.947213595499958,12.947213595499958,0.0,12.947213595499958,0.02166481040860574,2
134,12.947213595499958,12.947213595499958,0.0,12.947213595499958,0.020938691958494182,2
135,12.947213595499958,12.947213595499958,0.0,12.947213595499958,0.020217932364959,2
136,12.947213595499958,12.947213595499958,0.0,12.947213595499958,0.019502453108893703,2
137,12.947213595499958,12.947213595499958,0.0,12.947213595499958,0.01879217738436656,2
138,12.947213595499958,12.947213595499958,0.0,12.947213595499958,0.018087030049141528,2
139,12.947213595499958,12.947213595499958,0.0,12.947213595499958,0.017386937576972405,2
140,12.947213595499958,12.947213595499958,0.0,12.947213595499958,0.0166918280115953,2
141,12.947213595499958,12.95583398355621,0.06034271639375957,12.947213595499958,0.016001630922346743,2
142,12.947213595499958,12.947213595499958,0.0,12.947213595499958,0.015316277361338337,2
143,12.947213595499958,12.947213595499958,0.0,12.947213595499958,0.014635699822124648,2
144,12.947213595499958,12.947213595499958,0.0,12.947213595499958,0.013959832199800903,2
145,12.947213595499958,12.947213595499958,0.0,12.947213595499958,0.01328860975247148,2
146,12.947213595499958,12.947213595499958,0.0,12.947213595499958,0.0126219690640344,2
147,12.947213595499958,12.947213595499958,0.0,12.947213595499958,0.011959848008226526,2
148,12.947213595499958,12.947213595499958,0.0,12.947213595499958,0.011302185713879864,2
149,12.947213595499958,12.947213595499958,0.0,12.947213595499958,0.010648922531340144,2
150,12.947213595499958,12.947213595499958,0.0,12.947213595499958,0.010000000000000009,2
0,18.949545416973503,20.703709157735183,0.9472739511528281,18.949545416973503,0.5,3
1,18.183281572999746,20.204959069161298,0.8398906188291109,18.183281572999746,0.4323055261972421,3
2,17.13318042491699,19.661232585195318,0.8584774830235425,17.13318042491699,0.39270679751657805,3
3,16.179215610874227,19.04870809183685,1.1277985209944603,16.179215610874227,0.3646110523944842,3
4,16.179215610874227,18.481763531965537,1.262907145414707,16.179215610874227,0.34281829940875996,3
5,16.179215610874227,17.944117817431874,1.2016842022768581,16.179215610874227,0.3250123237138202,3
6,15.83589667773576,17.543406482025354,1.2026476780107054,15.83589667773576,0.3099575857737281,3
7,15.83589667773576,17.00148782713922,0.9496193570782475,15.83589667773576,0.2969165785917264,3
8,15.398717737923585,16.726623793627265,0.7418040341465528,15.398717737923585,0.2854135950331561,3
9,15.257092555020158,16.439774106217023,0.583557312354105,15.257092555020158,0.275123825606002,3
10,15.257092555020158,16.24892664181536,0.611985717437569,15.257092555020158,0.2658155969197252,3
11,15.257092555020158,15.989220671867088,0.46814956515823036,15.257092555020158,0.2573178499110623,3
12,15.257092555020158,15.852844956476138,0.3631903808947299,15.257092555020158,0.24950068044161305,3
13,15.167815921162743,15.72999965265703,0.4277556093949432,15.167815921162743,0.24226311197097028,3
14,15.157271787481875,15.645338546743226,0.43775034494577847,15.157271787481875,0.23552509692533802,3
15,15.157271787481875,15.495735054126659,0.2614110306758687,15.157271787481875,0.22922210478896848,3
16,15.157271787481875,15.417866208034539,0.26876392595997184,15.157271787481875,0.22330135377323262,3
17,15.157271787481875,15.400788948902663,0.33521629315643836,15.157271787481875,0.21771912123039833,3
18,15.009447398198283,15.37028072906304,0.34511969061776976,15.009447398198283,0.2124387822251788,3
19,14.672751070837068,15.433732260586641,0.5510142466558843,14.672751070837068,0.20742935180324423,3
20,14.492849839314596,15.33055992466125,0.4677210426498585,14.492849839314596,0.20266438329030623,3
21,14.492849839314596,15.254597657765059,0.45812939682703036,14.492849839314596,0.19812112311696733,3
22,14.492849839314596,15.083520494520926,0.2611549072266899,14.492849839314596,0.1937798536705464,3
23,14.660601043544625,15.027189366553303,0.32573799216153876,14.492849839314596,0.18962337610830443,3
24,14.387467277262665,14.975639564890548,0.3621125265580883,14.387467277262665,0.18563659881751993,3
25,14.387467277262665,14.906978873129413,0.3361326083777414,14.387467277262665,0.18180620663885522,3
26,14.387467277262665,14.805257894992005,0.305563736489577,14.387467277262665,0.17812039254973427,3
27,14.192415526630866,14.749546558078746,0.373151329669903,14.192415526630866,0.17456863816821244,3
28,14.192415526630866,14.613730734580715,0.25940314772318734,14.192415526630866,0.17114153279104094,3
29,14.192415526630866,14.540811444939779,0.3059037447300916,14.192415526630866,0.16783062312258012,3
30,13.84302481094059,14.604161646905972,0.4949519618367704,13.84302481094059,0.1646282876527959,3
31,13.84302481094059,14.4722071448034,0.35157496536391125,13.84302481094059,0.16152763098621065,3
32,13.84302481094059,14.447700192442177,0.39880698668566467,13.84302481094059,0.15852239443630328,3
33,13.84302481094059,14.363354061789755,0.3285419163561147,13.84302481094059,0.1556068799704748,3
34,13.84302481094059,14.324132900435218,0.3932297768659498,13.84302481094059,0.15277588518248814,3
35,13.84302481094059,14.205359800046983,0.2867627856548606,13.84302481094059,0.15002464742764043,3
36,13.84302481094059,14.113403182092487,0.2902817201111137,13.84302481094059,0.14734879561374226,3
37,13.761706725018236,14.025610823755132,0.24861420179321583,13.761706725018236,0.14474430842242098,3
38,13.509980079602226,14.024568803835558,0.335245029095452,13.509980079602226,0.14220747795819122,3
39,13.509980079602226,13.935995689523324,0.2554900057465443,13.509980079602226,0.13973487800048634,3
40,13.509980079602226,13.914378940809053,0.26855877577894927,13.509980079602226,0.1373233361764682,3
41,13.509980079602226,13.831466347175528,0.1409934206286374,13.509980079602226,0.1349699094875484,3
42,13.509980079602226,13.85810827975578,0.3054311248958162,13.509980079602226,0.13267186271599046,3
43,13.509980079602226,13.801477308347184,0.20249500164635892,13.509980079602226,0.1304266493142095,3
44,13.509980079602226,13.749395636681642,0.2580041564171547,13.509980079602226,0.12823189444191613,3
45,13.467670500619608,13.705232729539055,0.21257568199987043,13.467670500619608,0.1260853798677885,3
46,13.467670500619608,13.730407036141806,0.4047760989369812,13.467670500619608,0.12398503049501725,3
47,13.467670500619608,13.68273983980526,0.40227787300512197,13.467670500619608,0.1219289023055466,3
48,13.467670500619608,13.624980579937487,0.39221167876931734,13.467670500619608,0.11991517154745629,3
49,13.467670500619608,13.57721134629267,0.1814910381751354,13.467670500619608,0.11794212501476203,3
50,13.467670500619608,13.564573335248381,0.18772917266993852,13.467670500619608,0.11600815128981068,3
51,13.467670500619608,13.563783994311745,0.2142640161515322,13.467670500619608,0.11411173283609738,3
52,13.467670500619608,13.565497974738612,0.22485678031709924,13.467670500619608,0.11225143884429051,3
53,13.467670500619608,13.54343175986673,0.22235666875093565,13.467670500619608,0.11042591874697638,3
54,13.467670500619608,13.56120342642673,0.3013534740298241,13.467670500619608,0.10863389632848514,3
55,13.428991560298224,13.557662156310867,0.3428954205848009,13.428991560298224,0.10687416436545444,3
56,13.428991560298224,13.53912369576668,0.36803366885776967,13.428991560298224,0.10514557974175692,3
57,13.428991560298224,13.560600535798295,0.38844674588686695,13.428991560298224,0.10344705898828305,3
58,13.428991560298224,13.641974329307077,0.5743565556765626,13.428991560298224,0.10177757420399913,3
59,13.341653005427768,13.639256578115447,0.5306615479644945,13.341653005427768,0.10013614931982229,3
60,13.341653005427768,13.63334131801531,0.590237486179339,13.341653005427768,0.09852185667131119,3
61,13.341653005427768,13.550887171986767,0.4207845152161854,13.341653005427768,0.09693381385003808,3
62,13.341653005427768,13.581400478033505,0.4748345378641368,13.341653005427768,0.09537118080688434,3
63,13.341653005427768,13.47952133764464,0.24373327590486704,13.341653005427768,0.09383315718345281,3
64,13.341653005427768,13.439638391471668,0.09638690322884542,13.341653005427768,0.09231897985037307,3
65,13.341653005427768,13.475582008612554,0.2273866167997949,13.341653005427768,0.09082792063354544,3
66,13.341653005427768,13.471588455941953,0.26628844853288813,13.341653005427768,0.08935928421136363,3
67,13.341653005427768,13.421128800887093,0.20461871126768977,13.341653005427768,0.08791240616771684,3
68,13.341653005427768,13.384542731128349,0.12100458251002941,13.341653005427768,0.0864866511871244,3
69,13.341653005427768,13.356321985062163,0.05784149563595913,13.341653005427768,0.08508141137973013,3
70,13.341653005427768,13.372211205776004,0.10205843113679537,13.341653005427768,0.08369610472510458,3
71,13.341653005427768,13.423212522900085,0.4439561403592026,13.341653005427768,0.08233017362488254,3
72,13.341653005427768,13.370086339936174,0.11355969029947081,13.341653005427768,0.08098308355522937,3
73,13.341653005427768,13.362406291868737,0.1039053482206081,13.341653005427768,0.07965432181098431,3
74,13.341653005427768,13.349885941964901,0.0576305557599173,13.341653005427768,0.07834339633409798,3
75,13.341653005427768,13.368739615168709,0.14292804986342425,13.341653005427768,0.07704983461966303,3
76,13.341653005427768,13.400648326405017,0.24340235372245114,13.341653005427768,0.07577318269345334,3
77,13.341653005427768,13.35489132839472,0.09266826076864569,13.341653005427768,0.07451300415543333,3
78,13.196150997149434,13.362289549142943,0.11863061010529352,13.196150997149434,0.07326887928419568,3
79,13.196150997149434,13.47507903741541,0.5666123549834442,13.196150997149434,0.0720404041977285,3
80,13.196150997149434,13.362498546446455,0.13257992943393326,13.196150997149434,0.07082719006631227,3
81,13.196150997149434,13.360889066355988,0.16772639723806954,13.196150997149434,0.0696288623737103,3
82,13.196150997149434,13.395085916051746,0.441899861593561,13.196150997149434,0.06844506022313707,3
83,13.196150997149434,13.311110804537908,0.2208196749178705,13.196150997149434,0.0672754356847905,3
84,13.196150997149434,13.22720100158567,0.05846887325886977,13.196150997149434,0.06611965318199253,3
85,13.196150997149434,13.204495862967397,0.03226400501537394,13.196150997149434,0.06497738891323263,3
86,13.196150997149434,13.224587951472644,0.11656707744747241,13.196150997149434,0.063848330307619,3
87,13.196150997149434,13.217092039470126,0.10928901968979957,13.196150997149434,0.06273217551145155,3
88,13.196150997149434,13.217092039470126,0.10928901968979957,13.196150997149434,0.06162863290380183,3
89,13.196150997149434,13.306985728520349,0.44254562207021614,13.196150997149434,0.060537420639158235,3
90,13.196150997149434,13.257014939983177,0.19943479944508347,13.196150997149434,0.05945826621534128,3
91,13.196150997149434,13.267479107146405,0.2787152672095067,13.196150997149434,0.05839090606503061,3
92,13.196150997149434,13.24226680210571,0.17548830562852244,13.196150997149434,0.05733508516937402,3
93,13.196150997149434,13.207742203203361,0.08113844237751072,13.196150997149434,0.05629055669225935,3
94,13.196150997149434,13.263708336481436,0.41340875369718366,13.196150997149434,0.05525708163393872,3
95,13.196150997149434,13.196150997149433,1.7763568394002505e-15,13.196150997149434,0.054234428502788756,3
96,13.196150997149434,13.22577525798661,0.12078388972381365,13.196150997149434,0.05322237300407823,3
97,13.196150997149434,13.231149034019815,0.14532857650906408,13.196150997149434,0.0522206977446984,3
98,13.196150997149434,13.253893290192996,0.2311597015591506,13.196150997149434,0.05122919195288139,3
99,13.196150997149434,13.309835083833692,0.48078699975582884,13.196150997149434,0.050247651212004085,3
100,13.196150997149434,13.29824387777976,0.47638162384249644,13.196150997149434,0.04927587720763693,3
101,13.196150997149434,13.279169055181937,0.43930135786575647,13.196150997149434,0.0483136774870529,3
102,13.196150997149434,13.233813796538254,0.152727065243753,13.196150997149434,0.047360865230468896,3
103,13.196150997149434,13.23463252807208,0.15532158959241346,13.196150997149434,0.046417259033339486,3
104,13.196150997149434,13.236348202713053,0.1553608253525479,13.196150997149434,0.04548268269906619,3
105,13.196150997149434,13.248824497324529,0.30590530597581717,13.196150997149434,0.044556965041532726,3
106,13.196150997149434,13.24882449732453,0.30590530597581733,13.196150997149434,0.043639939696910546,3
107,13.196150997149434,13.246907618617389,0.3049213052151471,13.196150997149434,0.04273144494421849,3
108,13.196150997149434,13.328969823831747,0.5179399207899212,13.196150997149434,0.041831323534151865,3
109,13.196150997149434,13.263198184610312,0.40334686755845006,13.196150997149434,0.04093942252572724,3
110,13.196150997149434,13.27433541309815,0.4106840148012322,13.196150997149434,0.04005559313032031,3
111,13.196150997149434,13.226949752211144,0.13539542921613956,13.196150997149434,0.03917969056269671,3
112,13.196150997149434,13.329311138017742,0.4777485078336205,13.196150997149434,0.03831157389866463,3
113,13.196150997149434,13.223334288844967,0.13763630095521237,13.196150997149434,0.037451105938998974,3
114,13.196150997149434,13.213220284443532,0.11948501105869322,13.196150997149434,0.036598153079306306,3
115,13.196150997149434,13.213220284443532,0.1194850110586932,13.196150997149434,0.03575258518552521,3
116,13.196150997149434,13.250342944210715,0.26553342186245316,13.196150997149434,0.034914275474769274,3
117,13.196150997149434,13.223752807560441,0.19321267287705698,13.196150997149434,0.03408310040124124,3
118,13.196150997149434,13.228107196896254,0.19218195909553001,13.196150997149434,0.03325893954696074,3
119,13.196150997149434,13.22327590667744,0.1898743666960701,13.196150997149434,0.03244167551706445,3
120,13.196150997149434,13.200875592365206,0.03307216651041592,13.196150997149434,0.0316311938394504,3
121,13.196150997149434,13.23170584949533,0.21766299687312674,13.196150997149434,0.0308273828685533,3
122,13.196150997149434,13.200875592365206,0.03307216651041592,13.196150997149434,0.0300301336930463,3
123,13.196150997149434,13.196150997149433,1.7763568394002505e-15,13.196150997149434,0.029239340047280238,3
124,13.196150997149434,13.196150997149433,1.7763568394002505e-15,13.196150997149434,0.02845489822627978,3
125,13.196150997149434,13.196150997149433,1.7763568394002505e-15,13.196150997149434,0.027676707004126444,3
126,13.196150997149434,13.268128786855918,0.4573411508732799,13.196150997149434,0.02690466755556653,3
127,13.196150997149434,13.196150997149433,1.7763568394002505e-15,13.196150997149434,0.026138683380694916,3
128,13.196150997149434,13.196150997149433,1.7763568394002505e-15,13.196150997149434,0.025378660232568573,3
129,13.196150997149434,13.196150997149433,1.7763568394002505e-15,13.196150997149434,0.02462450604761518,3
130,13.196150997149434,13.196150997149433,1.7763568394002505e-15,13.196150997149434,0.023876130878708435,3
131,13.196150997149434,13.196150997149433,1.7763568394002505e-15,13.196150997149434,0.023133446830787552,3
132,13.196150997149434,13.196150997149433,1.7763568394002505e-15,13.196150997149434,0.022396367998906985,3
133,13.196150997149434,13.196150997149433,1.7763568394002505e-15,13.196150997149434,0.02166481040860574,3
134,13.196150997149434,13.214361162719934,0.12747115899352046,13.196150997149434,0.020938691958494182,3
135,13.196150997149434,13.280804467350023,0.4288868110758575,13.196150997149434,0.020217932364959,3
136,13.196150997149434,13.228875357821066,0.22907052470144582,13.196150997149434,0.019502453108893703,3
137,13.196150997149434,13.228875357821066,0.22907052470144582,13.196150997149434,0.01879217738436656,3
138,13.196150997149434,13.228875357821066,0.22907052470144582,13.196150997149434,0.018087030049141528,3
139,13.196150997149434,13.196150997149433,1.7763568394002505e-15,13.196150997149434,0.017386937576972405,3
140,13.196150997149434,13.196150997149433,1.7763568394002505e-15,13.196150997149434,0.0166918280115953,3
141,13.196150997149434,13.254702825534217,0.40986279869347947,13.196150997149434,0.016001630922346743,3
142,13.196150997149434,13.196150997149433,1.7763568394002505e-15,13.196150997149434,0.015316277361338337,3
143,13.196150997149434,13.196150997149433,1.7763568394002505e-15,13.196150997149434,0.014635699822124648,3
144,13.196150997149434,13.213546816073467,0.12177073246824424,13.196150997149434,0.013959832199800903,3
145,13.196150997149434,13.196150997149433,1.7763568394002505e-15,13.196150997149434,0.01328860975247148,3
146,13.196150997149434,13.196150997149433,1.7763568394002505e-15,13.196150997149434,0.0126219690640344,3
147,13.196150997149434,13.196150997149433,1.7763568394002505e-15,13.196150997149434,0.011959848008226526,3
148,13.196150997149434,13.20641520334997,0.0718494434037532,13.196150997149434,0.011302185713879864,3
149,13.196150997149434,13.206415203349968,0.07184944340375321,13.196150997149434,0.010648922531340144,3
150,13.196150997149434,13.20641520334997,0.0718494434037532,13.196150997149434,0.010000000000000009,3
0,18.822497216032183,20.94296674313333,0.9990650324047304,18.822497216032183,0.5,4
1,18.419803902718556,20.417904277355852,0.9360038104649897,18.419803902718556,0.4323055261972421,4
2,17.190890230020663,19.716569875535964,1.1288990151016753,17.190890230020663,0.39270679751657805,4
3,16.59857113690718,18.996719083354805,1.2211733370651525,16.59857113690718,0.3646110523944842,4
4,15.958703314492292,18.38314932900198,1.1956536730333513,15.958703314492292,0.34281829940875996,4
5,15.6431676725155,17.720789268474604,1.0285389184480276,15.6431676725155,0.3250123237138202,4
6,15.23606797749979,17.129952025550992,0.8443004541761261,15.23606797749979,0.3099575857737281,4
7,15.23606797749979,16.69602952289253,0.7178824192619201,15.23606797749979,0.2969165785917264,4
8,15.23606797749979,16.459990243038845,0.5959416903989484,15.23606797749979,0.2854135950331561,4
9,15.23606797749979,16.246375733903985,0.6210206279859684,15.23606797749979,0.275123825606002,4
10,15.235270009440733,16.04206740111646,0.5957306815802419,15.235270009440733,0.2658155969197252,4
11,14.45472369909914,15.737087211161583,0.5465317940951212,14.45472369909914,0.2573178499110623,4
12,14.45472369909914,15.521459134226983,0.5532394883468927,14.45472369909914,0.24950068044161305,4
13,13.988409872672513,15.38106298312606,0.5194203819582036,13.988409872672513,0.24226311197097028,4
14,13.988409872672513,15.174197060668973,0.47232592148645364,13.988409872672513,0.23552509692533802,4
15,13.988409872672513,14.964569845300286,0.3903665159205922,13.988409872672513,0.22922210478896848,4
16,13.988409872672513,14.896749180453044,0.588431695038242,13.988409872672513,0.22330135377323262,4
17,13.988409872672513,14.794790642629435,0.552872466807126,13.988409872672513,0.21771912123039833,4
18,13.988409872672513,14.608451490541526,0.4256064295819374,13.988409872672513,0.2124387822251788,4
19,13.988409872672513,14.41420062823185,0.35942746878381493,13.988409872672513,0.20742935180324423,4
20,13.988409872672513,14.315321500549146,0.3602967526309938,13.988409872672513,0.20266438329030623,4
21,13.988409872672513,14.270223868713991,0.39923980697868217,13.988409872672513,0.19812112311696733,4
22,13.619803902718557,14.098369368360387,0.19524841136713206,13.619803902718557,0.1937798536705464,4
23,13.619803902718557,14.103046112227277,0.23289807785201005,13.619803902718557,0.18962337610830443,4
24,13.619803902718557,14.138027067195047,0.28304816614522443,13.619803902718557,0.18563659881751993,4
25,13.508304597359459,14.062647633919141,0.23373636208348442,13.508304597359459,0.18180620663885522,4
26,13.508304597359459,14.024841983372749,0.2682761463204143,13.508304597359459,0.17812039254973427,4
27,13.508304597359459,14.010986621164918,0.3218817800120835,13.508304597359459,0.17456863816821244,4
28,13.508304597359459,13.948485493468304,0.3483892737787144,13.508304597359459,0.17114153279104094,4
29,13.508304597359459,13.864132668851239,0.3461034441564587,13.508304597359459,0.16783062312258012,4
30,13.5,13.811337684999353,0.3815690780203295,13.5,0.1646282876527959,4
31,13.460232526704262,13.661465678664113,0.30675608696195944,13.460232526704262,0.16152763098621065,4
32,13.2295630140987,13.582091554021444,0.20987089750762059,13.2295630140987,0.15852239443630328,4
33,13.2295630140987,13.568668342515796,0.24125914657064965,13.2295630140987,0.1556068799704748,4
34,13.2295630140987,13.541492891985401,0.3094626010588688,13.2295630140987,0.15277588518248814,4
35,13.2295630140987,13.51142645587295,0.24170761330141702,13.2295630140987,0.15002464742764043,4
36,13.2295630140987,13.48748235042412,0.288670146509802,13.2295630140987,0.14734879561374226,4
37,13.2295630140987,13.406286279495266,0.2749174778500038,13.2295630140987,0.14474430842242098,4
38,13.2295630140987,13.350292315609522,0.2215969253562324,13.2295630140987,0.14220747795819122,4
39,13.127361849549569,13.326251947190235,0.21902352372431688,13.127361849549569,0.13973487800048634,4
40,13.127361849549569,13.303852344926037,0.21991056944786416,13.127361849549569,0.1373233361764682,4
41,13.127361849549569,13.289707394341391,0.24636510653837917,13.127361849549569,0.1349699094875484,4
42,13.127361849549569,13.303667167749966,0.30715765375871396,13.127361849549569,0.13267186271599046,4
43,13.127361849549569,13.24447800430375,0.219084384772441,13.127361849549569,0.1304266493142095,4
44,13.127361849549569,13.218620995542885,0.10051222480921242,13.127361849549569,0.12823189444191613,4
45,13.127361849549569,13.243063111063774,0.1843868283259364,13.127361849549569,0.1260853798677885,4
46,13.127361849549569,13.240341139520165,0.21134687881559455,13.127361849549569,0.12398503049501725,4
47,13.127361849549569,13.237399515137145,0.22655505678903648,13.127361849549569,0.1219289023055466,4
48,13.127361849549569,13.199811495970748,0.17245536955549007,13.127361849549569,0.11991517154745629,4
49,13.127361849549569,13.183447987315438,0.16448174685220704,13.127361849549569,0.11794212501476203,4
50,13.127361849549569,13.1791108226655,0.14608845454029515,13.127361849549569,0.11600815128981068,4
51,13.127361849549569,13.173851397793095,0.17516510880437092,13.127361849549569,0.11411173283609738,4
52,12.98309518948453,13.167834263908071,0.17985258014694733,12.98309518948453,0.11225143884429051,4
53,12.98309518948453,13.210125154190642,0.3209960293443012,12.98309518948453,0.11042591874697638,4
54,12.978232998312528,13.142404576878885,0.16405005753103702,12.978232998312528,0.10863389632848514,4
55,12.978232998312528,13.141219201533064,0.20567821090538227,12.978232998312528,0.10687416436545444,4
56,12.978232998312528,13.123998259721903,0.20099537085617192,12.978232998312528,0.10514557974175692,4
57,12.978232998312528,13.176538236623298,0.3926497402261911,12.978232998312528,0.10344705898828305,4
58,12.978232998312528,13.205430924606388,0.4498171647685938,12.978232998312528,0.10177757420399913,4
59,12.966190378969062,13.101072070283463,0.3482575910248356,12.966190378969062,0.10013614931982229,4
60,12.966190378969062,13.050995783493743,0.23620372237040926,12.966190378969062,0.09852185667131119,4
61,12.834846922834952,13.05100442422451,0.2913324349830355,12.834846922834952,0.09693381385003808,4
62,12.834846922834952,13.012777754324356,0.17137071306357765,12.834846922834952,0.09537118080688434,4
63,12.709901951359278,12.982030608954638,0.1262329039637508,12.709901951359278,0.09383315718345281,4
64,12.709901951359278,12.988760840304892,0.22659346490466747,12.709901951359278,0.09231897985037307,4
65,12.709901951359278,12.957415316683322,0.18940722918847713,12.709901951359278,0.09082792063354544,4
66,12.709901951359278,12.965455454935231,0.25673933522863224,12.709901951359278,0.08935928421136363,4
67,12.709901951359278,12.900274526887017,0.19358227134130784,12.709901951359278,0.08791240616771684,4
68,12.709901951359278,12.8468202021968,0.14830747100862432,12.709901951359278,0.0864866511871244,4
69,12.709901951359278,12.815357026454203,0.1450108151941856,12.709901951359278,0.08508141137973013,4
70,12.709901951359278,12.792858984778416,0.12343946265132763,12.709901951359278,0.08369610472510458,4
71,12.709901951359278,12.812720245101032,0.23889356875132853,12.709901951359278,0.08233017362488254,4
72,12.709901951359278,12.790460807372078,0.24550312865840013,12.709901951359278,0.08098308355522937,4
73,12.709901951359278,12.78633731125163,0.22813402858385057,12.709901951359278,0.07965432181098431,4
74,12.632455532033676,12.78405252622551,0.30158629921251673,12.632455532033676,0.07834339633409798,4
75,12.632455532033676,12.745192017115091,0.21367066758893544,12.632455532033676,0.07704983461966303,4
76,12.632455532033676,12.707754065629256,0.025835796423050797,12.632455532033676,0.07577318269345334,4
77,12.632455532033676,12.761034661503416,0.24633039964448974,12.632455532033676,0.07451300415543333,4
78,12.632455532033676,12.735725201377214,0.21761133827205556,12.632455532033676,0.07326887928419568,4
79,12.632455532033676,12.688216953948109,0.03477335603385966,12.632455532033676,0.0720404041977285,4
80,12.632455532033676,12.672727670082987,0.03869221869372056,12.632455532033676,0.07082719006631227,4
81,12.632455532033676,12.70650672971053,0.17934568156786113,12.632455532033676,0.0696288623737103,4
82,12.632455532033676,12.674577262573182,0.1484012493413796,12.632455532033676,0.06844506022313707,4
83,12.632455532033676,12.65877072545896,0.11595443040149674,12.632455532033676,0.0672754356847905,4
84,12.632455532033676,12.73602171685423,0.3342725294004712,12.632455532033676,0.06611965318199253,4
85,12.632455532033676,12.703894542610044,0.25642897939744486,12.632455532033676,0.06497738891323263,4
86,12.632455532033676,12.731390563546633,0.32588654634934044,12.632455532033676,0.063848330307619,4
87,12.632455532033676,12.68411601385715,0.24389244987652436,12.632455532033676,0.06273217551145155,4
88,12.632455532033676,12.68910078991802,0.2620124577348009,12.632455532033676,0.06162863290380183,4
89,12.589897948556635,12.684173188938223,0.2399262740810085,12.589897948556635,0.060537420639158235,4
90,12.589897948556635,12.634801056510618,0.029768942419806734,12.589897948556635,0.05945826621534128,4
91,12.589897948556635,12.653653536969937,0.1304507145927823,12.589897948556635,0.05839090606503061,4
92,12.589897948556635,12.650537867265214,0.17590415678289176,12.589897948556635,0.05733508516937402,4
93,12.589897948556635,12.64215556951856,0.09718596607150823,12.589897948556635,0.05629055669225935,4
94,12.589897948556635,12.631588250619524,0.09601952287946637,12.589897948556635,0.05525708163393872,4
95,12.589897948556635,12.621374430585035,0.09763393693011613,12.589897948556635,0.054234428502788756,4
96,12.589897948556635,12.642232174191179,0.23729184778278492,12.589897948556635,0.05322237300407823,4
97,12.589897948556635,12.626772655485656,0.2138614323703876,12.589897948556635,0.0522206977446984,4
98,12.589897948556635,12.608807917809413,0.12643053684263159,12.589897948556635,0.05122919195288139,4
99,12.589897948556635,12.651660159066864,0.25708531781930255,12.589897948556635,0.050247651212004085,4
100,12.589897948556635,12.620158807168739,0.1511119297897928,12.589897948556635,0.04927587720763693,4
101,12.589897948556635,12.61943517056271,0.14839570595574952,12.589897948556635,0.0483136774870529,4
102,12.589897948556635,12.64628950700128,0.22811762533343752,12.589897948556635,0.047360865230468896,4
103,12.589897948556635,12.589897948556636,1.7763568394002505e-15,12.589897948556635,0.046417259033339486,4
104,12.589897948556635,12.620171372661007,0.2119139687306045,12.589897948556635,0.04548268269906619,4
105,12.589897948556635,12.647631196984134,0.26372176486355087,12.589897948556635,0.044556965041532726,4
106,12.589897948556635,12.643231116928082,0.2628114060751865,12.589897948556635,0.043639939696910546,4
107,12.589897948556635,12.704302281809454,0.4340342076891108,12.589897948556635,0.04273144494421849,4
108,12.589897948556635,12.643231116928082,0.2628114060751865,12.589897948556635,0.041831323534151865,4
109,12.589897948556635,12.641641325496416,0.2560751745706686,12.589897948556635,0.04093942252572724,4
110,12.589897948556635,12.650353018825276,0.258548403302553,12.589897948556635,0.04005559313032031,4
111,12.589897948556635,12.650353018825276,0.258548403302553,12.589897948556635,0.03917969056269671,4
112,12.589897948556635,12.619354526925022,0.1572809629119023,12.589897948556635,0.03831157389866463,4
113,12.589897948556635,12.61498238913386,0.12944989396255346,12.589897948556635,0.037451105938998974,4
114,12.589897948556635,12.641544391791097,0.26926268735185416,12.589897948556635,0.036598153079306306,4
115,12.589897948556635,12.589897948556636,1.7763568394002505e-15,12.589897948556635,0.03575258518552521,4
116,12.589897948556635,12.589897948556636,1.7763568394002505e-15,12.589897948556635,0.034914275474769274,4
117,12.589897948556635,12.589897948556636,1.7763568394002505e-15,12.589897948556635,0.03408310040124124,4
118,12.589897948556635,12.60798482546664,0.09455543378087879,12.589897948556635,0.03325893954696074,4
119,12.589897948556635,12.64665932458819,0.2298696807936893,12.589897948556635,0.03244167551706445,4
120,12.589897948556635,12.599366488746925,0.06627978133202235,12.589897948556635,0.0316311938394504,4
121,12.589897948556635,12.613729765029957,0.16682271531324613,12.589897948556635,0.0308273828685533,4
122,12.589897948556635,12.602099989585504,0.0854142872020713,12.589897948556635,0.0300301336930463,4
123,12.589897948556635,12.592691249867478,0.019553109175889104,12.589897948556635,0.029239340047280238,4
124,12.589897948556635,12.61957634585327,0.1456800785384877,12.589897948556635,0.02845489822627978,4
125,12.589897948556635,12.607961886248988,0.07680401139658025,12.589897948556635,0.027676707004126444,4
126,12.589897948556635,12.607864642425547,0.07633060156249302,12.589897948556635,0.02690466755556653,4
127,12.589897948556635,12.599859920443441,0.05348249824118017,12.589897948556635,0.026138683380694916,4
128,12.589897948556635,12.617561516560432,0.1510174159674992,12.589897948556635,0.025378660232568573,4
129,12.589897948556635,12.589897948556636,1.7763568394002505e-15,12.589897948556635,0.02462450604761518,4
130,12.589897948556635,12.589897948556636,1.7763568394002505e-15,12.589897948556635,0.023876130878708435,4
131,12.589897948556635,12.589897948556636,1.7763568394002505e-15,12.589897948556635,0.023133446830787552,4
132,12.589897948556635,12.619284288020062,0.11857252462360665,12.589897948556635,0.022396367998906985,4
133,12.589897948556635,12.700502965182205,0.3705018936407272,12.589897948556635,0.02166481040860574,4
134,12.589897948556635,12.653645006737484,0.27975425631464196,12.589897948556635,0.020938691958494182,4
135,12.589897948556635,12.658125238571523,0.2867019736697963,12.589897948556635,0.020217932364959,4
136,12.589897948556635,12.602242125209234,0.08640923656818784,12.589897948556635,0.019502453108893703,4
137,12.589897948556635,12.604298028612689,0.10080056039237027,12.589897948556635,0.01879217738436656,4
138,12.589897948556635,12.589897948556636,1.7763568394002505e-15,12.589897948556635,0.018087030049141528,4
139,12.589897948556635,12.60339821086685,0.09450183617150043,12.589897948556635,0.017386937576972405,4
140,12.589897948556635,12.600749100226176,0.07595806168678579,12.589897948556635,0.0166918280115953,4
141,12.589897948556635,12.602099989585504,0.08541428720207131,12.589897948556635,0.016001630922346743,4
142,12.589897948556635,12.602099989585504,0.0854142872020713,12.589897948556635,0.015316277361338337,4
143,12.589897948556635,12.602099989585504,0.08541428720207131,12.589897948556635,0.014635699822124648,4
144,12.589897948556635,12.589897948556636,1.7763568394002505e-15,12.589897948556635,0.013959832199800903,4
145,12.589897948556635,12.600749100226176,0.07595806168678579,12.589897948556635,0.01328860975247148,4
146,12.589897948556635,12.589897948556636,1.7763568394002505e-15,12.589897948556635,0.0126219690640344,4
147,12.589897948556635,12.589897948556636,1.7763568394002505e-15,12.589897948556635,0.011959848008226526,4
148,12.589897948556635,12.589897948556636,1.7763568394002505e-15,12.589897948556635,0.011302185713879864,4
149,12.589897948556635,12.589897948556636,1.7763568394002505e-15,12.589897948556635,0.010648922531340144,4
150,12.589897948556635,12.599076166548906,0.06424752594589243,12.589897948556635,0.010000000000000009,4
0,18.72474487139159,20.797322019873782,0.9614431746575625,18.72474487139159,0.5,5
1,16.95411901469428,20.20931369095793,0.9730704272153582,16.95411901469428,0.4323055261972421,5
2,16.115167380558045,19.58575520759426,1.2461221906037734,16.115167380558045,0.39270679751657805,5
3,16.115167380558045,18.85271194224829,1.435707816847721,16.115167380558045,0.3646110523944842,5
4,15.926225293941798,18.12274388632939,1.3871310958265393,15.926225293941798,0.34281829940875996,5
5,15.892415526630865,17.423230923499077,1.1091105666342447,15.892415526630865,0.3250123237138202,5
6,15.37082869338697,16.806342847068986,0.8111309474882049,15.37082869338697,0.3099575857737281,5
7,15.37082869338697,16.459764222587122,0.6155170131062082,15.37082869338697,0.2969165785917264,5
8,15.37082869338697,16.231022811910016,0.525903953725177,15.37082869338697,0.2854135950331561,5
9,15.341653005427768,16.081722795742632,0.5547156989427909,15.341653005427768,0.275123825606002,5
10,15.034387974463899,15.931048475062834,0.5667494208725729,15.034387974463899,0.2658155969197252,5
11,15.034387974463899,15.775601148490694,0.4725443511529163,15.034387974463899,0.2573178499110623,5
12,15.034387974463899,15.616430447301363,0.3566625859620443,15.034387974463899,0.24950068044161305,5
13,15.034387974463899,15.484136621544058,0.30781509905934146,15.034387974463899,0.24226311197097028,5
14,15.034387974463899,15.467911963301363,0.39513474374183877,15.034387974463899,0.23552509692533802,5
15,15.034387974463899,15.424673987567763,0.45519948914381947,15.034387974463899,0.22922210478896848,5
16,15.003123475609394,15.324103170175869,0.366627064534452,15.003123475609394,0.22330135377323262,5
17,15.003123475609394,15.27486598933502,0.3528425249218243,15.003123475609394,0.21771912123039833,5
18,14.646536616149586,15.169961844266366,0.212555855476092,14.646536616149586,0.2124387822251788,5
19,14.420465053408524,15.130446463662206,0.23563254541624007,14.420465053408524,0.20742935180324423,5
20,14.420465053408524,15.12154710407999,0.34955117712199935,14.420465053408524,0.20266438329030623,5
21,14.420465053408524,15.08202915239318,0.3635314518544315,14.420465053408524,0.19812112311696733,5
22,14.420465053408524,15.017131293296906,0.23695888683132502,14.420465053408524,0.1937798536705464,5
23,14.420465053408524,14.946164366617163,0.2660562743879594,14.420465053408524,0.18962337610830443,5
24,14.420465053408524,14.837461271402757,0.2552023864517516,14.420465053408524,0.18563659881751993,5
25,14.420465053408524,14.805439956077056,0.4533154336318225,14.420465053408524,0.18180620663885522,5
26,14.38494332412792,14.757303581627106,0.5532877171682088,14.38494332412792,0.17812039254973427,5
27,14.38494332412792,14.608983942343384,0.4267433114956203,14.38494332412792,0.17456863816821244,5
28,14.38494332412792,14.58547692121905,0.3385142275442318,14.38494332412792,0.17114153279104094,5
29,14.333907960581373,14.550821782361998,0.28776422260290346,14.333907960581373,0.16783062312258012,5
30,14.333907960581373,14.508693594196679,0.25502105053835716,14.333907960581373,0.1646282876527959,5
31,14.32763633939717,14.546912760402318,0.405493507632276,14.32763633939717,0.16152763098621065,5
32,14.077902338672773,14.477305436265276,0.2635119763950202,14.077902338672773,0.15852239443630328,5
33,14.077902338672773,14.501143128182882,0.423267877506333,14.077902338672773,0.1556068799704748,5
34,14.077902338672773,14.468050193196948,0.38783007897794036,14.077902338672773,0.15277588518248814,5
35,14.077902338672773,14.456936987084259,0.3517522996438685,14.077902338672773,0.15002464742764043,5
36,14.077902338672773,14.402357659893818,0.28911315991230213,14.077902338672773,0.14734879561374226,5
37,14.015167380558044,14.378584670457336,0.2887817774222026,14.015167380558044,0.14474430842242098,5
38,13.994438717061497,14.360805910719266,0.44449471983157585,13.994438717061497,0.14220747795819122,5
39,13.994438717061497,14.26348301354123,0.2671804987977799,13.994438717061497,0.13973487800048634,5
40,13.937715508089905,14.23762838025206,0.3479188223249201,13.937715508089905,0.1373233361764682,5
41,13.845207879911715,14.183913747894847,0.330579708692651,13.845207879911715,0.1349699094875484,5
42,13.845207879911715,14.118921390108842,0.2774335235267859,13.845207879911715,0.13267186271599046,5
43,13.845207879911715,14.05771252401331,0.17389425517799256,13.845207879911715,0.1304266493142095,5
44,13.845207879911715,14.030198969385998,0.11293859420511158,13.845207879911715,0.12823189444191613,5
45,13.845207879911715,14.054804161614943,0.30077487748611564,13.845207879911715,0.1260853798677885,5
46,13.845207879911715,14.033472178051477,0.27584381373629624,13.845207879911715,0.12398503049501725,5
47,13.845207879911715,13.972496075452696,0.1324768194319357,13.845207879911715,0.1219289023055466,5
48,13.845207879911715,13.958086211453745,0.25526103357296304,13.845207879911715,0.11991517154745629,5
49,13.845207879911715,13.968167721726813,0.2810860350340448,13.845207879911715,0.11794212501476203,5
50,13.845207879911715,13.89700239952874,0.09333722609593507,13.845207879911715,0.11600815128981068,5
51,13.801999200639361,13.935461432049902,0.2733214453391743,13.801999200639361,0.11411173283609738,5
52,13.801999200639361,13.951385369452225,0.34541727985368587,13.801999200639361,0.11225143884429051,5
53,13.763976744055029,13.952554753130471,0.3139188607967269,13.763976744055029,0.11042591874697638,5
54,13.50454076850486,13.870625532320208,0.1491912967563032,13.50454076850486,0.10863389632848514,5
55,13.50454076850486,13.839735114065622,0.13220733065106338,13.50454076850486,0.10687416436545444,5
56,13.50454076850486,13.832338664949289,0.14965229908164113,13.50454076850486,0.10514557974175692,5
57,13.50454076850486,13.827805124314846,0.20491952124781912,13.50454076850486,0.10344705898828305,5
58,13.50454076850486,13.77421796178977,0.18986747854091648,13.50454076850486,0.10177757420399913,5
59,13.50454076850486,13.742360003947262,0.21051020281107596,13.50454076850486,0.10013614931982229,5
60,13.50454076850486,13.647810608375549,0.19250812815935797,13.50454076850486,0.09852185667131119,5
61,13.50454076850486,13.62550370382945,0.1960575970345762,13.50454076850486,0.09693381385003808,5
62,13.50454076850486,13.575753823455413,0.18422488929153796,13.50454076850486,0.09537118080688434,5
63,13.50454076850486,13.585126920916284,0.28468478591227464,13.50454076850486,0.09383315718345281,5
64,13.50454076850486,13.60356242929943,0.4175721957192068,13.50454076850486,0.09231897985037307,5
65,13.50454076850486,13.540599812772816,0.2524133098757082,13.50454076850486,0.09082792063354544,5
66,13.493468988235943,13.521842469131638,0.1227033740869709,13.493468988235943,0.08935928421136363,5
67,13.493468988235943,13.543357728531937,0.16140353447344644,13.493468988235943,0.08791240616771684,5
68,13.493468988235943,13.542914857321183,0.16152458019296875,13.493468988235943,0.0864866511871244,5
69,13.493468988235943,13.559245170789666,0.19719060401143015,13.493468988235943,0.08508141137973013,5
70,13.493468988235943,13.52303045027728,0.10627897207222052,13.493468988235943,0.08369610472510458,5
71,13.493468988235943,13.520885311710062,0.10323841002068473,13.493468988235943,0.08233017362488254,5
72,13.493468988235943,13.513292391519794,0.07443458989188838,13.493468988235943,0.08098308355522937,5
73,13.493468988235943,13.563352923548686,0.2507515396024615,13.493468988235943,0.07965432181098431,5
74,13.493468988235943,13.603799801981381,0.34260432505576716,13.493468988235943,0.07834339633409798,5
75,13.493468988235943,13.522042479681982,0.19686302014445628,13.493468988235943,0.07704983461966303,5
76,13.372004514666935,13.530729777079614,0.1524625251655625,13.372004514666935,0.07577318269345334,5
77,13.372004514666935,13.519428789017743,0.2177265714590229,13.372004514666935,0.07451300415543333,5
78,13.372004514666935,13.492643923951464,0.054524565383021556,13.372004514666935,0.07326887928419568,5
79,13.372004514666935,13.533125313876074,0.25325764419931596,13.372004514666935,0.0720404041977285,5
80,13.372004514666935,13.519374641332277,0.25266139571719815,13.372004514666935,0.07082719006631227,5
81,13.372004514666935,13.52240915933531,0.3208211038359346,13.372004514666935,0.0696288623737103,5
82,13.372004514666935,13.556779962512802,0.38858249897394165,13.372004514666935,0.06844506022313707,5
83,13.372004514666935,13.482683076933117,0.2503379007777585,13.372004514666935,0.0672754356847905,5
84,13.372004514666935,13.42477465719589,0.1402036259142548,13.372004514666935,0.06611965318199253,5
85,13.372004514666935,13.460391095955288,0.2926818984487726,13.372004514666935,0.06497738891323263,5
86,13.359591794226542,13.421144265315029,0.228225192837943,13.359591794226542,0.063848330307619,5
87,13.193737745050923,13.389263331284457,0.10523809834477418,13.193737745050923,0.06273217551145155,5
88,13.193737745050923,13.380018337428638,0.08882636000357094,13.193737745050923,0.06162863290380183,5
89,13.193737745050923,13.414140989935008,0.2511236252567022,13.193737745050923,0.060537420639158235,5
90,13.193737745050923,13.368297825380694,0.1364464756646957,13.193737745050923,0.05945826621534128,5
91,13.193737745050923,13.34970332360356,0.10406887059765874,13.193737745050923,0.05839090606503061,5
92,13.193737745050923,13.351647571534086,0.20889405075128076,13.193737745050923,0.05733508516937402,5
93,13.193737745050923,13.327446980004089,0.25856995662933074,13.193737745050923,0.05629055669225935,5
94,13.193737745050923,13.28109843114933,0.23551667125443207,13.193737745050923,0.05525708163393872,5
95,13.193737745050923,13.226200670096075,0.07102672480304237,13.193737745050923,0.054234428502788756,5
96,13.193737745050923,13.27856986288734,0.2489062572811958,13.193737745050923,0.05322237300407823,5
97,13.193737745050923,13.246899570302219,0.18625135423283526,13.193737745050923,0.0522206977446984,5
98,13.193737745050923,13.241045192155163,0.1900028647261921,13.193737745050923,0.05122919195288139,5
99,13.193737745050923,13.25708781280111,0.22523944145703859,13.193737745050923,0.050247651212004085,5
100,13.193737745050923,13.252904900020235,0.2339342924257321,13.193737745050923,0.04927587720763693,5
101,13.193737745050923,13.265864985140075,0.28726411467548135,13.193737745050923,0.0483136774870529,5
102,13.193737745050923,13.245249059977468,0.2632519667917215,13.193737745050923,0.047360865230468896,5
103,13.193737745050923,13.204092346683142,0.05097351122320328,13.193737745050923,0.046417259033339486,5
104,13.193737745050923,13.242902238276747,0.2830720420086071,13.193737745050923,0.04548268269906619,5
105,13.193737745050923,13.229956461086799,0.1465943814794727,13.193737745050923,0.044556965041532726,5
106,13.193737745050923,13.207862990149906,0.09887671569287086,13.193737745050923,0.043639939696910546,5
107,13.193737745050923,13.207862990149906,0.09887671569287086,13.193737745050923,0.04273144494421849,5
108,13.193737745050923,13.236769674108219,0.22339247841010731,13.193737745050923,0.041831323534151865,5
109,13.193737745050923,13.232782971863172,0.19875077898706833,13.193737745050923,0.04093942252572724,5
110,13.193737745050923,13.232360237915882,0.16674708124525395,13.193737745050923,0.04005559313032031,5
111,13.193737745050923,13.23758889910595,0.1961901929933769,13.193737745050923,0.03917969056269671,5
112,13.024807680927193,13.213303613865165,0.13691956741437525,13.024807680927193,0.03831157389866463,5
113,13.024807680927193,13.221344023090445,0.15955601510539233,13.024807680927193,0.037451105938998974,5
114,13.024807680927193,13.216546411300214,0.16993026707711495,13.024807680927193,0.036598153079306306,5
115,13.024807680927193,13.173466137356076,0.054895773145551885,13.024807680927193,0.03575258518552521,5
116,13.024807680927193,13.162195211358949,0.08284732115361856,13.024807680927193,0.034914275474769274,5
117,13.024807680927193,13.132922921966381,0.08108643077939036,13.024807680927193,0.03408310040124124,5
118,13.024807680927193,13.105832591407621,0.09073595329594623,13.024807680927193,0.03325893954696074,5
119,13.024807680927193,13.075425179865352,0.08425670393777981,13.024807680927193,0.03244167551706445,5
120,12.878232998312527,13.074212118206587,0.11904371876693237,12.878232998312527,0.0316311938394504,5
121,12.878232998312527,13.050066398519784,0.08163421949285243,12.878232998312527,0.0308273828685533,5
122,12.86287388383278,13.061080890258967,0.17996291220582222,12.86287388383278,0.0300301336930463,5
123,12.86287388383278,13.019758197262489,0.10233371573138353,12.86287388383278,0.029239340047280238,5
124,12.86287388383278,12.985403900775292,0.06785673594982215,12.86287388383278,0.02845489822627978,5
125,12.86287388383278,12.959279221163724,0.07355364672255767,12.86287388383278,0.027676707004126444,5
126,12.86287388383278,12.923460121018032,0.06385255738928841,12.86287388383278,0.02690466755556653,5
127,12.86287388383278,12.909797843721458,0.1165527092051796,12.86287388383278,0.026138683380694916,5
128,12.86287388383278,12.876903887503214,0.03299953340762139,12.86287388383278,0.025378660232568573,5
129,12.86287388383278,12.884676304578784,0.11913692409985421,12.86287388383278,0.02462450604761518,5
130,12.756465996625053,12.894423275745268,0.21157070757566204,12.756465996625053,0.023876130878708435,5
131,12.756465996625053,12.891066388842738,0.21253303666199735,12.756465996625053,0.023133446830787552,5
132,12.756465996625053,12.876024089032404,0.13995218284492822,12.756465996625053,0.022396367998906985,5
133,12.756465996625053,12.859747348332485,0.07744511509132997,12.756465996625053,0.02166481040860574,5
134,12.756465996625053,12.905588839487724,0.40929456813840637,12.756465996625053,0.020938691958494182,5
135,12.756465996625053,12.818182571205535,0.05251851796137241,12.756465996625053,0.020217932364959,5
136,12.756465996625053,12.80994176521437,0.1262913301791492,12.756465996625053,0.019502453108893703,5
137,12.756465996625053,12.79078834551698,0.12487217203354724,12.756465996625053,0.01879217738436656,5
138,12.756465996625053,12.76497862760167,0.028867736153999072,12.756465996625053,0.018087030049141528,5
139,12.756465996625053,12.779772327612159,0.10632640317783519,12.756465996625053,0.017386937576972405,5
140,12.756465996625053,12.790189149434891,0.16649815653250813,12.756465996625053,0.0166918280115953,5
141,12.756465996625053,12.785508834981547,0.20329986849546436,12.756465996625053,0.016001630922346743,5
142,12.756465996625053,12.756465996625051,1.7763568394002505e-15,12.756465996625053,0.015316277361338337,5
143,12.756465996625053,12.756465996625051,1.7763568394002505e-15,12.756465996625053,0.014635699822124648,5
144,12.756465996625053,12.756465996625051,1.7763568394002505e-15,12.756465996625053,0.013959832199800903,5
145,12.756465996625053,12.756465996625051,1.7763568394002505e-15,12.756465996625053,0.01328860975247148,5
146,12.756465996625053,12.756465996625051,1.7763568394002505e-15,12.756465996625053,0.0126219690640344,5
147,12.756465996625053,12.756465996625051,1.7763568394002505e-15,12.756465996625053,0.011959848008226526,5
148,12.756465996625053,12.761668178468758,0.03641527290593593,12.756465996625053,0.011302185713879864,5
149,12.756465996625053,12.756465996625051,1.7763568394002505e-15,12.756465996625053,0.010648922531340144,5
150,12.756465996625053,12.756465996625051,1.7763568394002505e-15,12.756465996625053,0.010000000000000009,5
0,18.183266665599966,20.77560305615962,1.041728335259792,18.183266665599966,0.5,6
1,18.183266665599966,20.230556038021717,0.9956655994367363,18.183266665599966,0.4323055261972421,6
2,17.815587038162704,19.742001399300296,0.9787973358414318,17.815587038162704,0.39270679751657805,6
3,15.538722287164088,19.093068411737644,1.2656026673101,15.538722287164088,0.3646110523944842,6
4,15.538722287164088,18.2911631285006,1.496320712326302,15.538722287164088,0.34281829940875996,6
5,14.991454509095757,17.592761526285386,1.3357350408210507,14.991454509095757,0.3250123237138202,6
6,14.991454509095757,17.042301598283824,1.2420611384059417,14.991454509095757,0.3099575857737281,6
7,14.991454509095757,16.490130198207957,1.0545386035160433,14.991454509095757,0.2969165785917264,6
8,14.991454509095757,16.05613342147793,0.7635606264660234,14.991454509095757,0.2854135950331561,6
9,14.80609303352956,15.7451755744981,0.7372282821397831,14.80609303352956,0.275123825606002,6
10,14.80609303352956,15.456220203688906,0.5412956860391698,14.80609303352956,0.2658155969197252,6
11,14.752396473549934,15.37589283785498,0.5366613421352744,14.752396473549934,0.2573178499110623,6
12,14.752396473549934,15.287257735588021,0.5627663760139124,14.752396473549934,0.24950068044161305,6
13,14.752396473549934,15.068464766349363,0.33709735661661183,14.752396473549934,0.24226311197097028,6
14,14.752396473549934,14.995778737648916,0.31702370492852777,14.752396473549934,0.23552509692533802,6
15,14.214674215792776,14.94889820556228,0.31507565883493543,14.214674215792776,0.22922210478896848,6
16,14.471750305430742,14.948496156485641,0.4612279363404436,14.214674215792776,0.22330135377323262,6
17,14.471750305430742,14.864492491010068,0.2684423474063955,14.214674215792776,0.21771912123039833,6
18,14.471750305430742,14.810681088436915,0.2571590265886928,14.214674215792776,0.2124387822251788,6
19,14.254996671103717,14.711839006807994,0.16567217607243476,14.214674215792776,0.20742935180324423,6
20,14.254996671103717,14.710906150050105,0.28439578589797254,14.214674215792776,0.20266438329030623,6
21,13.73238075793812,14.715118664795902,0.39480239687988167,13.73238075793812,0.19812112311696733,6
22,13.73238075793812,14.645951841613925,0.5128880036200048,13.73238075793812,0.1937798536705464,6
23,13.73238075793812,14.524520450571144,0.34245761885672915,13.73238075793812,0.18962337610830443,6
24,13.73238075793812,14.507929687043793,0.41450151147928266,13.73238075793812,0.18563659881751993,6
25,13.73238075793812,14.385755291716762,0.37545375393001673,13.73238075793812,0.18180620663885522,6
26,13.73238075793812,14.324080086707646,0.3548735904720971,13.73238075793812,0.17812039254973427,6
27,13.5494443758404,14.21231685582464,0.4046792767130062,13.5494443758404,0.17456863816821244,6
28,13.5494443758404,14.118839330867267,0.4797950148229198,13.5494443758404,0.17114153279104094,6
29,13.5494443758404,14.0012034373676,0.3786352949538692,13.5494443758404,0.16783062312258012,6
30,13.5494443758404,14.039859912459852,0.5686135986842739,13.5494443758404,0.1646282876527959,6
31,13.5494443758404,13.926116094480516,0.47352098672939824,13.5494443758404,0.16152763098621065,6
32,13.5494443758404,13.75449122566602,0.3022212485152149,13.5494443758404,0.15852239443630328,6
33,13.5494443758404,13.679401916198296,0.29103480604673454,13.5494443758404,0.1556068799704748,6
34,13.5494443758404,13.613355386088413,0.14046171113272263,13.5494443758404,0.15277588518248814,6
35,13.5494443758404,13.614778155907738,0.17055074897089326,13.5494443758404,0.15002464742764043,6
36,13.5494443758404,13.668659151476923,0.3774209770889448,13.5494443758404,0.14734879561374226,6
37,13.5494443758404,13.612180818075926,0.18173714757341433,13.5494443758404,0.14474430842242098,6
38,13.5494443758404,13.609058480981233,0.1851882288504157,13.5494443758404,0.14220747795819122,6
39,13.5494443758404,13.736527679890369,0.529701164306198,13.5494443758404,0.13973487800048634,6
40,13.5494443758404,13.749972445089993,0.5272765582265497,13.5494443758404,0.1373233361764682,6
41,13.5494443758404,13.675879003865271,0.38253123681521767,13.5494443758404,0.1349699094875484,6
42,13.5494443758404,13.676011519986478,0.38275196369451225,13.5494443758404,0.13267186271599046,6
43,13.5494443758404,13.692612145280957,0.40273282047256675,13.5494443758404,0.1304266493142095,6
44,13.5494443758404,13.691411411043736,0.446611894509547,13.5494443758404,0.12823189444191613,6
45,13.5494443758404,13.686543995557722,0.41607132943083386,13.5494443758404,0.1260853798677885,6
46,13.5494443758404,13.63525796561962,0.26478972838925396,13.5494443758404,0.12398503049501725,6
47,13.5494443758404,13.668261610846661,0.34628898505777367,13.5494443758404,0.1219289023055466,6
48,13.5494443758404,13.634147583018716,0.28290110104797783,13.5494443758404,0.11991517154745629,6
49,13.5494443758404,13.600426275161816,0.16976500982912612,13.5494443758404,0.11794212501476203,6
50,13.5494443758404,13.651354715906642,0.3707494363020724,13.5494443758404,0.11600815128981068,6
51,13.5494443758404,13.630100521963122,0.39328850471248017,13.5494443758404,0.11411173283609738,6
52,13.5494443758404,13.61104182712168,0.19236688588876508,13.5494443758404,0.11225143884429051,6
53,13.5494443758404,13.565136646374313,0.10984589373740679,13.5494443758404,0.11042591874697638,6
54,13.5494443758404,13.579661984854424,0.14815038551770315,13.5494443758404,0.10863389632848514,6
55,13.5494443758404,13.589321904038343,0.15060010798696702,13.5494443758404,0.10687416436545444,6
56,13.5494443758404,13.603941197223888,0.17545958232608244,13.5494443758404,0.10514557974175692,6
57,13.5494443758404,13.592273649406525,0.1220923559762107,13.5494443758404,0.10344705898828305,6
58,13.5494443758404,13.648635899015552,0.2129486691326698,13.5494443758404,0.10177757420399913,6
59,13.5494443758404,13.640485587405449,0.2898315644244206,13.5494443758404,0.10013614931982229,6
60,13.5494443758404,13.598924362435923,0.15711981276641415,13.5494443758404,0.09852185667131119,6
61,13.5494443758404,13.639334585647946,0.35428749439913154,13.5494443758404,0.09693381385003808,6
62,13.5494443758404,13.605811771811762,0.18865251293519822,13.5494443758404,0.09537118080688434,6
63,13.5494443758404,13.573416051564218,0.10444743540868862,13.5494443758404,0.09383315718345281,6
64,13.5494443758404,13.579151298104694,0.10590856866449948,13.5494443758404,0.09231897985037307,6
65,13.5494443758404,13.590054511098415,0.169975757288457,13.5494443758404,0.09082792063354544,6
66,13.5494443758404,13.591005522211034,0.17462912449644283,13.5494443758404,0.08935928421136363,6
67,13.5494443758404,13.601835486090808,0.15277210632186858,13.5494443758404,0.08791240616771684,6
68,13.5494443758404,13.594651423165608,0.14852748971661867,13.5494443758404,0.0864866511871244,6
69,13.5494443758404,13.57962973642126,0.11304242538285708,13.5494443758404,0.08508141137973013,6
70,13.5494443758404,13.620271944885191,0.3122083350684565,13.5494443758404,0.08369610472510458,6
71,13.5494443758404,13.661908688679214,0.42014674704103167,13.5494443758404,0.08233017362488254,6
72,13.5494443758404,13.703595218354769,0.45144620344137065,13.5494443758404,0.08098308355522937,6
73,13.5494443758404,13.648419196500335,0.2969531915682832,13.5494443758404,0.07965432181098431,6
74,13.5494443758404,13.671063962842508,0.38113642338267517,13.5494443758404,0.07834339633409798,6
75,13.5494443758404,13.581867686206207,0.13851120599861444,13.5494443758404,0.07704983461966303,6
76,13.5494443758404,13.56952322875503,0.11113117490743739,13.5494443758404,0.07577318269345334,6
77,13.5494443758404,13.59593174752981,0.21321987674226278,13.5494443758404,0.07451300415543333,6
78,13.5494443758404,13.56398656453427,0.07518548644397685,13.5494443758404,0.07326887928419568,6
79,13.5494443758404,13.565596809345937,0.11306703453876382,13.5494443758404,0.0720404041977285,6
80,13.5494443758404,13.577754769239304,0.14012271932695,13.5494443758404,0.07082719006631227,6
81,13.5494443758404,13.566301752123454,0.08266072499760733,13.5494443758404,0.0696288623737103,6
82,13.5494443758404,13.599153602588363,0.2957501707804369,13.5494443758404,0.06844506022313707,6
83,13.5494443758404,13.652719446866277,0.38889669092184453,13.5494443758404,0.0672754356847905,6
84,13.5494443758404,13.59989183050957,0.2966772780516379,13.5494443758404,0.06611965318199253,6
85,13.5494443758404,13.556428179410652,0.03761326305837049,13.5494443758404,0.06497738891323263,6
86,13.5494443758404,13.572162203034436,0.11402039017827992,13.5494443758404,0.063848330307619,6
87,13.5494443758404,13.605259155254634,0.18443859130872056,13.5494443758404,0.06273217551145155,6
88,13.5494443758404,13.581466676279456,0.10022862481031487,13.5494443758404,0.06162863290380183,6
89,13.5494443758404,13.603685796499054,0.2173249971046672,13.5494443758404,0.060537420639158235,6
90,13.5494443758404,13.607672757786045,0.221822939086857,13.5494443758404,0.05945826621534128,6
91,13.5494443758404,13.569773524480897,0.10176574794713482,13.5494443758404,0.05839090606503061,6
92,13.5494443758404,13.569773524480897,0.1017657479471348,13.5494443758404,0.05733508516937402,6
93,13.5494443758404,13.57774730164165,0.11448249618912958,13.5494443758404,0.05629055669225935,6
94,13.5494443758404,13.549444375840398,1.7763568394002505e-15,13.5494443758404,0.05525708163393872,6
95,13.5494443758404,13.595493628803638,0.25040218257306723,13.5494443758404,0.054234428502788756,6
96,13.5494443758404,13.583335668910268,0.23723905148908564,13.5494443758404,0.05322237300407823,6
97,13.5494443758404,13.570191216590393,0.11471429870698992,13.5494443758404,0.0522206977446984,6
98,13.5494443758404,13.570142221635955,0.14488492056888244,13.5494443758404,0.05122919195288139,6
99,13.5494443758404,13.549444375840398,1.7763568394002505e-15,13.5494443758404,0.050247651212004085,6
100,13.5494443758404,13.568121223884296,0.13073793630728028,13.5494443758404,0.04927587720763693,6
101,13.5494443758404,13.58507908490769,0.16571801557148264,13.5494443758404,0.0483136774870529,6
102,13.5494443758404,13.598647336078294,0.26119039863704124,13.5494443758404,0.047360865230468896,6
103,13.5494443758404,13.59864733607829,0.26119039863704135,13.5494443758404,0.046417259033339486,6
104,13.5494443758404,13.629363692080727,0.3338098033782755,13.5494443758404,0.04548268269906619,6
105,13.5494443758404,13.645477472093908,0.34867810610846695,13.5494443758404,0.044556965041532726,6
106,13.5494443758404,13.588816448725934,0.17862992476530065,13.5494443758404,0.043639939696910546,6
107,13.5494443758404,13.559143247812868,0.06789210380728981,13.5494443758404,0.04273144494421849,6
108,13.5494443758404,13.578095511301912,0.14779016503675707,13.5494443758404,0.041831323534151865,6
109,13.5494443758404,13.57448654419044,0.1258853957683118,13.5494443758404,0.04093942252572724,6
110,13.5494443758404,13.57448654419044,0.12588539576831181,13.5494443758404,0.04005559313032031,6
111,13.5494443758404,13.589829840568008,0.16313826800799763,13.5494443758404,0.03917969056269671,6
112,13.494438717061497,13.580183431793467,0.15674663597025124,13.494438717061497,0.03831157389866463,6
113,13.494438717061497,13.594444090075635,0.24618931093272456,13.494438717061497,0.037451105938998974,6
114,13.494438717061497,13.60497305030085,0.2954727061588291,13.494438717061497,0.036598153079306306,6
115,13.494438717061497,13.55661165626962,0.10688871067378222,13.494438717061497,0.03575258518552521,6
116,13.494438717061497,13.57200347439919,0.24540516409495827,13.494438717061497,0.034914275474769274,6
117,13.494438717061497,13.57613172908184,0.1964254483626787,13.494438717061497,0.03408310040124124,6
118,13.494438717061497,13.534346167277588,0.0834124663866415,13.494438717061497,0.03325893954696074,6
119,13.494438717061497,13.548068501816736,0.16559575650609962,13.494438717061497,0.03244167551706445,6
120,13.494438717061497,13.523147873756239,0.11926511751056185,13.494438717061497,0.0316311938394504,6
121,13.494438717061497,13.52210535010142,0.12477591537266208,13.494438717061497,0.0308273828685533,6
122,13.494438717061497,13.524661218107221,0.14970625714279284,13.494438717061497,0.0300301336930463,6
123,13.494438717061497,13.529723194010579,0.2392572976240065,13.494438717061497,0.029239340047280238,6
124,13.494438717061497,13.577503670578459,0.41351463397393723,13.494438717061497,0.02845489822627978,6
125,13.494438717061497,13.60455487221801,0.4498410240230465,13.494438717061497,0.027676707004126444,6
126,13.494438717061497,13.537011944737447,0.2163852130025677,13.494438717061497,0.02690466755556653,6
127,13.494438717061497,13.494438717061495,1.7763568394002505e-15,13.494438717061497,0.026138683380694916,6
128,13.494438717061497,13.494438717061495,1.7763568394002505e-15,13.494438717061497,0.025378660232568573,6
129,13.494438717061497,13.50773747140197,0.09089711940595663,13.494438717061497,0.02462450604761518,6
130,13.494438717061497,13.497330220986578,0.02024052747558553,13.494438717061497,0.023876130878708435,6
131,13.494438717061497,13.494438717061495,1.7763568394002505e-15,13.494438717061497,0.023133446830787552,6
132,13.494438717061497,13.543319306804955,0.34216412820421044,13.494438717061497,0.022396367998906985,6
133,13.494438717061497,13.54363013405577,0.3421266400859536,13.494438717061497,0.02166481040860574,6
134,13.494438717061497,13.558841332841356,0.35688173163929343,13.494438717061497,0.020938691958494182,6
135,13.494438717061497,13.543319306804955,0.34216412820421044,13.494438717061497,0.020217932364959,6
136,13.494438717061497,13.494438717061495,1.7763568394002505e-15,13.494438717061497,0.019502453108893703,6
137,13.494438717061497,13.54361100792466,0.2593116273202492,13.494438717061497,0.01879217738436656,6
138,13.494438717061497,13.509426644151159,0.10491548962762225,13.494438717061497,0.018087030049141528,6
139,13.494438717061497,13.514771823061338,0.14233174199888862,13.494438717061497,0.017386937576972405,6
140,13.494438717061497,13.514771823061338,0.14233174199888862,13.494438717061497,0.0166918280115953,6
141,13.494438717061497,13.514771823061338,0.14233174199888862,13.494438717061497,0.016001630922346743,6
142,13.494438717061497,13.514771823061338,0.14233174199888862,13.494438717061497,0.015316277361338337,6
143,13.494438717061497,13.552213715344106,0.2956832332737284,13.494438717061497,0.014635699822124648,6
144,13.494438717061497,13.531880609344267,0.26209324597938094,13.494438717061497,0.013959832199800903,6
145,13.494438717061497,13.53926311925614,0.26610263148560265,13.494438717061497,0.01328860975247148,6
146,13.494438717061497,13.494438717061495,1.7763568394002505e-15,13.494438717061497,0.0126219690640344,6
147,13.494438717061497,13.494438717061495,1.7763568394002505e-15,13.494438717061497,0.011959848008226526,6
148,13.494438717061497,13.494438717061495,1.7763568394002505e-15,13.494438717061497,0.011302185713879864,6
149,13.494438717061497,13.494438717061495,1.7763568394002505e-15,13.494438717061497,0.010648922531340144,6
150,13.494438717061497,13.494438717061495,1.7763568394002505e-15,13.494438717061497,0.010000000000000009,6
0,19.169693845669904,20.861476433412935,0.8704830710910632,19.169693845669904,0.5,7
1,15.164054992217052,20.270790132656973,1.140372694697166,15.164054992217052,0.4323055261972421,7
2,15.164054992217052,19.721967326483323,1.342608481739492,15.164054992217052,0.39270679751657805,7
3,14.841653005427768,18.91917337513358,1.5357312749611234,14.841653005427768,0.3646110523944842,7
4,14.74131112314674,18.17188849357363,1.7545027480658857,14.74131112314674,0.34281829940875996,7
5,14.493468988235943,17.328631847278864,1.6110968497004783,14.493468988235943,0.3250123237138202,7
6,14.493468988235943,16.493946113451834,1.4441071676986745,14.493468988235943,0.3099575857737281,7
7,14.493468988235943,15.871708037148956,1.2160480309286414,14.493468988235943,0.2969165785917264,7
8,14.493468988235943,15.422113243696879,0.955596816945316,14.493468988235943,0.2854135950331561,7
9,14.493468988235943,15.098661229740038,0.491894864280108,14.493468988235943,0.275123825606002,7
10,14.344994432064365,15.023770555808596,0.5166356389784376,14.344994432064365,0.2658155969197252,7
11,14.344994432064365,14.899883944725126,0.42297105458963363,14.344994432064365,0.2573178499110623,7
12,14.344994432064365,14.832550856308552,0.44181531007593994,14.344994432064365,0.24950068044161305,7
13,14.344994432064365,14.683127881407813,0.32939262915092765,14.344994432064365,0.24226311197097028,7
14,14.344994432064365,14.682155600935646,0.4327454282536925,14.344994432064365,0.23552509692533802,7
15,14.322611077089286,14.601987174008928,0.2924029413835845,14.322611077089286,0.22922210478896848,7
16,14.122611077089287,14.541372781452573,0.31648219238859615,14.122611077089287,0.22330135377323262,7
17,14.15796522451032,14.505684806827924,0.257967388073133,14.122611077089287,0.21771912123039833,7
18,14.15796522451032,14.526800637002712,0.4310005033054021,14.122611077089287,0.2124387822251788,7
19,14.122611077089287,14.51601842283431,0.4135248624012859,14.122611077089287,0.20742935180324423,7
20,14.122611077089287,14.443704827516006,0.3511298278712996,14.122611077089287,0.20266438329030623,7
21,13.949444375840399,14.42984789529932,0.42728935316226224,13.949444375840399,0.19812112311696733,7
22,13.949444375840399,14.343701307072843,0.3427831606843085,13.949444375840399,0.1937798536705464,7
23,13.949444375840399,14.42185634896192,0.5719953321833796,13.949444375840399,0.18962337610830443,7
24,13.949444375840399,14.411130814886713,0.669943605192897,13.949444375840399,0.18563659881751993,7
25,13.949444375840399,14.354883139576124,0.6646258529845764,13.949444375840399,0.18180620663885522,7
26,13.949444375840399,14.195089753421437,0.4715347556088125,13.949444375840399,0.17812039254973427,7
27,13.949444375840399,14.119708313190909,0.29357965086872767,13.949444375840399,0.17456863816821244,7
28,13.949444375840399,14.085225254030084,0.2765304061154551,13.949444375840399,0.17114153279104094,7
29,13.949444375840399,14.047584507017671,0.23239131245493047,13.949444375840399,0.16783062312258012,7
30,13.949444375840399,14.064013702525834,0.23513518442268397,13.949444375840399,0.1646282876527959,7
31,13.949444375840399,14.012443795253374,0.16978516124828766,13.949444375840399,0.16152763098621065,7
32,13.949444375840399,14.075769615929758,0.4440945859177424,13.949444375840399,0.15852239443630328,7
33,13.949444375840399,14.015140752724703,0.20835027591500332,13.949444375840399,0.1556068799704748,7
34,13.949444375840399,13.976570328291407,0.17503901206377812,13.949444375840399,0.15277588518248814,7
35,13.949444375840399,13.961438244553893,0.06575608526833722,13.949444375840399,0.15002464742764043,7
36,13.949444375840399,14.01277707819901,0.1963656030757327,13.949444375840399,0.14734879561374226,7
37,13.949444375840399,14.028264298679408,0.22336783835627175,13.949444375840399,0.14474430842242098,7
38,13.949444375840399,14.016440626943227,0.2044190585304873,13.949444375840399,0.14220747795819122,7
39,13.73072757526625,14.03052103340922,0.25836417141329787,13.73072757526625,0.13973487800048634,7
40,13.73072757526625,14.043293778212345,0.3963883246661729,13.73072757526625,0.1373233361764682,7
41,13.73072757526625,13.973926011547416,0.19783378944080968,13.73072757526625,0.1349699094875484,7
42,13.73072757526625,13.982778162485811,0.2827690133290987,13.73072757526625,0.13267186271599046,7
43,13.73072757526625,13.938233655386721,0.2285830291130557,13.73072757526625,0.1304266493142095,7
44,13.73072757526625,13.915958279810011,0.27475067982651025,13.73072757526625,0.12823189444191613,7
45,13.73072757526625,13.882843636441393,0.2458397026869836,13.73072757526625,0.1260853798677885,7
46,13.660107523773828,13.811721086187308,0.14279253658059643,13.660107523773828,0.12398503049501725,7
47,13.660107523773828,13.834173726159515,0.195599051554209,13.660107523773828,0.1219289023055466,7
48,13.660107523773828,13.790072990019842,0.18962058177287225,13.660107523773828,0.11991517154745629,7
49,13.660107523773828,13.763309613765392,0.18280643079289804,13.660107523773828,0.11794212501476203,7
50,13.660107523773828,13.736285420678914,0.12169312865535144,13.660107523773828,0.11600815128981068,7
51,13.660107523773828,13.735676805851607,0.14703461648606955,13.660107523773828,0.11411173283609738,7
52,13.660107523773828,13.75202387130362,0.4069160478816239,13.660107523773828,0.11225143884429051,7
53,13.660107523773828,13.762800982347867,0.3612215572822726,13.660107523773828,0.11042591874697638,7
54,13.50787840283389,13.730363605680681,0.21261008568665396,13.50787840283389,0.10863389632848514,7
55,13.50787840283389,13.734849613505373,0.27547638183599077,13.50787840283389,0.10687416436545444,7
56,13.140967364599087,13.657658772535587,0.13884366447999716,13.140967364599087,0.10514557974175692,7
57,13.140967364599087,13.628467420078014,0.13449644402458982,13.140967364599087,0.10344705898828305,7
58,13.140967364599087,13.666620777832806,0.2943239934268493,13.140967364599087,0.10177757420399913,7
59,13.140967364599087,13.645280021035605,0.4200851997527351,13.140967364599087,0.10013614931982229,7
60,13.057583690279023,13.51145043062047,0.2228737362246828,13.057583690279023,0.09852185667131119,7
61,13.057583690279023,13.459176760425226,0.39365296757631707,13.057583690279023,0.09693381385003808,7
62,13.057583690279023,13.418842675222347,0.435713400835558,13.057583690279023,0.09537118080688434,7
63,13.057583690279023,13.282911990342377,0.2340007713917784,13.057583690279023,0.09383315718345281,7
64,13.057583690279023,13.208487522619624,0.19961884538209992,13.057583690279023,0.09231897985037307,7
65,13.057583690279023,13.137349487476124,0.12429177469975797,13.057583690279023,0.09082792063354544,7
66,13.057583690279023,13.110059585933444,0.16619084867850847,13.057583690279023,0.08935928421136363,7
67,13.057583690279023,13.113860240399594,0.20467156972787479,13.057583690279023,0.08791240616771684,7
68,13.057583690279023,13.121527499001049,0.22906877870956247,13.057583690279023,0.0864866511871244,7
69,13.057583690279023,13.098436019198372,0.22718074504457167,13.057583690279023,0.08508141137973013,7
70,13.057583690279023,13.1566624632531,0.3330551291189074,13.057583690279023,0.08369610472510458,7
71,13.057583690279023,13.090385036807092,0.17665971777584275,13.057583690279023,0.08233017362488254,7
72,12.474165738677394,13.080922609476698,0.19456189544807842,12.474165738677394,0.08098308355522937,7
73,12.474165738677394,13.082597040934656,0.22143091512965857,12.474165738677394,0.07965432181098431,7
74,12.474165738677394,13.036865561076825,0.17711726145296547,12.474165738677394,0.07834339633409798,7
75,12.474165738677394,13.035820285098632,0.2403151249468554,12.474165738677394,0.07704983461966303,7
76,12.474165738677394,13.037964783445254,0.4680226139577342,12.474165738677394,0.07577318269345334,7
77,12.274596669241483,12.912165873182795,0.4207163986244839,12.274596669241483,0.07451300415543333,7
78,12.274596669241483,12.754575883886819,0.3043806255744985,12.274596669241483,0.07326887928419568,7
79,12.274596669241483,12.643009345648995,0.3037191177463321,12.274596669241483,0.0720404041977285,7
80,12.274596669241483,12.498612875560354,0.17518732886681757,12.274596669241483,0.07082719006631227,7
81,12.274596669241483,12.428471443493825,0.126417405533072,12.274596669241483,0.0696288623737103,7
82,12.274596669241483,12.396549010995361,0.1393580034807582,12.274596669241483,0.06844506022313707,7
83,12.274596669241483,12.386632643301732,0.22503627955498834,12.274596669241483,0.0672754356847905,7
84,12.274596669241483,12.366573716404947,0.21412335198145618,12.274596669241483,0.06611965318199253,7
85,12.274596669241483,12.402418541269219,0.34224481334924317,12.274596669241483,0.06497738891323263,7
86,12.274596669241483,12.360175948175279,0.30459325153845546,12.274596669241483,0.063848330307619,7
87,12.274596669241483,12.34341443126089,0.3219193608174716,12.274596669241483,0.06273217551145155,7
88,12.274596669241483,12.278588050630201,0.027939669721027616,12.274596669241483,0.06162863290380183,7
89,12.274596669241483,12.321578492810968,0.25431322602124695,12.274596669241483,0.060537420639158235,7
90,12.274596669241483,12.357478993620527,0.4122574327680072,12.274596669241483,0.05945826621534128,7
91,12.274596669241483,12.472896598106455,0.6070891170541693,12.274596669241483,0.05839090606503061,7
92,12.274596669241483,12.456056331559001,0.5006900076575352,12.274596669241483,0.05733508516937402,7
93,12.274596669241483,12.381647520813829,0.41599106277712217,12.274596669241483,0.05629055669225935,7
94,12.274596669241483,12.3221148505061,0.2413953080400525,12.274596669241483,0.05525708163393872,7
95,12.274596669241483,12.317866875351802,0.2162252458607647,12.274596669241483,0.054234428502788756,7
96,12.274596669241483,12.38435195069686,0.5376911876062924,12.274596669241483,0.05322237300407823,7
97,12.274596669241483,12.345592781354263,0.3973895810979812,12.274596669241483,0.0522206977446984,7
98,12.274596669241483,12.360536967061494,0.40836789623095443,12.274596669241483,0.05122919195288139,7
99,12.274596669241483,12.329316517285642,0.383038936309104,12.274596669241483,0.050247651212004085,7
100,12.274596669241483,12.303673148467436,0.14601897010856532,12.274596669241483,0.04927587720763693,7
101,12.274596669241483,12.323954756028458,0.17836429609912782,12.274596669241483,0.0483136774870529,7
102,12.274596669241483,12.305983121107953,0.15512985597978995,12.274596669241483,0.047360865230468896,7
103,12.274596669241483,12.296940161431513,0.11220293098701878,12.274596669241483,0.046417259033339486,7
104,12.274596669241483,12.29513464907839,0.10182174377212658,12.274596669241483,0.04548268269906619,7
105,12.274596669241483,12.310501270017456,0.18623998025154329,12.274596669241483,0.044556965041532726,7
106,12.274596669241483,12.309996809730057,0.1847624247453438,12.274596669241483,0.043639939696910546,7
107,12.274596669241483,12.298669395822904,0.16850908606994633,12.274596669241483,0.04273144494421849,7
108,12.274596669241483,12.328930036566437,0.21584049037150171,12.274596669241483,0.041831323534151865,7
109,12.274596669241483,12.390396775552254,0.3158721913093121,12.274596669241483,0.04093942252572724,7
110,12.274596669241483,12.352307643695974,0.2649104676598628,12.274596669241483,0.04005559313032031,7
111,12.274596669241483,12.353111152197958,0.2672278912759819,12.274596669241483,0.03917969056269671,7
112,12.274596669241483,12.327112315061633,0.21596424887268703,12.274596669241483,0.03831157389866463,7
113,12.274596669241483,12.327112315061635,0.21596424887268706,12.274596669241483,0.037451105938998974,7
114,12.274596669241483,12.308676016031887,0.16847745662434174,12.274596669241483,0.036598153079306306,7
115,12.274596669241483,12.335947861106732,0.2258780906915336,12.274596669241483,0.03575258518552521,7
116,12.274596669241483,12.307534195448907,0.13918263512600568,12.274596669241483,0.034914275474769274,7
117,12.274596669241483,12.303713082318232,0.12120930582122359,12.274596669241483,0.03408310040124124,7
118,12.274596669241483,12.274596669241484,1.7763568394002505e-15,12.274596669241483,0.03325893954696074,7
119,12.274596669241483,12.291104735856655,0.1155564663061924,12.274596669241483,0.03244167551706445,7
120,12.274596669241483,12.329632102652704,0.3852480338785232,12.274596669241483,0.0316311938394504,7
121,12.274596669241483,12.350471973517042,0.40914898951511375,12.274596669241483,0.0308273828685533,7
122,12.274596669241483,12.329632102652704,0.3852480338785232,12.274596669241483,0.0300301336930463,7
123,12.274596669241483,12.291037994950848,0.11508927996553302,12.274596669241483,0.029239340047280238,7
124,12.274596669241483,12.274596669241484,1.7763568394002505e-15,12.274596669241483,0.02845489822627978,7
125,12.274596669241483,12.274596669241484,1.7763568394002505e-15,12.274596669241483,0.027676707004126444,7
126,12.274596669241483,12.274596669241484,1.7763568394002505e-15,12.274596669241483,0.02690466755556653,7
127,12.274596669241483,12.303752351015419,0.20408977241752932,12.274596669241483,0.026138683380694916,7
128,12.274596669241483,12.274596669241484,1.7763568394002505e-15,12.274596669241483,0.025378660232568573,7
129,12.274596669241483,12.274596669241484,1.7763568394002505e-15,12.274596669241483,0.02462450604761518,7
130,12.274596669241483,12.274596669241484,1.7763568394002505e-15,12.274596669241483,0.023876130878708435,7
131,12.274596669241483,12.314028067706074,0.22538685899134853,12.274596669241483,0.023133446830787552,7
132,12.274596669241483,12.30592408314864,0.21929189735006446,12.274596669241483,0.022396367998906985,7
133,12.274596669241483,12.289270827803843,0.10271910993651667,12.274596669241483,0.02166481040860574,7
134,12.274596669241483,12.3448762354886,0.4005313935675656,12.274596669241483,0.020938691958494182,7
135,12.274596669241483,12.274596669241484,1.7763568394002505e-15,12.274596669241483,0.020217932364959,7
136,12.274596669241483,12.290362213533312,0.11035881004278153,12.274596669241483,0.019502453108893703,7
137,12.274596669241483,12.290362213533312,0.11035881004278153,12.274596669241483,0.01879217738436656,7
138,12.274596669241483,12.274596669241484,1.7763568394002505e-15,12.274596669241483,0.018087030049141528,7
139,12.274596669241483,12.274596669241484,1.7763568394002505e-15,12.274596669241483,0.017386937576972405,7
140,12.274596669241483,12.313971515719881,0.23362069460360035,12.274596669241483,0.0166918280115953,7
141,12.274596669241483,12.281104735856657,0.04555646630619239,12.274596669241483,0.016001630922346743,7
142,12.274596669241483,12.274596669241484,1.7763568394002505e-15,12.274596669241483,0.015316277361338337,7
143,12.274596669241483,12.274596669241484,1.7763568394002505e-15,12.274596669241483,0.014635699822124648,7
144,12.274596669241483,12.297942139620389,0.12391210291069964,12.274596669241483,0.013959832199800903,7
145,12.274596669241483,12.274596669241484,1.7763568394002505e-15,12.274596669241483,0.01328860975247148,7
146,12.274596669241483,12.274596669241484,1.7763568394002505e-15,12.274596669241483,0.0126219690640344,7
147,12.274596669241483,12.274596669241484,1.7763568394002505e-15,12.274596669241483,0.011959848008226526,7
148,12.274596669241483,12.286672833360836,0.08453314883545546,12.274596669241483,0.011302185713879864,7
149,12.274596669241483,12.274596669241484,1.7763568394002505e-15,12.274596669241483,0.010648922531340144,7
150,12.274596669241483,12.274596669241484,1.7763568394002505e-15,12.274596669241483,0.010000000000000009,7
0,18.960232526704264,20.706263945352372,0.9136558805080014,18.960232526704264,0.5,8
1,18.960232526704264,20.232599257098876,0.7479854243739141,18.960232526704264,0.4323055261972421,8
2,17.655277766926236,19.724240872213723,0.6943430435400427,17.655277766926236,0.39270679751657805,8
3,17.06287388383278,19.371344969319274,0.807558507554119,17.06287388383278,0.3646110523944842,8
4,16.49782557302906,18.939238196559835,1.0449280167115969,16.49782557302906,0.34281829940875996,8
5,15.707567081708246,18.243850479582512,1.1329250078224864,15.707567081708246,0.3250123237138202,8
6,15.707567081708246,17.71531622909751,1.081186526849259,15.707567081708246,0.3099575857737281,8
7,15.403123475609393,17.105007684078366,0.918031939462439,15.403123475609393,0.2969165785917264,8
8,15.403123475609393,16.76911977323639,0.7733480186637911,15.403123475609393,0.2854135950331561,8
9,15.403123475609393,16.52097438175755,0.7580206439623877,15.403123475609393,0.275123825606002,8
10,15.179075450674064,16.300277895338834,0.7303867286071167,15.179075450674064,0.2658155969197252,8
11,15.179075450674064,16.18470746792516,0.7418971586213513,15.179075450674064,0.2573178499110623,8
12,15.030727575266251,15.84108970481139,0.4913676380862335,15.030727575266251,0.24950068044161305,8
13,14.917935662402835,15.655784874992307,0.43497699515760835,14.917935662402835,0.24226311197097028,8
14,14.917935662402835,15.477558950193982,0.38530436281942815,14.917935662402835,0.23552509692533802,8
15,14.917935662402835,15.445283441038699,0.633043008930937,14.917935662402835,0.22922210478896848,8
16,14.600000000000001,15.353404003238804,0.576948768789121,14.600000000000001,0.22330135377323262,8
17,14.600000000000001,15.2656134137127,0.5551116297273824,14.600000000000001,0.21771912123039833,8
18,14.493468988235943,15.054491895072665,0.2587890522775989,14.493468988235943,0.2124387822251788,8
19,14.38806130178211,14.992420085400651,0.4262619491319524,14.38806130178211,0.20742935180324423,8
20,14.38806130178211,14.88274526590518,0.5091667217657683,14.38806130178211,0.20266438329030623,8
21,14.38806130178211,14.878901138912243,0.616906155995011,14.38806130178211,0.19812112311696733,8
22,14.38494332412792,14.852521231733057,0.7775890750601454,14.38494332412792,0.1937798536705464,8
23,14.23072757526625,14.613113768900451,0.24755708133934304,14.23072757526625,0.18962337610830443,8
24,14.23072757526625,14.58070834023315,0.29110378766547973,14.23072757526625,0.18563659881751993,8
25,14.23072757526625,14.639061764203737,0.4985455252521003,14.23072757526625,0.18180620663885522,8
26,14.23072757526625,14.600848828971582,0.4696802168064033,14.23072757526625,0.17812039254973427,8
27,14.23072757526625,14.535571496759077,0.4144580732815251,14.23072757526625,0.17456863816821244,8
28,14.23072757526625,14.5320645945794,0.41371867540708684,14.23072757526625,0.17114153279104094,8
29,14.23072757526625,14.52807791575227,0.6138265187294293,14.23072757526625,0.16783062312258012,8
30,14.23072757526625,14.488723932950553,0.6214323345866444,14.23072757526625,0.1646282876527959,8
31,14.23072757526625,14.316323731902488,0.23718805018898484,14.23072757526625,0.16152763098621065,8
32,14.23072757526625,14.303583140605278,0.2584112288140383,14.23072757526625,0.15852239443630328,8
33,14.16794833886788,14.338404052542506,0.401492047513296,14.16794833886788,0.1556068799704748,8
34,14.1131126469709,14.262474835631734,0.12644453656473623,14.1131126469709,0.15277588518248814,8
35,14.1131126469709,14.29123802351668,0.20672786719785208,14.1131126469709,0.15002464742764043,8
36,14.1131126469709,14.521108056346934,0.9407176488431078,14.1131126469709,0.14734879561374226,8
37,14.1131126469709,14.29778631794593,0.25431562890490766,14.1131126469709,0.14474430842242098,8
38,14.1131126469709,14.398810465606696,0.6681635099106601,14.1131126469709,0.14220747795819122,8
39,14.1131126469709,14.264498448839754,0.30183195275902625,14.1131126469709,0.13973487800048634,8
40,14.1131126469709,14.365166094205586,0.7099918933583983,14.1131126469709,0.1373233361764682,8
41,14.1131126469709,14.289389627726136,0.6127035302544459,14.1131126469709,0.1349699094875484,8
42,14.1131126469709,14.156919165157861,0.09691534172809249,14.1131126469709,0.13267186271599046,8
43,14.1131126469709,14.221099608023078,0.40279631985511255,14.1131126469709,0.1304266493142095,8
44,14.1131126469709,14.214086815203332,0.26049795100329365,14.1131126469709,0.12823189444191613,8
45,14.1131126469709,14.289208485043536,0.48169571158929636,14.1131126469709,0.1260853798677885,8
46,14.1131126469709,14.333040435421385,0.7005860977350719,14.1131126469709,0.12398503049501725,8
47,14.024807680927193,14.298818795474538,0.6914415885347102,14.024807680927193,0.1219289023055466,8
48,14.024807680927193,14.349794108418445,0.7260212499502471,14.024807680927193,0.11991517154745629,8
49,14.024807680927193,14.222303896166471,0.3676779230371399,14.024807680927193,0.11794212501476203,8
50,14.024807680927193,14.156881889842799,0.24675031039681283,14.024807680927193,0.11600815128981068,8
51,14.024807680927193,14.204514705881436,0.34988401753874904,14.024807680927193,0.11411173283609738,8
52,14.024807680927193,14.244245681996858,0.4671216936094193,14.024807680927193,0.11225143884429051,8
53,14.024807680927193,14.13719249239582,0.19207543733093893,14.024807680927193,0.11042591874697638,8
54,14.024807680927193,14.135987822085182,0.2236431302042614,14.024807680927193,0.10863389632848514,8
55,14.024807680927193,14.111317402372778,0.21106172168768905,14.024807680927193,0.10687416436545444,8
56,14.024807680927193,14.057730897699642,0.06678064353697288,14.024807680927193,0.10514557974175692,8
57,14.024807680927193,14.087088650340695,0.15583946121812364,14.024807680927193,0.10344705898828305,8
58,13.880624847486569,14.09562323181821,0.25965452982496184,13.880624847486569,0.10177757420399913,8
59,13.880624847486569,14.028784725620898,0.05529184016706578,13.880624847486569,0.10013614931982229,8
60,13.880624847486569,14.073303334554478,0.2517205899650163,13.880624847486569,0.09852185667131119,8
61,13.880624847486569,14.130562905313262,0.5691817472764227,13.880624847486569,0.09693381385003808,8
62,13.880624847486569,14.157297660209418,0.6303797644584633,13.880624847486569,0.09537118080688434,8
63,13.880624847486569,14.086716214557192,0.3628781548557275,13.880624847486569,0.09383315718345281,8
64,13.880624847486569,14.048930613015507,0.27282679781970265,13.880624847486569,0.09231897985037307,8
65,13.880624847486569,13.991661108066753,0.2411808778311668,13.880624847486569,0.09082792063354544,8
66,13.880624847486569,14.031286097088232,0.3243324886001507,13.880624847486569,0.08935928421136363,8
67,13.880624847486569,13.95098538435692,0.15666725350812583,13.880624847486569,0.08791240616771684,8
68,13.880624847486569,13.91308103034845,0.08507493545983544,13.880624847486569,0.0864866511871244,8
69,13.880624847486569,13.90237776334336,0.07974986887208403,13.880624847486569,0.08508141137973013,8
70,13.880624847486569,13.94890568759125,0.2195868413642394,13.880624847486569,0.08369610472510458,8
71,13.880624847486569,13.960947324704714,0.291703757827289,13.880624847486569,0.08233017362488254,8
72,13.880624847486569,13.93537072400143,0.2704827384721465,13.880624847486569,0.08098308355522937,8
73,13.880624847486569,13.905614181330453,0.1422080619707844,13.880624847486569,0.07965432181098431,8
74,13.880624847486569,13.90375519972531,0.10393085689629758,13.880624847486569,0.07834339633409798,8
75,13.880624847486569,13.899866761669363,0.09837464944810831,13.880624847486569,0.07704983461966303,8
76,13.880624847486569,13.945073446803235,0.3578090457130148,13.880624847486569,0.07577318269345334,8
77,13.880624847486569,13.95713019182616,0.36938370223708683,13.880624847486569,0.07451300415543333,8
78,13.82828568570857,13.906962973721543,0.1454824753063885,13.82828568570857,0.07326887928419568,8
79,13.82828568570857,13.988804135090488,0.35244667899861176,13.82828568570857,0.0720404041977285,8
80,13.82828568570857,13.927882317083547,0.17850443198704372,13.82828568570857,0.07082719006631227,8
81,13.82828568570857,13.897377539361266,0.1267229819417748,13.82828568570857,0.0696288623737103,8
82,13.82828568570857,13.961570274471121,0.4277315585000246,13.82828568570857,0.06844506022313707,8
83,13.82828568570857,13.959083965392342,0.431564868693021,13.82828568570857,0.0672754356847905,8
84,13.82828568570857,13.864035260341232,0.11109011958666745,13.82828568570857,0.06611965318199253,8
85,13.82828568570857,13.896557494812683,0.304996922552333,13.82828568570857,0.06497738891323263,8
86,13.82828568570857,13.899355926227711,0.31280405353501656,13.82828568570857,0.063848330307619,8
87,13.82828568570857,13.893849625721387,0.26528150535178896,13.82828568570857,0.06273217551145155,8
88,13.82828568570857,13.92602939845745,0.36806191232692564,13.82828568570857,0.06162863290380183,8
89,13.82828568570857,13.834389531831642,0.03600312586472289,13.82828568570857,0.060537420639158235,8
90,13.82828568570857,13.833342748596083,0.03539944021258666,13.82828568570857,0.05945826621534128,8
91,13.82828568570857,13.868357945635662,0.21910596400432863,13.82828568570857,0.05839090606503061,8
92,13.82828568570857,13.86979223192149,0.21907367472357572,13.82828568570857,0.05733508516937402,8
93,13.82828568570857,13.855763083725542,0.13054367529297725,13.82828568570857,0.05629055669225935,8
94,13.82828568570857,13.852128765847857,0.11456120588495715,13.82828568570857,0.05525708163393872,8
95,13.82828568570857,13.904217374864825,0.286414791821673,13.82828568570857,0.054234428502788756,8
96,13.82828568570857,13.923391053750702,0.4478865072330799,13.82828568570857,0.05322237300407823,8
97,13.82828568570857,13.82828568570857,0.0,13.82828568570857,0.0522206977446984,8
98,13.82828568570857,13.854105438240211,0.13008997444625367,13.82828568570857,0.05122919195288139,8
99,13.82828568570857,13.866002480768532,0.16498643088433496,13.82828568570857,0.050247651212004085,8
100,13.82828568570857,13.847505307279546,0.09811669780536715,13.82828568570857,0.04927587720763693,8
101,13.82828568570857,13.854851399422742,0.18595999599919982,13.82828568570857,0.0483136774870529,8
102,13.82828568570857,13.877360094892328,0.2412687882996119,13.82828568570857,0.047360865230468896,8
103,13.82828568570857,13.873367004165646,0.2244903404004525,13.82828568570857,0.046417259033339486,8
104,13.82828568570857,13.87077253055312,0.1723419791147738,13.82828568570857,0.04548268269906619,8
105,13.82828568570857,13.85520323316258,0.13854004897372188,13.82828568570857,0.044556965041532726,8
106,13.82828568570857,13.845991859236756,0.1239432146973013,13.82828568570857,0.043639939696910546,8
107,13.82828568570857,13.82828568570857,0.0,13.82828568570857,0.04273144494421849,8
108,13.82828568570857,13.892170600602519,0.31372620666560685,13.82828568570857,0.041831323534151865,8
109,13.82828568570857,13.892170600602519,0.31372620666560685,13.82828568570857,0.04093942252572724,8
110,13.82828568570857,13.87251626400704,0.2477076561830773,13.82828568570857,0.04005559313032031,8
111,13.82828568570857,13.894438276351561,0.28261069094663765,13.82828568570857,0.03917969056269671,8
112,13.82828568570857,13.842334523499723,0.09834186453807536,13.82828568570857,0.03831157389866463,8
113,13.82828568570857,13.924059904849846,0.5463564165974553,13.82828568570857,0.037451105938998974,8
114,13.756465996625053,14.01787833637178,0.7819366571125586,13.756465996625053,0.036598153079306306,8
115,13.756465996625053,13.993077741543848,0.7758991548881824,13.756465996625053,0.03575258518552521,8
116,13.756465996625053,13.919690968652015,0.6056462266804181,13.756465996625053,0.034914275474769274,8
117,13.756465996625053,13.919543485838402,0.6116503647524539,13.756465996625053,0.03408310040124124,8
118,13.756465996625053,13.811048960328526,0.030672977615250792,13.756465996625053,0.03325893954696074,8
119,13.756465996625053,13.799557810075164,0.03518431834799037,13.756465996625053,0.03244167551706445,8
120,13.756465996625053,13.786630266040131,0.035447218529483,13.756465996625053,0.0316311938394504,8
121,13.68062484748657,13.79528968224098,0.18269779435136305,13.68062484748657,0.0308273828685533,8
122,13.68062484748657,13.785154496568186,0.1831906167518319,13.68062484748657,0.0300301336930463,8
123,13.68062484748657,13.778016927225831,0.17555300647129451,13.68062484748657,0.029239340047280238,8
124,13.68062484748657,13.759128216881333,0.09806156595661836,13.68062484748657,0.02845489822627978,8
125,13.68062484748657,13.827095256160971,0.5831931227638786,13.68062484748657,0.027676707004126444,8
126,13.68062484748657,13.744224554703626,0.12446979019241212,13.68062484748657,0.02690466755556653,8
127,13.68062484748657,13.747575202414291,0.16874079523572003,13.68062484748657,0.026138683380694916,8
128,13.68062484748657,13.695793077314265,0.03033645965539335,13.68062484748657,0.025378660232568573,8
129,13.68062484748657,13.688208962400417,0.022752344741545017,13.68062484748657,0.02462450604761518,8
130,13.68062484748657,13.683658493452107,0.014861769351648346,13.68062484748657,0.023876130878708435,8
131,13.68062484748657,13.682141670469338,0.010617760879387674,13.68062484748657,0.023133446830787552,8
132,13.68062484748657,13.730473226962529,0.29659497594142453,13.68062484748657,0.022396367998906985,8
133,13.68062484748657,13.722381124819554,0.2922939413308939,13.68062484748657,0.02166481040860574,8
134,13.68062484748657,13.696186416826684,0.10893098538080104,13.68062484748657,0.020938691958494182,8
135,13.635270009440731,13.679717750725654,0.006349677326417406,13.635270009440731,0.020217932364959,8
136,13.635270009440731,13.691763870729178,0.09136463124150246,13.635270009440731,0.019502453108893703,8
137,13.635270009440731,13.682910073114687,0.037033248604025557,13.635270009440731,0.01879217738436656,8
138,13.635270009440731,13.681095879592853,0.038193511758679494,13.635270009440731,0.018087030049141528,8
139,13.635270009440731,13.676560395788272,0.04059744545552295,13.635270009440731,0.017386937576972405,8
140,13.635270009440731,13.67111781522277,0.04267477056478158,13.635270009440731,0.0166918280115953,8
141,13.635270009440731,13.65794742846365,0.02267741902291931,13.635270009440731,0.016001630922346743,8
142,13.635270009440731,13.647062267332648,0.019894185097490216,13.635270009440731,0.015316277361338337,8
143,13.635270009440731,13.6388983964844,0.012304459118323277,13.635270009440731,0.014635699822124648,8
144,13.635270009440731,13.6388983964844,0.012304459118323277,13.635270009440731,0.013959832199800903,8
145,13.635270009440731,13.635270009440733,1.7763568394002505e-15,13.635270009440731,0.01328860975247148,8
146,13.635270009440731,13.643550320620989,0.0579621782618004,13.635270009440731,0.0126219690640344,8
147,13.635270009440731,13.635270009440733,1.7763568394002505e-15,13.635270009440731,0.011959848008226526,8
148,13.635270009440731,13.635270009440733,1.7763568394002505e-15,13.635270009440731,0.011302185713879864,8
149,13.635270009440731,13.635270009440733,1.7763568394002505e-15,13.635270009440731,0.010648922531340144,8
150,13.635270009440731,13.635270009440733,1.7763568394002505e-15,13.635270009440731,0.010000000000000009,8
0,19.193737745050925,20.874934307703853,1.0291682661527866,19.193737745050925,0.5,9
1,19.193737745050925,20.31129655211168,0.9149723479928564,19.193737745050925,0.4323055261972421,9
2,17.723532661682466,19.895713372965517,0.8625895590084716,17.723532661682466,0.39270679751657805,9
3,16.665775990588614,19.176668405874818,1.0806355054303267,16.665775990588614,0.3646110523944842,9
4,16.08920425999979,18.551724188592917,1.1983878200355857,16.08920425999979,0.34281829940875996,9
5,16.08920425999979,17.844208429902405,1.1072732408322212,16.08920425999979,0.3250123237138202,9
6,15.920526275297414,17.343236832732604,1.0126156863602453,15.920526275297414,0.3099575857737281,9
7,15.771085446759225,17.10283912942897,0.8779098567296812,15.771085446759225,0.2969165785917264,9
8,15.526368339802362,16.809027733711538,0.7957413123437197,15.526368339802362,0.2854135950331561,9
9,15.526368339802362,16.45355138809204,0.6217278162719792,15.526368339802362,0.275123825606002,9
10,15.526368339802362,16.260053782001474,0.5206974546751026,15.526368339802362,0.2658155969197252,9
11,15.526368339802362,16.057610789456643,0.47481092843839584,15.526368339802362,0.2573178499110623,9
12,15.526368339802362,15.963295281360235,0.4151558231668574,15.526368339802362,0.24950068044161305,9
13,15.025657829663178,15.83372545516765,0.3493367613280912,15.025657829663178,0.24226311197097028,9
14,15.025657829663178,15.768899689574278,0.3606797560811208,15.025657829663178,0.23552509692533802,9
15,14.81069386451104,15.613475852954092,0.33021386616893866,14.81069386451104,0.22922210478896848,9
16,14.81069386451104,15.51980368531796,0.3522499672108807,14.81069386451104,0.22330135377323262,9
17,14.81069386451104,15.473009918413013,0.4786125776209345,14.81069386451104,0.21771912123039833,9
18,14.709361307176243,15.360353833801154,0.483350910471747,14.709361307176243,0.2124387822251788,9
19,14.709361307176243,15.267794473099869,0.45925136407032063,14.709361307176243,0.20742935180324423,9
20,14.709361307176243,15.160530008844098,0.4938106875708903,14.709361307176243,0.20266438329030623,9
21,14.709361307176243,15.151150026982343,0.5936809964533146,14.709361307176243,0.19812112311696733,9
22,14.709361307176243,15.086422980440673,0.5898402735460724,14.709361307176243,0.1937798536705464,9
23,14.709361307176243,15.037018592427055,0.5218213925497855,14.709361307176243,0.18962337610830443,9
24,14.709361307176243,14.994668691041404,0.5126384233404889,14.709361307176243,0.18563659881751993,9
25,14.709361307176243,14.86935018871179,0.3065805532388254,14.709361307176243,0.18180620663885522,9
26,14.456141357987224,14.891511386426384,0.5053719815980485,14.456141357987224,0.17812039254973427,9
27,13.774868417407584,14.856937627470234,0.5740406523010849,13.774868417407584,0.17456863816821244,9
28,14.049509756796393,14.820157934311348,0.4145973541126362,13.774868417407584,0.17114153279104094,9
29,13.774868417407584,14.747741090233406,0.3961111579667556,13.774868417407584,0.16783062312258012,9
30,13.774868417407584,14.67454676863186,0.37945874694191034,13.774868417407584,0.1646282876527959,9
31,13.774868417407584,14.651173501697524,0.6569746286550904,13.774868417407584,0.16152763098621065,9
32,13.774868417407584,14.47865872077186,0.51903364729061,13.774868417407584,0.15852239443630328,9
33,13.774868417407584,14.360079496659733,0.4440666210977233,13.774868417407584,0.1556068799704748,9
34,13.774868417407584,14.369082716910292,0.7743785813806094,13.774868417407584,0.15277588518248814,9
35,13.774868417407584,14.066552717780732,0.3005494374651718,13.774868417407584,0.15002464742764043,9
36,13.774868417407584,14.036076074488554,0.28481091299584554,13.774868417407584,0.14734879561374226,9
37,13.774868417407584,13.954965339638752,0.24993885729429124,13.774868417407584,0.14474430842242098,9
38,13.774868417407584,13.97764696818326,0.4237174464964242,13.774868417407584,0.14220747795819122,9
39,13.774868417407584,13.909484117317577,0.3972098207406853,13.774868417407584,0.13973487800048634,9
40,13.774868417407584,13.888295230379635,0.46959879069436905,13.774868417407584,0.1373233361764682,9
41,13.774868417407584,13.941823232912622,0.5018823299348065,13.774868417407584,0.1349699094875484,9
42,13.774868417407584,13.899922375837132,0.41689849809055524,13.774868417407584,0.13267186271599046,9
43,13.774868417407584,13.957828226590937,0.45619105360485784,13.774868417407584,0.1304266493142095,9
44,13.774868417407584,13.90198007551445,0.35029679497173305,13.774868417407584,0.12823189444191613,9
45,13.774868417407584,13.8782760829965,0.3217625397385224,13.774868417407584,0.1260853798677885,9
46,13.774868417407584,13.905949366020627,0.38891539069322106,13.774868417407584,0.12398503049501725,9
47,13.774868417407584,13.897443134434063,0.29985174294854267,13.774868417407584,0.1219289023055466,9
48,13.774868417407584,13.955740826971496,0.502495586724701,13.774868417407584,0.11991517154745629,9
49,13.774868417407584,13.967763622347594,0.5581962033488469,13.774868417407584,0.11794212501476203,9
50,13.774868417407584,13.869206875822131,0.3163333811866521,13.774868417407584,0.11600815128981068,9
51,13.774868417407584,13.89843456864005,0.4058819045035765,13.774868417407584,0.11411173283609738,9
52,13.774868417407584,13.86511173835452,0.36133567718948484,13.774868417407584,0.11225143884429051,9
53,13.774868417407584,13.884964072760903,0.2415830811343853,13.774868417407584,0.11042591874697638,9
54,13.774868417407584,13.847581630527626,0.20942458486555018,13.774868417407584,0.10863389632848514,9
55,13.774868417407584,13.860529344568345,0.2758320365332316,13.774868417407584,0.10687416436545444,9
56,13.774868417407584,13.801855619539406,0.11432669539766561,13.774868417407584,0.10514557974175692,9
57,13.73606797749979,13.847542508462157,0.21938436695989427,13.73606797749979,0.10344705898828305,9
58,13.73606797749979,13.785036287728216,0.060277483045183676,13.73606797749979,0.10177757420399913,9
59,13.73606797749979,13.846774596085327,0.22867802118004643,13.73606797749979,0.10013614931982229,9
60,13.73606797749979,13.858205582314227,0.3201148410495,13.73606797749979,0.09852185667131119,9
61,13.73606797749979,13.833761773858505,0.2395703183298864,13.73606797749979,0.09693381385003808,9
62,13.73606797749979,13.824221814268746,0.23139053564760878,13.73606797749979,0.09537118080688434,9
63,13.73606797749979,13.790688254753123,0.19344905057895023,13.73606797749979,0.09383315718345281,9
64,13.73606797749979,13.821521980521505,0.2992656477712591,13.73606797749979,0.09231897985037307,9
65,13.73606797749979,13.799317215223484,0.2564316002751866,13.73606797749979,0.09082792063354544,9
66,13.73606797749979,13.81102426369461,0.293087757416505,13.73606797749979,0.08935928421136363,9
67,13.73606797749979,13.841417955304626,0.3361509052737189,13.73606797749979,0.08791240616771684,9
68,13.73606797749979,13.847842041968631,0.35197894405529245,13.73606797749979,0.0864866511871244,9
69,13.73606797749979,13.839451422522515,0.35151001560627015,13.73606797749979,0.08508141137973013,9
70,13.73606797749979,13.799775879692152,0.20046612334406555,13.73606797749979,0.08369610472510458,9
71,13.73606797749979,13.780239301561199,0.1831070040571886,13.73606797749979,0.08233017362488254,9
72,13.73606797749979,13.758624056975066,0.11305258708961954,13.73606797749979,0.08098308355522937,9
73,13.73606797749979,13.75389134317013,0.11934427483252383,13.73606797749979,0.07965432181098431,9
74,13.73606797749979,13.747188623393635,0.07250528635707429,13.73606797749979,0.07834339633409798,9
75,13.73606797749979,13.793931978066635,0.22564638056980876,13.73606797749979,0.07704983461966303,9
76,13.73606797749979,13.84069489161274,0.3784387447128305,13.73606797749979,0.07577318269345334,9
77,13.73606797749979,13.772588597225363,0.17899974301864074,13.73606797749979,0.07451300415543333,9
78,13.73606797749979,13.847574754256176,0.3480929552494192,13.73606797749979,0.07326887928419568,9
79,13.73606797749979,13.924966739362949,0.597012364729779,13.73606797749979,0.0720404041977285,9
80,13.73606797749979,13.826746165980415,0.3898024665469078,13.73606797749979,0.07082719006631227,9
81,13.73606797749979,13.806068669036417,0.3681562169259852,13.73606797749979,0.0696288623737103,9
82,13.73606797749979,13.804955537396543,0.32870337919998927,13.73606797749979,0.06844506022313707,9
83,13.73606797749979,13.778528775705981,0.2972255874433414,13.73606797749979,0.0672754356847905,9
84,13.73606797749979,13.73606797749979,0.0,13.73606797749979,0.06611965318199253,9
85,13.73606797749979,13.740976393394249,0.03435891126120428,13.73606797749979,0.06497738891323263,9
86,13.73606797749979,13.80430536297487,0.33365893166610183,13.73606797749979,0.063848330307619,9
87,13.73606797749979,13.761409087461985,0.1773877697353446,13.73606797749979,0.06273217551145155,9
88,13.73606797749979,13.761409087461985,0.1773877697353446,13.73606797749979,0.06162863290380183,9
89,13.73606797749979,13.752034377439072,0.11176479957497525,13.73606797749979,0.060537420639158235,9
90,13.73606797749979,13.746458446805486,0.050902695974011127,13.73606797749979,0.05945826621534128,9
91,13.73606797749979,13.751607849248328,0.08036548620535737,13.73606797749979,0.05839090606503061,9
92,13.73606797749979,13.73606797749979,0.0,13.73606797749979,0.05733508516937402,9
93,13.73606797749979,13.73606797749979,0.0,13.73606797749979,0.05629055669225935,9
94,13.73606797749979,13.783550217311149,0.2523568548480375,13.73606797749979,0.05525708163393872,9
95,13.533030277982336,13.733994176967569,0.0318996034786953,13.533030277982336,0.054234428502788756,9
96,13.533030277982336,13.750273433897974,0.14943352609300353,13.533030277982336,0.05322237300407823,9
97,13.533030277982336,13.74731299267387,0.16251771008134236,13.533030277982336,0.0522206977446984,9
98,13.533030277982336,13.739763890551954,0.1678992299072016,13.533030277982336,0.05122919195288139,9
99,13.255294535724685,13.714923621164337,0.22128860393824368,13.255294535724685,0.050247651212004085,9
100,13.255294535724685,13.664664371456336,0.17993539301041245,13.255294535724685,0.04927587720763693,9
101,13.255294535724685,13.653625023841025,0.40894586417058654,13.255294535724685,0.0483136774870529,9
102,13.255294535724685,13.604594079044434,0.4273320051278397,13.255294535724685,0.047360865230468896,9
103,13.255294535724685,13.531759247329251,0.35249406055278015,13.255294535724685,0.046417259033339486,9
104,13.255294535724685,13.521154703687412,0.38995710850667664,13.255294535724685,0.04548268269906619,9
105,13.255294535724685,13.446546294510508,0.22985796945724765,13.255294535724685,0.044556965041532726,9
106,13.255294535724685,13.378506153455653,0.18448620248426828,13.255294535724685,0.043639939696910546,9
107,13.255294535724685,13.306298372940441,0.14925252360874885,13.255294535724685,0.04273144494421849,9
108,13.255294535724685,13.282614015581293,0.09776851800203701,13.255294535724685,0.041831323534151865,9
109,13.255294535724685,13.303036341871403,0.2073708457939225,13.255294535724685,0.04093942252572724,9
110,13.255294535724685,13.294544656224614,0.27475084349949436,13.255294535724685,0.04005559313032031,9
111,13.255294535724685,13.29454465622461,0.27475084349949436,13.255294535724685,0.03917969056269671,9
112,13.255294535724685,13.255294535724685,0.0,13.255294535724685,0.03831157389866463,9
113,13.255294535724685,13.271661527716846,0.11456894394513222,13.255294535724685,0.037451105938998974,9
114,13.255294535724685,13.255294535724685,0.0,13.255294535724685,0.036598153079306306,9
115,13.255294535724685,13.255294535724685,0.0,13.255294535724685,0.03575258518552521,9
116,13.255294535724685,13.271661527716846,0.11456894394513222,13.255294535724685,0.034914275474769274,9
117,13.255294535724685,13.288028519709009,0.1603631160200584,13.255294535724685,0.03408310040124124,9
118,13.255294535724685,13.280279460380289,0.17489447258922444,13.255294535724685,0.03325893954696074,9
119,13.255294535724685,13.255294535724685,0.0,13.255294535724685,0.03244167551706445,9
120,13.255294535724685,13.255294535724685,0.0,13.255294535724685,0.0316311938394504,9
121,13.255294535724685,13.272970083869522,0.1237288370138584,13.255294535724685,0.0308273828685533,9
122,13.255294535724685,13.255294535724685,0.0,13.255294535724685,0.0300301336930463,9
123,13.255294535724685,13.255294535724685,0.0,13.255294535724685,0.029239340047280238,9
124,13.255294535724685,13.265686013358344,0.07274034343560579,13.255294535724685,0.02845489822627978,9
125,13.255294535724685,13.265686013358344,0.07274034343560579,13.255294535724685,0.027676707004126444,9
126,13.255294535724685,13.255294535724685,0.0,13.255294535724685,0.02690466755556653,9
127,13.255294535724685,13.303334080759829,0.33627681524600656,13.255294535724685,0.026138683380694916,9
128,13.255294535724685,13.27348241041897,0.1273151228599831,13.255294535724685,0.025378660232568573,9
129,13.255294535724685,13.27348241041897,0.1273151228599831,13.255294535724685,0.02462450604761518,9
130,13.255294535724685,13.255294535724685,0.0,13.255294535724685,0.023876130878708435,9
131,13.255294535724685,13.255294535724685,0.0,13.255294535724685,0.023133446830787552,9
132,13.255294535724685,13.255294535724685,0.0,13.255294535724685,0.022396367998906985,9
133,13.255294535724685,13.275110288669078,0.10875527035095482,13.255294535724685,0.02166481040860574,9
134,13.255294535724685,13.275110288669078,0.10875527035095485,13.255294535724685,0.020938691958494182,9
135,13.255294535724685,13.305061374118855,0.21265332957169766,13.255294535724685,0.020217932364959,9
136,13.255294535724685,13.27972070804854,0.12245027988094714,13.255294535724685,0.019502453108893703,9
137,13.255294535724685,13.300691626954857,0.18846428052530922,13.255294535724685,0.01879217738436656,9
138,13.255294535724685,13.270105239213034,0.10367492441845032,13.255294535724685,0.018087030049141528,9
139,13.255294535724685,13.323659782069631,0.36047665357474307,13.255294535724685,0.017386937576972405,9
140,13.255294535724685,13.318680546027649,0.3492641252143096,13.255294535724685,0.0166918280115953,9
141,13.255294535724685,13.274502968924375,0.11588203848905583,13.255294535724685,0.016001630922346743,9
142,13.255294535724685,13.290331356677193,0.2452577466675492,13.255294535724685,0.015316277361338337,9
143,13.255294535724685,13.255294535724685,0.0,13.255294535724685,0.014635699822124648,9
144,13.255294535724685,13.255294535724685,0.0,13.255294535724685,0.013959832199800903,9
145,13.255294535724685,13.284993217779299,0.14602657912717434,13.255294535724685,0.01328860975247148,9
146,13.255294535724685,13.284993217779302,0.14602657912717434,13.255294535724685,0.0126219690640344,9
147,13.255294535724685,13.255294535724685,0.0,13.255294535724685,0.011959848008226526,9
148,13.255294535724685,13.255294535724685,0.0,13.255294535724685,0.011302185713879864,9
149,13.255294535724685,13.255294535724685,0.0,13.255294535724685,0.010648922531340144,9
150,13.255294535724685,13.255294535724685,0.0,13.255294535724685,0.010000000000000009,9
0,17.960232526704264,20.756316020816783,0.9963662388956355,17.960232526704264,0.5,10
1,17.640175425099137,20.23958307741517,1.0939427918841442,17.640175425099137,0.4323055261972421,10
2,16.526368339802364,19.714527555992905,1.1729669565334564,16.526368339802364,0.39270679751657805,10
3,16.491659420284375,19.02006066599471,1.078747720400276,16.491659420284375,0.3646110523944842,10
4,15.9,18.320827466179527,0.9726075644332419,15.9,0.34281829940875996,10
5,15.47484176581315,17.56924869475398,0.8979801252224587,15.47484176581315,0.3250123237138202,10
6,14.957066051117286,17.047900773530547,0.8971822301377907,14.957066051117286,0.3099575857737281,10
7,14.957066051117286,16.60379804712867,0.7131720773862213,14.957066051117286,0.2969165785917264,10
8,14.957066051117286,16.333324888165475,0.683974193759599,14.957066051117286,0.2854135950331561,10
9,14.957066051117286,16.135086854938198,0.6430331271500597,14.957066051117286,0.275123825606002,10
10,14.957066051117286,15.994782484987514,0.6834957485210076,14.957066051117286,0.2658155969197252,10
11,14.957066051117286,15.87277249830526,0.5617946252200948,14.957066051117286,0.2573178499110623,10
12,14.957066051117286,15.728967463734275,0.5349732617271178,14.957066051117286,0.24950068044161305,10
13,14.957066051117286,15.636957236179823,0.4899546857613139,14.957066051117286,0.24226311197097028,10
14,14.659126028197399,15.529524315922597,0.6205143482521638,14.659126028197399,0.23552509692533802,10
15,14.659126028197399,15.309529490140857,0.41307936614122376,14.659126028197399,0.22922210478896848,10
16,14.51657508881031,15.246745745769081,0.4264801147082924,14.51657508881031,0.22330135377323262,10
17,14.51657508881031,15.231742781597443,0.5009733128397624,14.51657508881031,0.21771912123039833,10
18,14.51657508881031,15.142493115093806,0.5507838330681234,14.51657508881031,0.2124387822251788,10
19,14.51657508881031,15.0615206523522,0.5196191627505163,14.51657508881031,0.20742935180324423,10
20,14.345207879911715,14.961209142180929,0.5293786846000279,14.345207879911715,0.20266438329030623,10
21,14.288854381999831,14.804399334396077,0.47247673553484776,14.288854381999831,0.19812112311696733,10
22,14.288854381999831,14.712196148528164,0.42777835129966485,14.288854381999831,0.1937798536705464,10
23,13.764911064067352,14.636509375888792,0.3285376414006318,13.764911064067352,0.18962337610830443,10
24,14.18997487421324,14.588339583260922,0.3051048833455858,13.764911064067352,0.18563659881751993,10
25,14.136664289109586,14.47874642512415,0.26247038133160855,13.764911064067352,0.18180620663885522,10
26,13.840967364599086,14.427004505429078,0.26798160377306807,13.764911064067352,0.17812039254973427,10
27,13.840967364599086,14.35797255037732,0.2899699149115106,13.764911064067352,0.17456863816821244,10
28,13.840967364599086,14.320565512058765,0.4135659017899079,13.764911064067352,0.17114153279104094,10
29,13.840967364599086,14.38125670620834,0.5779520663851072,13.764911064067352,0.16783062312258012,10
30,13.840967364599086,14.287185721253882,0.5312360021325084,13.764911064067352,0.1646282876527959,10
31,13.840967364599086,14.279339404419424,0.5265798700809718,13.764911064067352,0.16152763098621065,10
32,13.840967364599086,14.199255858826744,0.5024110015984609,13.764911064067352,0.15852239443630328,10
33,13.840967364599086,14.069777874328826,0.2743652524914086,13.764911064067352,0.1556068799704748,10
34,13.840967364599086,14.013947166001433,0.3781540106486129,13.764911064067352,0.15277588518248814,10
35,13.840967364599086,13.970335536896592,0.24797151788634944,13.764911064067352,0.15002464742764043,10
36,13.840967364599086,14.048584157354195,0.4618582582069785,13.764911064067352,0.14734879561374226,10
37,13.840967364599086,13.928802402558588,0.20907168072776644,13.764911064067352,0.14474430842242098,10
38,13.840967364599086,13.980088399940165,0.371044346735936,13.764911064067352,0.14220747795819122,10
39,13.840967364599086,13.9228118718734,0.33085654170660594,13.764911064067352,0.13973487800048634,10
40,13.840967364599086,13.935823592429028,0.34104215520347775,13.764911064067352,0.1373233361764682,10
41,13.840967364599086,13.878621721591935,0.1848786388094363,13.764911064067352,0.1349699094875484,10
42,13.840967364599086,13.883976051744517,0.1412916455578002,13.764911064067352,0.13267186271599046,10
43,13.840967364599086,13.992680853129514,0.4433983063928999,13.764911064067352,0.1304266493142095,10
44,13.840967364599086,13.907740450383827,0.19367162089133919,13.764911064067352,0.12823189444191613,10
45,13.840967364599086,13.948249635984538,0.2626492223748981,13.764911064067352,0.1260853798677885,10
46,13.840967364599086,13.900907703222256,0.1927382664027064,13.764911064067352,0.12398503049501725,10
47,13.840967364599086,13.878587463646737,0.13969310442053684,13.764911064067352,0.1219289023055466,10
48,13.557583690279023,13.914952704636313,0.24099174173401047,13.557583690279023,0.11991517154745629,10
49,13.840967364599086,13.931399126343772,0.23811593577103898,13.557583690279023,0.11794212501476203,10
50,13.840967364599086,13.97705512195369,0.30485239567696937,13.557583690279023,0.11600815128981068,10
51,13.840967364599086,13.919254263314029,0.22124728603691302,13.557583690279023,0.11411173283609738,10
52,13.840967364599086,13.935852778006101,0.3513872517725064,13.557583690279023,0.11225143884429051,10
53,13.836229149573722,13.941990385262516,0.35364111048203467,13.557583690279023,0.11042591874697638,10
54,13.836229149573722,13.929778335383407,0.3012426911233964,13.557583690279023,0.10863389632848514,10
55,13.836229149573722,13.909803110236608,0.29918230071633545,13.557583690279023,0.10687416436545444,10
56,13.836229149573722,13.90587292678584,0.18364877236784144,13.557583690279023,0.10514557974175692,10
57,13.836229149573722,13.879465521687475,0.16145067671382063,13.557583690279023,0.10344705898828305,10
58,13.836229149573722,13.866836042548151,0.13690386122684656,13.557583690279023,0.10177757420399913,10
59,13.799999999999999,13.894951684208527,0.19767926562224747,13.557583690279023,0.10013614931982229,10
60,13.799999999999999,13.87189835613638,0.1418121711846503,13.557583690279023,0.09852185667131119,10
61,13.799999999999999,13.858724224247016,0.11681048590354928,13.557583690279023,0.09693381385003808,10
62,13.799999999999999,13.903402432394387,0.20028796185596603,13.557583690279023,0.09537118080688434,10
63,13.799999999999999,13.908032833781169,0.26137137438508673,13.557583690279023,0.09383315718345281,10
64,13.799999999999999,13.88148402968663,0.21592539531613233,13.557583690279023,0.09231897985037307,10
65,13.799999999999999,13.845248958594448,0.11943155812558293,13.557583690279023,0.09082792063354544,10
66,13.799999999999999,13.84028086347145,0.10702134430768069,13.557583690279023,0.08935928421136363,10
67,13.799999999999999,13.89377723998809,0.3450470133290199,13.557583690279023,0.08791240616771684,10
68,13.799999999999999,13.942675832403614,0.47396469244869793,13.557583690279023,0.0864866511871244,10
69,13.799999999999999,13.88681938053061,0.34245037653761695,13.557583690279023,0.08508141137973013,10
70,13.799999999999999,13.89894988360609,0.32890461982243197,13.557583690279023,0.08369610472510458,10
71,13.764911064067352,13.849414151377426,0.1813460447706185,13.557583690279023,0.08233017362488254,10
72,13.764911064067352,13.866440766586924,0.20606014562991937,13.557583690279023,0.08098308355522937,10
73,13.764911064067352,13.876977536646425,0.28891961568523566,13.557583690279023,0.07965432181098431,10
74,13.764911064067352,13.871529781189302,0.3040831810722469,13.557583690279023,0.07834339633409798,10
75,13.764911064067352,13.85622963986782,0.2906228643860434,13.557583690279023,0.07704983461966303,10
76,13.764911064067352,13.891429414281593,0.4199874640502311,13.557583690279023,0.07577318269345334,10
77,13.764911064067352,13.853135062291976,0.29113140016727,13.557583690279023,0.07451300415543333,10
78,13.764911064067352,13.801655420793054,0.13139257211522126,13.557583690279023,0.07326887928419568,10
79,13.764911064067352,13.792098160285558,0.10598170080386057,13.557583690279023,0.0720404041977285,10
80,13.764911064067352,13.796514050428668,0.12668133763250863,13.557583690279023,0.07082719006631227,10
81,13.764911064067352,13.813909513745067,0.2883665167972464,13.557583690279023,0.0696288623737103,10
82,13.764911064067352,13.787226900087052,0.1124633179674926,13.557583690279023,0.06844506022313707,10
83,13.764911064067352,13.772160079776995,0.0507431099675104,13.557583690279023,0.0672754356847905,10
84,13.764911064067352,13.81610313261722,0.20568500145175167,13.557583690279023,0.06611965318199253,10
85,13.764911064067352,13.852632425836177,0.2463558014578372,13.557583690279023,0.06497738891323263,10
86,13.764911064067352,13.839059467723791,0.23102949697832226,13.557583690279023,0.063848330307619,10
87,13.764911064067352,13.80422617000757,0.1805524494286874,13.557583690279023,0.06273217551145155,10
88,13.467707825203131,13.774164931627265,0.11502094854987024,13.467707825203131,0.06162863290380183,10
89,13.467707825203131,13.773268074113323,0.1103049980339196,13.467707825203131,0.060537420639158235,10
90,13.467707825203131,13.752685131815092,0.058194243313085925,13.467707825203131,0.05945826621534128,10
91,13.467707825203131,13.758878906537639,0.11474109395060371,13.467707825203131,0.05839090606503061,10
92,13.467707825203131,13.79803326605413,0.42239256231712125,13.467707825203131,0.05733508516937402,10
93,13.467707825203131,13.843159085061911,0.5896793405937164,13.467707825203131,0.05629055669225935,10
94,13.467707825203131,13.73998998979356,0.44730683973726454,13.467707825203131,0.05525708163393872,10
95,13.467707825203131,13.704630712777934,0.4598471577937679,13.467707825203131,0.054234428502788756,10
96,13.467707825203131,13.651531943734863,0.4627513682423406,13.467707825203131,0.05322237300407823,10
97,13.467707825203131,13.621426097748518,0.47245946740420236,13.467707825203131,0.0522206977446984,10
98,13.467707825203131,13.59889655936571,0.42422617459415185,13.467707825203131,0.05122919195288139,10
99,13.467707825203131,13.56520780442218,0.41179773479309334,13.467707825203131,0.050247651212004085,10
100,13.467707825203131,13.467707825203131,0.0,13.467707825203131,0.04927587720763693,10
101,13.467707825203131,13.493258949780325,0.1359729523079725,13.467707825203131,0.0483136774870529,10
102,13.467707825203131,13.50431455627996,0.1519006554950307,13.467707825203131,0.047360865230468896,10
103,13.467707825203131,13.480286927793259,0.08805371813090218,13.467707825203131,0.046417259033339486,10
104,13.467707825203131,13.50149520898798,0.14685031158074638,13.467707825203131,0.04548268269906619,10
105,13.466190378969062,13.46767747627845,0.00021244247276978713,13.466190378969062,0.044556965041532726,10
106,13.466190378969062,13.508335760039756,0.28504610546365994,13.466190378969062,0.043639939696910546,10
107,13.466190378969062,13.46752573165504,0.0004931116593021657,13.466190378969062,0.04273144494421849,10
108,13.466190378969062,13.467434684880997,0.0005829838056224536,13.466190378969062,0.041831323534151865,10
109,13.466190378969062,13.467191893483546,0.0007188275910445682,13.466190378969062,0.04093942252572724,10
110,13.466190378969062,13.466827706387368,0.0007489484979984683,13.466190378969062,0.04005559313032031,10
111,13.466190378969062,13.46820693544926,0.011532665058970118,13.466190378969062,0.03917969056269671,10
112,13.466190378969062,13.479159605108304,0.08948526965767083,13.466190378969062,0.03831157389866463,10
113,13.466190378969062,13.49197690930448,0.12617626664926634,13.466190378969062,0.037451105938998974,10
114,13.466190378969062,13.466190378969062,0.0,13.466190378969062,0.036598153079306306,10
115,13.466190378969062,13.52235744669811,0.24362761515464598,13.466190378969062,0.03575258518552521,10
116,13.466190378969062,13.479159427788645,0.09078334173708286,13.466190378969062,0.034914275474769274,10
117,13.466190378969062,13.466190378969062,0.0,13.466190378969062,0.03408310040124124,10
118,13.466190378969062,13.466190378969062,0.0,13.466190378969062,0.03325893954696074,10
119,13.466190378969062,13.478068721865156,0.08314840027266707,13.466190378969062,0.03244167551706445,10
120,13.466190378969062,13.487874234218275,0.1067331511047586,13.466190378969062,0.0316311938394504,10
121,13.466190378969062,13.466190378969062,0.0,13.466190378969062,0.0308273828685533,10
122,13.466190378969062,13.52555397059799,0.3049592629986948,13.466190378969062,0.0300301336930463,10
123,13.466190378969062,13.538245414324942,0.3167334422778753,13.466190378969062,0.029239340047280238,10
124,13.466190378969062,13.558289941229555,0.35106339258103325,13.466190378969062,0.02845489822627978,10
125,13.466190378969062,13.482080205112998,0.11122878300755751,13.466190378969062,0.027676707004126444,10
126,13.466190378969062,13.482080205112998,0.11122878300755751,13.466190378969062,0.02690466755556653,10
127,13.466190378969062,13.482080205112998,0.11122878300755751,13.466190378969062,0.026138683380694916,10
128,13.466190378969062,13.466190378969062,0.0,13.466190378969062,0.025378660232568573,10
129,13.466190378969062,13.466190378969062,0.0,13.466190378969062,0.02462450604761518,10
130,13.466190378969062,13.466190378969062,0.0,13.466190378969062,0.023876130878708435,10
131,13.466190378969062,13.466190378969062,0.0,13.466190378969062,0.023133446830787552,10
132,13.466190378969062,13.466190378969062,0.0,13.466190378969062,0.022396367998906985,10
133,13.466190378969062,13.466190378969062,0.0,13.466190378969062,0.02166481040860574,10
134,13.466190378969062,13.466190378969062,0.0,13.466190378969062,0.020938691958494182,10
135,13.466190378969062,13.466190378969062,0.0,13.466190378969062,0.020217932364959,10
136,13.466190378969062,13.518953486855448,0.36934175520472645,13.466190378969062,0.019502453108893703,10
137,13.466190378969062,13.469128824329095,0.020569117520257262,13.466190378969062,0.01879217738436656,10
138,13.466190378969062,13.469128824329095,0.020569117520257266,13.466190378969062,0.018087030049141528,10
139,13.466190378969062,13.466190378969062,0.0,13.466190378969062,0.017386937576972405,10
140,13.466190378969062,13.482723347944047,0.11573078282490917,13.466190378969062,0.0166918280115953,10
141,13.422497216032184,13.481849484685311,0.1160169272749027,13.422497216032184,0.016001630922346743,10
142,13.422497216032184,13.464442652451584,0.00856207635549085,13.422497216032184,0.015316277361338337,10
143,13.422497216032184,13.46269492593411,0.011853657961774487,13.422497216032184,0.014635699822124648,10
144,13.422497216032184,13.470207167095985,0.07967299911307885,13.422497216032184,0.013959832199800903,10
145,13.422497216032184,13.466711714061034,0.08072407932733221,13.422497216032184,0.01328860975247148,10
146,13.422497216032184,13.447839250535573,0.021565132272666203,13.422497216032184,0.0126219690640344,10
147,13.422497216032184,13.457834584176956,0.10585103856971274,13.422497216032184,0.011959848008226526,10
148,13.422497216032184,13.456309771964657,0.11711654698293085,13.422497216032184,0.011302185713879864,10
149,13.422497216032184,13.450993205799032,0.11717082841889052,13.422497216032184,0.010648922531340144,10
150,13.422497216032184,13.43305247590567,0.06199663200016129,13.422497216032184,0.010000000000000009,10
0,19.01657508881031,20.741684026787837,0.8458195216109339,19.01657508881031,0.5,11
1,15.683266665599966,20.178685607989756,1.0424978313724227,15.683266665599966,0.4323055261972421,11
2,15.683266665599966,19.716556600406918,1.24140641957211,15.683266665599966,0.39270679751657805,11
3,15.683266665599966,19.036250906126316,1.510135028777107,15.683266665599966,0.3646110523944842,11
4,15.609243436828814,18.448851390367178,1.5635461507545256,15.609243436828814,0.34281829940875996,11
5,15.609243436828814,17.658160718666227,1.6001672964609783,15.609243436828814,0.3250123237138202,11
6,15.323790007724451,16.8826800736996,1.2549589600800375,15.323790007724451,0.3099575857737281,11
7,15.144994432064365,16.326420296607612,0.9913521417797687,15.144994432064365,0.2969165785917264,11
8,14.985677655436824,16.073251189315965,0.9642312794412015,14.985677655436824,0.2854135950331561,11
9,14.985677655436824,15.71551450788187,0.5380585713454851,14.985677655436824,0.275123825606002,11
10,14.985677655436824,15.556298217189026,0.5351187415891944,14.985677655436824,0.2658155969197252,11
11,14.985677655436824,15.400009748687111,0.5256842568170104,14.985677655436824,0.2573178499110623,11
12,14.985677655436824,15.31090566391856,0.36423102520627443,14.985677655436824,0.24950068044161305,11
13,14.577902338672773,15.265816131247158,0.42999907098517015,14.577902338672773,0.24226311197097028,11
14,14.577902338672773,15.258183788053902,0.5369046234341056,14.577902338672773,0.23552509692533802,11
15,14.577902338672773,15.199025941703802,0.5021320548209636,14.577902338672773,0.22922210478896848,11
16,14.577902338672773,15.077931024107391,0.3600154390632304,14.577902338672773,0.22330135377323262,11
17,14.410844001658269,15.069914606566815,0.42901526608813156,14.410844001658269,0.21771912123039833,11
18,14.410844001658269,15.103672325613472,0.6124170890890174,14.410844001658269,0.2124387822251788,11
19,14.13469899493758,15.039838290647284,0.6295184304251052,14.13469899493758,0.20742935180324423,11
20,14.13469899493758,15.039630421314413,0.7409687518367524,14.13469899493758,0.20266438329030623,11
21,14.13469899493758,14.928473770611154,0.7669716803637446,14.13469899493758,0.19812112311696733,11
22,13.95472369909914,14.763597931385641,0.6747506292258472,13.95472369909914,0.1937798536705464,11
23,13.95472369909914,14.555096405628785,0.33920800363339715,13.95472369909914,0.18962337610830443,11
24,13.830950643030008,14.419374438985088,0.33196786548049284,13.830950643030008,0.18563659881751993,11
25,13.830950643030008,14.438891311487556,0.5266696254817747,13.830950643030008,0.18180620663885522,11
26,13.830950643030008,14.308680932028935,0.5880210763236929,13.830950643030008,0.17812039254973427,11
27,13.830950643030008,14.34431219776175,0.6359891412247983,13.830950643030008,0.17456863816821244,11
28,13.830950643030008,14.131483133816515,0.3679110560578645,13.830950643030008,0.17114153279104094,11
29,13.816590212458495,14.131701825206024,0.623289465441126,13.816590212458495,0.16783062312258012,11
30,13.816590212458495,14.06476149163483,0.615207354042869,13.816590212458495,0.1646282876527959,11
31,13.816590212458495,14.141995897909979,0.7913329942420785,13.816590212458495,0.16152763098621065,11
32,13.816590212458495,14.043012607690917,0.5931764645766945,13.816590212458495,0.15852239443630328,11
33,13.816590212458495,13.944178683810428,0.24432263761669537,13.816590212458495,0.1556068799704748,11
34,13.816590212458495,14.121370653264457,0.7886211358315425,13.816590212458495,0.15277588518248814,11
35,13.816590212458495,13.982978353018892,0.6044023875403793,13.816590212458495,0.15002464742764043,11
36,13.816590212458495,13.966594426380524,0.5622018543396051,13.816590212458495,0.14734879561374226,11
37,13.816590212458495,14.021051787362172,0.7189881450252539,13.816590212458495,0.14474430842242098,11
38,13.754723699099141,13.890230565207284,0.2850981070827612,13.754723699099141,0.14220747795819122,11
39,13.70293863659264,13.987097009298722,0.6595714731053005,13.70293863659264,0.13973487800048634,11
40,13.70293863659264,13.941560584012311,0.3584241222300073,13.70293863659264,0.1373233361764682,11
41,13.70293863659264,13.93364760225385,0.3381794099319542,13.70293863659264,0.1349699094875484,11
42,13.70293863659264,13.916090079279776,0.34790494891601065,13.70293863659264,0.13267186271599046,11
43,13.70293863659264,13.931174437034812,0.489216863887868,13.70293863659264,0.1304266493142095,11
44,13.70293863659264,13.894988787869366,0.3579958606500968,13.70293863659264,0.12823189444191613,11
45,13.70293863659264,13.884548142624528,0.3981297982828839,13.70293863659264,0.1260853798677885,11
46,13.70293863659264,13.975334539741093,0.6628272708149421,13.70293863659264,0.12398503049501725,11
47,13.70293863659264,13.930103730502077,0.6778692791315575,13.70293863659264,0.1219289023055466,11
48,13.635270009440731,13.86963484780169,0.43286658699769565,13.635270009440731,0.11991517154745629,11
49,13.635270009440731,13.815796395101808,0.3851015441968388,13.635270009440731,0.11794212501476203,11
50,13.635270009440731,13.815771425849823,0.4007237542817289,13.635270009440731,0.11600815128981068,11
51,13.635270009440731,13.768946445716294,0.3585922147458962,13.635270009440731,0.11411173283609738,11
52,13.635270009440731,13.783452954216152,0.38402605950313706,13.635270009440731,0.11225143884429051,11
53,13.635270009440731,13.82962966128621,0.6793117528363959,13.635270009440731,0.11042591874697638,11
54,13.635270009440731,13.780371892454832,0.5915144569932987,13.635270009440731,0.10863389632848514,11
55,13.635270009440731,13.75079406307147,0.36068288908764146,13.635270009440731,0.10687416436545444,11
56,13.635270009440731,13.751187998334396,0.3418819892126477,13.635270009440731,0.10514557974175692,11
57,13.635270009440731,13.704859614842324,0.30557777957785975,13.635270009440731,0.10344705898828305,11
58,13.635270009440731,13.660561567461036,0.10443106142321097,13.635270009440731,0.10177757420399913,11
59,13.635270009440731,13.660340894419683,0.12450224558956326,13.635270009440731,0.10013614931982229,11
60,13.635270009440731,13.825503006938902,0.8595438015604278,13.635270009440731,0.09852185667131119,11
61,13.635270009440731,13.652654087534906,0.07613213492427114,13.635270009440731,0.09693381385003808,11
62,13.56287388383278,13.63773569960036,0.029403444684859312,13.56287388383278,0.09537118080688434,11
63,13.56287388383278,13.669569677643103,0.25064490586474253,13.56287388383278,0.09383315718345281,11
64,13.56287388383278,13.845887142428673,0.7261883583085286,13.56287388383278,0.09231897985037307,11
65,13.56287388383278,13.8557898574298,0.7368242572447535,13.56287388383278,0.09082792063354544,11
66,13.56287388383278,13.662330065082308,0.25256921697569845,13.56287388383278,0.08935928421136363,11
67,13.56287388383278,13.806585562070131,0.7111575596610185,13.56287388383278,0.08791240616771684,11
68,13.56287388383278,13.765358977977955,0.7733298057694017,13.56287388383278,0.0864866511871244,11
69,13.56287388383278,13.765126938050715,0.7293977005143246,13.56287388383278,0.08508141137973013,11
70,13.56287388383278,13.636642927433767,0.16304430236224948,13.56287388383278,0.08369610472510458,11
71,13.56287388383278,13.657564812968094,0.27155679437522956,13.56287388383278,0.08233017362488254,11
72,13.56287388383278,13.66645148051574,0.3327076034436653,13.56287388383278,0.08098308355522937,11
73,13.56287388383278,13.631327482490024,0.2469587602607628,13.56287388383278,0.07965432181098431,11
74,13.56287388383278,13.579205598105085,0.07717132240045954,13.56287388383278,0.07834339633409798,11
75,13.56287388383278,13.576895941037225,0.09815440043111495,13.56287388383278,0.07704983461966303,11
76,13.56287388383278,13.576773861189896,0.09472506958404764,13.56287388383278,0.07577318269345334,11
77,13.56287388383278,13.600245558570196,0.19019162332587047,13.56287388383278,0.07451300415543333,11
78,13.56287388383278,13.708677532665165,0.665675326545247,13.56287388383278,0.07326887928419568,11
79,13.56287388383278,13.634012212162903,0.28484351641843314,13.56287388383278,0.0720404041977285,11
80,13.56287388383278,13.614419364593129,0.2376754691129984,13.56287388383278,0.07082719006631227,11
81,13.56287388383278,13.594928641571633,0.15605151149348118,13.56287388383278,0.0696288623737103,11
82,13.56287388383278,13.56390926255509,0.00724765105616239,13.56287388383278,0.06844506022313707,11
83,13.56287388383278,13.562873883832781,1.7763568394002505e-15,13.56287388383278,0.0672754356847905,11
84,13.56287388383278,13.58259639814972,0.13805760021856617,13.56287388383278,0.06611965318199253,11
85,13.56287388383278,13.61244056360943,0.258611032475858,13.56287388383278,0.06497738891323263,11
86,13.56287388383278,13.570025707224294,0.050062763740604276,13.56287388383278,0.063848330307619,11
87,13.56287388383278,13.56744919917957,0.024348466630209918,13.56287388383278,0.06273217551145155,11
88,13.56287388383278,13.563239182757808,0.002557092475197393,13.56287388383278,0.06162863290380183,11
89,13.56287388383278,13.577637496247508,0.07603758433192732,13.56287388383278,0.060537420639158235,11
90,13.56287388383278,13.572818556631601,0.06961270959174662,13.56287388383278,0.05945826621534128,11
91,13.56287388383278,13.572818556631601,0.06961270959174662,13.56287388383278,0.05839090606503061,11
92,13.56287388383278,13.562873883832781,1.7763568394002505e-15,13.56287388383278,0.05733508516937402,11
93,13.56287388383278,13.593549668406972,0.15137081894132987,13.56287388383278,0.05629055669225935,11
94,13.56287388383278,13.604122553999618,0.18340110789866215,13.56287388383278,0.05525708163393872,11
95,13.56287388383278,13.599164941471697,0.22089948914881533,13.56287388383278,0.054234428502788756,11
96,13.56287388383278,13.59412956274939,0.218789752416256,13.56287388383278,0.05322237300407823,11
97,13.56287388383278,13.651937374812917,0.6234444368609534,13.56287388383278,0.0522206977446984,11
98,13.56287388383278,13.56790926255509,0.03524765105616229,13.56287388383278,0.05122919195288139,11
99,13.56287388383278,13.57120311864343,0.04172349683161049,13.56287388383278,0.050247651212004085,11
100,13.56287388383278,13.576012233723517,0.05285820177810101,13.56287388383278,0.04927587720763693,11
101,13.56287388383278,13.603773263080189,0.19191149287637493,13.56287388383278,0.0483136774870529,11
102,13.56287388383278,13.609405536806001,0.20157464178206064,13.56287388383278,0.047360865230468896,11
103,13.56287388383278,13.581037786955621,0.09001702062338714,13.56287388383278,0.046417259033339486,11
104,13.56287388383278,13.57059639814972,0.05405760021856597,13.56287388383278,0.04548268269906619,11
105,13.56287388383278,13.562873883832781,1.7763568394002505e-15,13.56287388383278,0.044556965041532726,11
106,13.56287388383278,13.637997015848223,0.34459344993190677,13.56287388383278,0.043639939696910546,11
107,13.56287388383278,13.619539778765661,0.3025468806890453,13.56287388383278,0.04273144494421849,11
108,13.56287388383278,13.599750262901905,0.22150760574725112,13.56287388383278,0.041831323534151865,11
109,13.56287388383278,13.639459615890287,0.3817344427215788,13.56287388383278,0.04093942252572724,11
110,13.56287388383278,13.60320358684894,0.2265751176751199,13.56287388383278,0.04005559313032031,11
111,13.56287388383278,13.697353780315847,0.6279739148561254,13.56287388383278,0.03917969056269671,11
112,13.56287388383278,13.657024077299688,0.5921224978609599,13.56287388383278,0.03831157389866463,11
113,13.56287388383278,13.647079404500868,0.5894386446766061,13.56287388383278,0.037451105938998974,11
114,13.56287388383278,13.562873883832781,1.7763568394002505e-15,13.56287388383278,0.036598153079306306,11
115,13.56287388383278,13.609880193015432,0.194744203504246,13.56287388383278,0.03575258518552521,11
116,13.56287388383278,13.609880193015432,0.19474420350424604,13.56287388383278,0.034914275474769274,11
117,13.56287388383278,13.609880193015432,0.194744203504246,13.56287388383278,0.03408310040124124,11
118,13.56287388383278,13.578168735132563,0.07589355649648402,13.56287388383278,0.03325893954696074,11
119,13.56287388383278,13.576609128727023,0.06742354460428047,13.56287388383278,0.03244167551706445,11
120,13.56287388383278,13.614167075343234,0.2776031473725777,13.56287388383278,0.0316311938394504,11
121,13.56287388383278,13.576722296870619,0.09693889126486682,13.56287388383278,0.0308273828685533,11
122,13.56287388383278,13.576722296870619,0.09693889126486682,13.56287388383278,0.0300301336930463,11
123,13.56287388383278,13.614494861674416,0.25868594451354676,13.56287388383278,0.029239340047280238,11
124,13.56287388383278,13.59412956274939,0.218789752416256,13.56287388383278,0.02845489822627978,11
125,13.56287388383278,13.59412956274939,0.218789752416256,13.56287388383278,0.027676707004126444,11
126,13.56287388383278,13.562873883832781,1.7763568394002505e-15,13.56287388383278,0.02690466755556653,11
127,13.56287388383278,13.574892769550097,0.08413220002121306,13.56287388383278,0.026138683380694916,11
128,13.56287388383278,13.562873883832781,1.7763568394002505e-15,13.56287388383278,0.025378660232568573,11
129,13.56287388383278,13.562873883832781,1.7763568394002505e-15,13.56287388383278,0.02462450604761518,11
130,13.56287388383278,13.562873883832781,1.7763568394002505e-15,13.56287388383278,0.023876130878708435,11
131,13.56287388383278,13.562873883832781,1.7763568394002505e-15,13.56287388383278,0.023133446830787552,11
132,13.56287388383278,13.585197915169607,0.1562682193577799,13.56287388383278,0.022396367998906985,11
133,13.56287388383278,13.589616406156123,0.187197656263411,13.56287388383278,0.02166481040860574,11
134,13.56287388383278,13.562873883832781,1.7763568394002505e-15,13.56287388383278,0.020938691958494182,11
135,13.56287388383278,13.562873883832781,1.7763568394002505e-15,13.56287388383278,0.020217932364959,11
136,13.56287388383278,13.579549665250315,0.11673046992275163,13.56287388383278,0.019502453108893703,11
137,13.56287388383278,13.562873883832781,1.7763568394002505e-15,13.56287388383278,0.01879217738436656,11
138,13.56287388383278,13.613817751235947,0.2939323836157546,13.56287388383278,0.018087030049141528,11
139,13.56287388383278,13.69724789072581,0.647274716639266,13.56287388383278,0.017386937576972405,11
140,13.56287388383278,13.603873078437127,0.2869943622304192,13.56287388383278,0.0166918280115953,11
141,13.56287388383278,13.603873078437127,0.2869943622304192,13.56287388383278,0.016001630922346743,11
142,13.56287388383278,13.603873078437127,0.2869943622304192,13.56287388383278,0.015316277361338337,11
143,13.56287388383278,13.562873883832781,1.7763568394002505e-15,13.56287388383278,0.014635699822124648,11
144,13.56287388383278,13.590606201011788,0.19412622025305595,13.56287388383278,0.013959832199800903,11
145,13.56287388383278,13.584479759606436,0.1512411304155808,13.56287388383278,0.01328860975247148,11
146,13.56287388383278,13.562873883832781,1.7763568394002505e-15,13.56287388383278,0.0126219690640344,11
147,13.56287388383278,13.562873883832781,1.7763568394002505e-15,13.56287388383278,0.011959848008226526,11
148,13.56287388383278,13.598847351412012,0.2518142730546159,13.56287388383278,0.011302185713879864,11
149,13.56287388383278,13.603882730134321,0.25355580244310993,13.56287388383278,0.010648922531340144,11
150,13.56287388383278,13.562873883832781,1.7763568394002505e-15,13.56287388383278,0.010000000000000009,11
0,18.94899959967968,20.69082817704764,0.826689453604127,18.94899959967968,0.5,12
1,16.365422712353222,20.18518754933387,0.8873592759442518,16.365422712353222,0.4323055261972421,12
2,16.365422712353222,19.63055443875681,0.9880457994985046,16.365422712353222,0.39270679751657805,12
3,16.146916505762093,18.987089787044628,1.2882927572655285,16.146916505762093,0.3646110523944842,12
4,16.146916505762093,18.37308282794104,1.4047437078038396,16.146916505762093,0.34281829940875996,12
5,15.66988664825584,17.71583133485132,1.3258821690622498,15.66988664825584,0.3250123237138202,12
6,15.66988664825584,16.922572364676167,1.0067399561482184,15.66988664825584,0.3099575857737281,12
7,15.66988664825584,16.439072757785446,0.5714197082422862,15.66988664825584,0.2969165785917264,12
8,15.66988664825584,16.28800655684393,0.5822053911578393,15.66988664825584,0.2854135950331561,12
9,15.64735211631906,16.120578972564704,0.5011204728956095,15.64735211631906,0.275123825606002,12
10,15.470540018881465,15.975920237359569,0.49614646684022146,15.470540018881465,0.2658155969197252,12
11,15.19722114972099,15.8902040054993,0.28175084557758573,15.19722114972099,0.2573178499110623,12
12,14.787119154832538,15.790296577483646,0.2909383514386396,14.787119154832538,0.24950068044161305,12
13,14.787119154832538,15.735628504620045,0.36661701777570904,14.787119154832538,0.24226311197097028,12
14,14.787119154832538,15.620435274191466,0.3741773298919449,14.787119154832538,0.23552509692533802,12
15,14.752610922848042,15.477789574569972,0.31714285294160494,14.752610922848042,0.22922210478896848,12
16,14.752610922848042,15.391748845259341,0.30652324423711264,14.752610922848042,0.22330135377323262,12
17,14.752610922848042,15.314298567423434,0.3021951484005456,14.752610922848042,0.21771912123039833,12
18,14.787119154832538,15.248794462834006,0.28818766537376017,14.752610922848042,0.2124387822251788,12
19,14.787119154832538,15.261298450930974,0.3667546420636991,14.752610922848042,0.20742935180324423,12
20,14.787119154832538,15.145775431183853,0.3321393187059659,14.752610922848042,0.20266438329030623,12
21,14.787119154832538,15.054078436190112,0.2478695417136977,14.752610922848042,0.19812112311696733,12
22,14.787119154832538,15.013710383319799,0.24221954217421532,14.752610922848042,0.1937798536705464,12
23,14.787119154832538,14.997529896058051,0.295347281821786,14.752610922848042,0.18962337610830443,12
24,14.787119154832538,14.959245850297146,0.2795647866611387,14.752610922848042,0.18563659881751993,12
25,14.758089374931439,14.915141499136155,0.24014467131301795,14.752610922848042,0.18180620663885522,12
26,14.758089374931439,14.948566979291561,0.30953013421676073,14.752610922848042,0.17812039254973427,12
27,14.007135583350037,14.891882012955753,0.2909480191072618,14.007135583350037,0.17456863816821244,12
28,14.007135583350037,14.902460795120474,0.3257915211726433,14.007135583350037,0.17114153279104094,12
29,14.007135583350037,14.873865031640937,0.33416894930909313,14.007135583350037,0.16783062312258012,12
30,14.007135583350037,14.827506457843892,0.35209743847605635,14.007135583350037,0.1646282876527959,12
31,14.007135583350037,14.788119398372634,0.3616018180985426,14.007135583350037,0.16152763098621065,12
32,14.007135583350037,14.64828301461987,0.28783089709404275,14.007135583350037,0.15852239443630328,12
33,14.007135583350037,14.584051276319752,0.3722614941952972,14.007135583350037,0.1556068799704748,12
34,13.861547262794321,14.517400953350243,0.3958262710451397,13.861547262794321,0.15277588518248814,12
35,13.861547262794321,14.357350837310575,0.41094612825633187,13.861547262794321,0.15002464742764043,12
36,13.861547262794321,14.261315087007313,0.40574929450171743,13.861547262794321,0.14734879561374226,12
37,13.688689042296101,14.211687094131749,0.387969687233795,13.688689042296101,0.14474430842242098,12
38,13.688689042296101,14.10777870923711,0.300548295225366,13.688689042296101,0.14220747795819122,12
39,13.688689042296101,14.059203861048895,0.2945942502604974,13.688689042296101,0.13973487800048634,12
40,13.688689042296101,14.03577019552011,0.3188781800347646,13.688689042296101,0.1373233361764682,12
41,13.688689042296101,13.926496554006608,0.19946188210268215,13.688689042296101,0.1349699094875484,12
42,13.688689042296101,13.900802068635844,0.21965214551443432,13.688689042296101,0.13267186271599046,12
43,13.688689042296101,13.881108343735972,0.2465474782583068,13.688689042296101,0.1304266493142095,12
44,13.688689042296101,13.824639184750486,0.17788191763132682,13.688689042296101,0.12823189444191613,12
45,13.688689042296101,13.789584443150215,0.1559040632935347,13.688689042296101,0.1260853798677885,12
46,13.688689042296101,13.782846933511367,0.2531816951933261,13.688689042296101,0.12398503049501725,12
47,13.688689042296101,13.767566339891165,0.20462362554815156,13.688689042296101,0.1219289023055466,12
48,13.688689042296101,13.776861572899497,0.2671780501020146,13.688689042296101,0.11991517154745629,12
49,13.688689042296101,13.75206774364959,0.23036767418398338,13.688689042296101,0.11794212501476203,12
50,13.688689042296101,13.823209005184589,0.34099276811270146,13.688689042296101,0.11600815128981068,12
51,13.688689042296101,13.735815719731113,0.18124897618878832,13.688689042296101,0.11411173283609738,12
52,13.688689042296101,13.729034528588818,0.2452032085220152,13.688689042296101,0.11225143884429051,12
53,13.688689042296101,13.79303840031532,0.3875973511916344,13.688689042296101,0.11042591874697638,12
54,13.56767050061961,13.758688382233126,0.2521184050829285,13.56767050061961,0.10863389632848514,12
55,13.56767050061961,13.731878085861773,0.19523004784955617,13.56767050061961,0.10687416436545444,12
56,13.56767050061961,13.764373692226327,0.27026798088024606,13.56767050061961,0.10514557974175692,12
57,13.56767050061961,13.724512363791314,0.18147213955307678,13.56767050061961,0.10344705898828305,12
58,13.56767050061961,13.716312065494419,0.22832383607256101,13.56767050061961,0.10177757420399913,12
59,13.56767050061961,13.697947570981501,0.18807985153463327,13.56767050061961,0.10013614931982229,12
60,13.56767050061961,13.691872402390029,0.20169768225425158,13.56767050061961,0.09852185667131119,12
61,13.476819745345026,13.712410701986132,0.29669934067651516,13.476819745345026,0.09693381385003808,12
62,13.476819745345026,13.65213170357845,0.260156510024057,13.476819745345026,0.09537118080688434,12
63,13.364054992217051,13.60598816171875,0.25508754524926314,13.364054992217051,0.09383315718345281,12
64,13.364054992217051,13.611692761079702,0.22308023332646632,13.364054992217051,0.09231897985037307,12
65,13.364054992217051,13.537886774788578,0.060903571992171814,13.364054992217051,0.09082792063354544,12
66,13.316609194718914,13.542371934310285,0.19256193775921426,13.316609194718914,0.08935928421136363,12
67,12.839607805437115,13.547879719907634,0.3173916768374388,12.839607805437115,0.08791240616771684,12
68,12.839607805437115,13.545918863591517,0.4138224753799282,12.839607805437115,0.0864866511871244,12
69,12.839607805437115,13.407663924198397,0.25332689654425616,12.839607805437115,0.08508141137973013,12
70,12.839607805437115,13.331592636079224,0.3115009529088787,12.839607805437115,0.08369610472510458,12
71,12.839607805437115,13.266461171995147,0.3060313733217414,12.839607805437115,0.08233017362488254,12
72,12.839607805437115,13.18202682226987,0.2874906421079179,12.839607805437115,0.08098308355522937,12
73,12.839607805437115,13.134481404697405,0.376905407073992,12.839607805437115,0.07965432181098431,12
74,12.839607805437115,13.01127022205769,0.2665115400968788,12.839607805437115,0.07834339633409798,12
75,12.839607805437115,12.945922552805303,0.300973307962446,12.839607805437115,0.07704983461966303,12
76,12.839607805437115,12.86876691432351,0.12176157997302321,12.839607805437115,0.07577318269345334,12
77,12.549193338482967,12.908198915654113,0.30871648021756737,12.549193338482967,0.07451300415543333,12
78,12.549193338482967,12.887425181030018,0.26869805159743426,12.549193338482967,0.07326887928419568,12
79,12.549193338482967,12.87130931699869,0.2148710624466899,12.549193338482967,0.0720404041977285,12
80,12.549193338482967,12.837010973630186,0.19491675405755554,12.549193338482967,0.07082719006631227,12
81,12.549193338482967,12.83784631869817,0.30346153464307357,12.549193338482967,0.0696288623737103,12
82,12.549193338482967,12.761078631477126,0.2226276375573077,12.549193338482967,0.06844506022313707,12
83,12.549193338482967,12.690756897495852,0.17413594805441868,12.549193338482967,0.0672754356847905,12
84,12.549193338482967,12.657884235708526,0.22197017227241952,12.549193338482967,0.06611965318199253,12
85,12.549193338482967,12.654508549678763,0.20862912134680328,12.549193338482967,0.06497738891323263,12
86,12.549193338482967,12.60890061516222,0.163631242881675,12.549193338482967,0.063848330307619,12
87,12.549193338482967,12.637272616767696,0.3268653853302287,12.549193338482967,0.06273217551145155,12
88,12.549193338482967,12.615407703723097,0.31172986872741604,12.549193338482967,0.06162863290380183,12
89,12.549193338482967,12.6904806047892,0.4784338711245652,12.549193338482967,0.060537420639158235,12
90,12.549193338482967,12.678692929691977,0.46722246260894196,12.549193338482967,0.05945826621534128,12
91,12.549193338482967,12.61801800067071,0.26463120942815493,12.549193338482967,0.05839090606503061,12
92,12.549193338482967,12.613127327843394,0.20243589767483852,12.549193338482967,0.05733508516937402,12
93,12.549193338482967,12.580405648592045,0.12472556874753095,12.549193338482967,0.05629055669225935,12
94,12.549193338482967,12.6514158895269,0.3280289410756965,12.549193338482967,0.05525708163393872,12
95,12.549193338482967,12.599804744190715,0.25976653127446414,12.549193338482967,0.054234428502788756,12
96,12.549193338482967,12.603321266171113,0.25097697316157747,12.549193338482967,0.05322237300407823,12
97,12.549193338482967,12.618052123631132,0.2873810056939475,12.549193338482967,0.0522206977446984,12
98,12.549193338482967,12.582246496057733,0.23137210302336092,12.549193338482967,0.05122919195288139,12
99,12.549193338482967,12.600927962600071,0.2634368037294813,12.549193338482967,0.050247651212004085,12
100,12.549193338482967,12.664941276322274,0.3103820455749207,12.549193338482967,0.04927587720763693,12
101,12.549193338482967,12.638306149276769,0.29757690661524494,12.549193338482967,0.0483136774870529,12
102,12.549193338482967,12.638359553509185,0.3285360425283764,12.549193338482967,0.047360865230468896,12
103,12.549193338482967,12.632742623799722,0.30968563862805704,12.549193338482967,0.046417259033339486,12
104,12.549193338482967,12.549193338482967,0.0,12.549193338482967,0.04548268269906619,12
105,12.549193338482967,12.580635878584498,0.2200977807107345,12.549193338482967,0.044556965041532726,12
106,12.549193338482967,12.574249455726095,0.17539282070189527,12.549193338482967,0.043639939696910546,12
107,12.549193338482967,12.61036179995201,0.30177983409049514,12.549193338482967,0.04273144494421849,12
108,12.549193338482967,12.549193338482967,0.0,12.549193338482967,0.041831323534151865,12
109,12.549193338482967,12.549193338482967,0.0,12.549193338482967,0.04093942252572724,12
110,12.549193338482967,12.549193338482967,0.0,12.549193338482967,0.04005559313032031,12
111,12.549193338482967,12.555649562006646,0.04519356466575558,12.549193338482967,0.03917969056269671,12
112,12.549193338482967,12.555649562006646,0.04519356466575558,12.549193338482967,0.03831157389866463,12
113,12.549193338482967,12.594788718642876,0.19591048013051782,12.549193338482967,0.037451105938998974,12
114,12.549193338482967,12.569651028576857,0.1432038306572316,12.549193338482967,0.036598153079306306,12
115,12.549193338482967,12.55882402321863,0.06741479314965981,12.549193338482967,0.03575258518552521,12
116,12.549193338482967,12.578144991876803,0.1151127933467747,12.549193338482967,0.034914275474769274,12
117,12.549193338482967,12.5706974540001,0.10534822077368916,12.549193338482967,0.03408310040124124,12
118,12.549193338482967,12.61411051562597,0.31954520206764464,12.549193338482967,0.03325893954696074,12
119,12.549193338482967,12.606400079048694,0.26757307124047736,12.549193338482967,0.03244167551706445,12
120,12.549193338482967,12.601091089419391,0.2660175079252372,12.549193338482967,0.0316311938394504,12
121,12.549193338482967,12.58476219850125,0.24898202012798842,12.549193338482967,0.0308273828685533,12
122,12.549193338482967,12.553315362427803,0.028854167613840572,12.549193338482967,0.0300301336930463,12
123,12.549193338482967,12.574200875422862,0.14843991989902616,12.549193338482967,0.029239340047280238,12
124,12.549193338482967,12.5818360215138,0.15655355236939975,12.549193338482967,0.02845489822627978,12
125,12.549193338482967,12.549193338482967,0.0,12.549193338482967,0.027676707004126444,12
126,12.549193338482967,12.583942071213805,0.1599326705145097,12.549193338482967,0.02690466755556653,12
127,12.549193338482967,12.571504741114838,0.11706687363534664,12.549193338482967,0.026138683380694916,12
128,12.549193338482967,12.549193338482967,0.0,12.549193338482967,0.025378660232568573,12
129,12.549193338482967,12.565042531821865,0.11094435337227214,12.549193338482967,0.02462450604761518,12
130,12.549193338482967,12.549193338482967,0.0,12.549193338482967,0.023876130878708435,12
131,12.549193338482967,12.549193338482967,0.0,12.549193338482967,0.023133446830787552,12
132,12.549193338482967,12.566789302919274,0.12317175105413593,12.549193338482967,0.022396367998906985,12
133,12.549193338482967,12.566789302919274,0.12317175105413594,12.549193338482967,0.02166481040860574,12
134,12.549193338482967,12.562471724652724,0.09294870318831075,12.549193338482967,0.020938691958494182,12
135,12.549193338482967,12.562471724652724,0.09294870318831075,12.549193338482967,0.020217932364959,12
136,12.549193338482967,12.549193338482967,0.0,12.549193338482967,0.019502453108893703,12
137,12.549193338482967,12.564541275962478,0.10743556235657391,12.549193338482967,0.01879217738436656,12
138,12.549193338482967,12.613386252607858,0.22423764819735836,12.549193338482967,0.018087030049141528,12
139,12.549193338482967,12.586916375970176,0.18811482319108147,12.549193338482967,0.017386937576972405,12
140,12.549193338482967,12.564541275962478,0.10743556235657391,12.549193338482967,0.0166918280115953,12
141,12.549193338482967,12.549193338482967,0.0,12.549193338482967,0.016001630922346743,12
142,12.549193338482967,12.558352086724717,0.06411123769226137,12.549193338482967,0.015316277361338337,12
143,12.549193338482967,12.549193338482967,0.0,12.549193338482967,0.014635699822124648,12
144,12.549193338482967,12.549193338482967,0.0,12.549193338482967,0.013959832199800903,12
145,12.549193338482967,12.549193338482967,0.0,12.549193338482967,0.01328860975247148,12
146,12.549193338482967,12.549193338482967,0.0,12.549193338482967,0.0126219690640344,12
147,12.549193338482967,12.590502956029162,0.2891673228233732,12.549193338482967,0.011959848008226526,12
148,12.549193338482967,12.5627567087043,0.09494359154932451,12.549193338482967,0.011302185713879864,12
149,12.549193338482967,12.549193338482967,0.0,12.549193338482967,0.010648922531340144,12
150,12.549193338482967,12.549193338482967,0.0,12.549193338482967,0.010000000000000009,12
0,19.213552872566005,20.667876540655733,0.766343662918514,19.213552872566005,0.5,13
1,16.78262224629348,20.16793228228443,0.8694644009425502,16.78262224629348,0.4323055261972421,13
2,16.78262224629348,19.637563067594343,0.9851579026935838,16.78262224629348,0.39270679751657805,13
3,16.481742422927145,19.07360047281456,1.14276057067374,16.481742422927145,0.3646110523944842,13
4,15.719950248448356,18.58508815658327,1.121025176470807,15.719950248448356,0.34281829940875996,13
5,15.719950248448356,17.980175870435477,1.030205997283118,15.719950248448356,0.3250123237138202,13
6,15.719950248448356,17.45956150504701,1.044121855515371,15.719950248448356,0.3099575857737281,13
7,15.719950248448356,16.930474584113764,0.8151862803092103,15.719950248448356,0.2969165785917264,13
8,15.495943722515266,16.640229412208633,0.8259919422650931,15.495943722515266,0.2854135950331561,13
9,15.495943722515266,16.376712166338958,0.7657962631788449,15.495943722515266,0.275123825606002,13
10,15.239270764090493,16.095371254628546,0.6732429520177186,15.239270764090493,0.2658155969197252,13
11,15.239270764090493,15.9187760426233,0.6511417024689173,15.239270764090493,0.2573178499110623,13
12,15.214674215792776,15.757535019802901,0.6182663977005705,15.214674215792776,0.24950068044161305,13
13,15.129285639896448,15.609473512052809,0.22569869653462507,15.129285639896448,0.24226311197097028,13
14,15.009447398198283,15.542062309551868,0.2689775427462914,15.009447398198283,0.23552509692533802,13
15,14.771085446759225,15.45235937357766,0.33875695773296055,14.771085446759225,0.22922210478896848,13
16,14.771085446759225,15.313641841324243,0.2788435912103117,14.771085446759225,0.22330135377323262,13
17,14.536877428271625,15.22387117131139,0.26233580686989727,14.536877428271625,0.21771912123039833,13
18,14.536877428271625,15.23351719116123,0.3174337994723937,14.536877428271625,0.2124387822251788,13
19,14.536877428271625,15.191240277640034,0.3688050190895533,14.536877428271625,0.20742935180324423,13
20,14.536877428271625,15.076502877102898,0.29812990854243276,14.536877428271625,0.20266438329030623,13
21,14.536877428271625,15.06280777063938,0.3614223547461418,14.536877428271625,0.19812112311696733,13
22,14.536877428271625,15.004433658886251,0.4107988305910178,14.536877428271625,0.1937798536705464,13
23,14.536877428271625,14.978111446586873,0.48372439634880776,14.536877428271625,0.18962337610830443,13
24,14.293325909419153,14.92358487141611,0.504736108774686,14.293325909419153,0.18563659881751993,13
25,14.293325909419153,14.756123627666357,0.3557950929723078,14.293325909419153,0.18180620663885522,13
26,14.293325909419153,14.629723179162736,0.29065088376654535,14.293325909419153,0.17812039254973427,13
27,14.293325909419153,14.60810165530122,0.3308047646651673,14.293325909419153,0.17456863816821244,13
28,14.12763633939717,14.539705788725474,0.29785542678912846,14.12763633939717,0.17114153279104094,13
29,14.12763633939717,14.479561749764596,0.2928113421434912,14.12763633939717,0.16783062312258012,13
30,14.12763633939717,14.459951858989125,0.3120668665031696,14.12763633939717,0.1646282876527959,13
31,14.12763633939717,14.38852335135322,0.23838505052679315,14.12763633939717,0.16152763098621065,13
32,14.12763633939717,14.350906791050864,0.23075825111911155,14.12763633939717,0.15852239443630328,13
33,14.12763633939717,14.352912743050384,0.3025657023488406,14.12763633939717,0.1556068799704748,13
34,13.931300056749532,14.348276622416344,0.347114765196557,13.931300056749532,0.15277588518248814,13
35,13.917935662402835,14.216889276969294,0.23124434134465158,13.917935662402835,0.15002464742764043,13
36,13.917935662402835,14.19710139226531,0.25748619339634815,13.917935662402835,0.14734879561374226,13
37,13.835415650406262,14.182593818475736,0.2270579940462998,13.835415650406262,0.14474430842242098,13
38,13.835415650406262,14.125499683829611,0.1717288378861893,13.835415650406262,0.14220747795819122,13
39,13.835415650406262,14.098296006948663,0.24354951785767906,13.835415650406262,0.13973487800048634,13
40,13.835415650406262,14.044692581421975,0.2503095827854801,13.835415650406262,0.1373233361764682,13
41,13.835415650406262,14.015442085332474,0.2559916196948749,13.835415650406262,0.1349699094875484,13
42,13.835415650406262,13.952198180991463,0.24092061076289997,13.835415650406262,0.13267186271599046,13
43,13.835415650406262,13.88599298906164,0.1291779977229734,13.835415650406262,0.1304266493142095,13
44,13.577154105707724,13.904241860437738,0.205763625195834,13.577154105707724,0.12823189444191613,13
45,13.577154105707724,13.896763980220086,0.20831365439026722,13.577154105707724,0.1260853798677885,13
46,13.577154105707724,13.88320318552166,0.23992312346368452,13.577154105707724,0.12398503049501725,13
47,13.577154105707724,13.94253886834842,0.42889125946802814,13.577154105707724,0.1219289023055466,13
48,13.577154105707724,13.834844947121587,0.17283890264836455,13.577154105707724,0.11991517154745629,13
49,13.577154105707724,13.843554724126548,0.21720818497238284,13.577154105707724,0.11794212501476203,13
50,13.577154105707724,13.795956518111964,0.2175177977739601,13.577154105707724,0.11600815128981068,13
51,13.577154105707724,13.735169384148206,0.19994885119716088,13.577154105707724,0.11411173283609738,13
52,13.493468988235943,13.691568401064728,0.17522534541248788,13.493468988235943,0.11225143884429051,13
53,13.493468988235943,13.683324431425026,0.2190610914932783,13.493468988235943,0.11042591874697638,13
54,13.493468988235943,13.629156532385146,0.14449262228547494,13.493468988235943,0.10863389632848514,13
55,13.493468988235943,13.602770529145278,0.16271076120260025,13.493468988235943,0.10687416436545444,13
56,13.493468988235943,13.571319362647218,0.06817535796983097,13.493468988235943,0.10514557974175692,13
57,13.493468988235943,13.596000951861955,0.14688203942382513,13.493468988235943,0.10344705898828305,13
58,13.493468988235943,13.552794130812488,0.06774824049109911,13.493468988235943,0.10177757420399913,13
59,13.493468988235943,13.56352549726426,0.12476213797658033,13.493468988235943,0.10013614931982229,13
60,13.493468988235943,13.570074945984004,0.15471941909309136,13.493468988235943,0.09852185667131119,13
61,13.483266665599967,13.53942196280925,0.1338962635447017,13.483266665599967,0.09693381385003808,13
62,13.483266665599967,13.510249523703498,0.0693996443137732,13.483266665599967,0.09537118080688434,13
63,13.483266665599967,13.550339000382973,0.18632261880757295,13.483266665599967,0.09383315718345281,13
64,13.483266665599967,13.52210856969667,0.12036851148717131,13.483266665599967,0.09231897985037307,13
65,13.483266665599967,13.518680778044619,0.14805716078989725,13.483266665599967,0.09082792063354544,13
66,13.483266665599967,13.500508874552763,0.07858563279340325,13.483266665599967,0.08935928421136363,13
67,13.483266665599967,13.531355649063487,0.21950940904883864,13.483266665599967,0.08791240616771684,13
68,13.483266665599967,13.529443209940238,0.21487110106376797,13.483266665599967,0.0864866511871244,13
69,13.483266665599967,13.59701835028526,0.3283979551774227,13.483266665599967,0.08508141137973013,13
70,13.333907960581373,13.596034784475467,0.3258827389608968,13.333907960581373,0.08369610472510458,13
71,13.333907960581373,13.5590077967314,0.29812166249272304,13.333907960581373,0.08233017362488254,13
72,13.333907960581373,13.58286943647072,0.3527482433553182,13.333907960581373,0.08098308355522937,13
73,13.333907960581373,13.5282580603904,0.2524251529486466,13.333907960581373,0.07965432181098431,13
74,13.333907960581373,13.497187803579331,0.15775911420699504,13.333907960581373,0.07834339633409798,13
75,13.333907960581373,13.494619729586034,0.21326926613206337,13.333907960581373,0.07704983461966303,13
76,13.333907960581373,13.460016208232123,0.2129393697189595,13.333907960581373,0.07577318269345334,13
77,13.333907960581373,13.421994469915187,0.2250907000284621,13.333907960581373,0.07451300415543333,13
78,13.333907960581373,13.384780713771892,0.20765443091934946,13.333907960581373,0.07326887928419568,13
79,13.333907960581373,13.412994533374418,0.278802092425834,13.333907960581373,0.0720404041977285,13
80,13.333907960581373,13.389828462268083,0.2596933190318389,13.333907960581373,0.07082719006631227,13
81,13.14355957741627,13.384381696495614,0.23277770752832835,13.14355957741627,0.0696288623737103,13
82,13.14355957741627,13.35735220469061,0.1812295233903337,13.14355957741627,0.06844506022313707,13
83,13.14355957741627,13.41817323510598,0.25652912061950794,13.14355957741627,0.0672754356847905,13
84,13.14355957741627,13.437900189588055,0.3136933875154795,13.14355957741627,0.06611965318199253,13
85,13.14355957741627,13.345410130144323,0.20623626557074917,13.14355957741627,0.06497738891323263,13
86,12.929705854077836,13.287671381001287,0.13673608649036798,12.929705854077836,0.063848330307619,13
87,12.929705854077836,13.302807208785126,0.30699435247609286,12.929705854077836,0.06273217551145155,13
88,12.929705854077836,13.25845190893408,0.2900356034070503,12.929705854077836,0.06162863290380183,13
89,12.929705854077836,13.229288763650288,0.30733667444076496,12.929705854077836,0.060537420639158235,13
90,12.929705854077836,13.172496142551674,0.33313902268886775,12.929705854077836,0.05945826621534128,13
91,12.929705854077836,13.131726112188176,0.19242209800161225,12.929705854077836,0.05839090606503061,13
92,12.929705854077836,13.10528016189675,0.2630891448989236,12.929705854077836,0.05733508516937402,13
93,12.929705854077836,13.025585184739043,0.1340675239654979,12.929705854077836,0.05629055669225935,13
94,12.929705854077836,12.976106966718751,0.08557516598495918,12.929705854077836,0.05525708163393872,13
95,12.929705854077836,13.009387163179172,0.3159417085052085,12.929705854077836,0.054234428502788756,13
96,12.929705854077836,12.97333374020403,0.14865517527692973,12.929705854077836,0.05322237300407823,13
97,12.929705854077836,12.978069885146454,0.2396113047838674,12.929705854077836,0.0522206977446984,13
98,12.929705854077836,12.947773926315394,0.068052592633784,12.929705854077836,0.05122919195288139,13
99,12.929705854077836,12.935798112531218,0.03228462996403035,12.929705854077836,0.050247651212004085,13
100,12.929705854077836,12.960691517149394,0.14333492294433797,12.929705854077836,0.04927587720763693,13
101,12.929705854077836,12.981078350688222,0.21960774624092347,12.929705854077836,0.0483136774870529,13
102,12.803329637837292,13.013784418922675,0.32146584460359806,12.803329637837292,0.047360865230468896,13
103,12.803329637837292,13.004364926454077,0.32900264125030465,12.803329637837292,0.046417259033339486,13
104,12.803329637837292,12.9898948322861,0.3217933255864583,12.803329637837292,0.04548268269906619,13
105,12.803329637837292,12.953291285706625,0.23977246869559762,12.803329637837292,0.044556965041532726,13
106,12.803329637837292,12.976739130902184,0.31456671307356315,12.803329637837292,0.043639939696910546,13
107,12.803329637837292,12.901442050658195,0.05698862759591842,12.803329637837292,0.04273144494421849,13
108,12.803329637837292,12.879155367581616,0.06191144908259237,12.803329637837292,0.041831323534151865,13
109,12.803329637837292,12.848825075683886,0.060660583795461194,12.803329637837292,0.04093942252572724,13
110,12.803329637837292,12.888381996114258,0.339973757641976,12.803329637837292,0.04005559313032031,13
111,12.803329637837292,12.827297839596763,0.11750839850985216,12.803329637837292,0.03917969056269671,13
112,12.803329637837292,12.849191755979737,0.23401768927885702,12.803329637837292,0.03831157389866463,13
113,12.803329637837292,12.81971526662233,0.1146994014952793,12.803329637837292,0.037451105938998974,13
114,12.803329637837292,12.838967644173248,0.24946604435171724,12.803329637837292,0.036598153079306306,13
115,12.803329637837292,12.826252839936206,0.16046241469242417,12.803329637837292,0.03575258518552521,13
116,12.803329637837292,12.803329637837289,3.552713678800501e-15,12.803329637837292,0.034914275474769274,13
117,12.803329637837292,12.813594849329712,0.07185648044696841,12.803329637837292,0.03408310040124124,13
118,12.803329637837292,12.813594849329716,0.0718564804469684,12.803329637837292,0.03325893954696074,13
119,12.803329637837292,12.803329637837289,3.552713678800501e-15,12.803329637837292,0.03244167551706445,13
120,12.803329637837292,12.803329637837289,3.552713678800501e-15,12.803329637837292,0.0316311938394504,13
121,12.803329637837292,12.820076521515311,0.09140938675674976,12.803329637837292,0.0308273828685533,13
122,12.803329637837292,12.803329637837289,3.552713678800501e-15,12.803329637837292,0.0300301336930463,13
123,12.803329637837292,12.803329637837289,3.552713678800501e-15,12.803329637837292,0.029239340047280238,13
124,12.803329637837292,12.8495565293964,0.32358824091376753,12.803329637837292,0.02845489822627978,13
125,12.803329637837292,12.8495565293964,0.32358824091376753,12.803329637837292,0.027676707004126444,13
126,12.803329637837292,12.837824034424568,0.17057912869438951,12.803329637837292,0.02690466755556653,13
127,12.803329637837292,12.830301547969125,0.1454776020830802,12.803329637837292,0.026138683380694916,13
128,12.803329637837292,12.91228695201874,0.4184830445455065,12.803329637837292,0.025378660232568573,13
129,12.803329637837292,12.86333813082715,0.27414679055649327,12.803329637837292,0.02462450604761518,13
130,12.803329637837292,12.854310249601912,0.26848338357633117,12.803329637837292,0.023876130878708435,13
131,12.803329637837292,12.803329637837289,3.552713678800501e-15,12.803329637837292,0.023133446830787552,13
132,12.803329637837292,12.803329637837289,3.552713678800501e-15,12.803329637837292,0.022396367998906985,13
133,12.803329637837292,12.803329637837289,3.552713678800501e-15,12.803329637837292,0.02166481040860574,13
134,12.803329637837292,12.81581437884554,0.08739318705773805,12.803329637837292,0.020938691958494182,13
135,12.803329637837292,12.820243939707336,0.09213248485642518,12.803329637837292,0.020217932364959,13
136,12.803329637837292,12.846638790391921,0.30316406788241507,12.803329637837292,0.019502453108893703,13
137,12.803329637837292,12.846638790391921,0.30316406788241507,12.803329637837292,0.01879217738436656,13
138,12.803329637837292,12.846638790391921,0.30316406788241507,12.803329637837292,0.018087030049141528,13
139,12.803329637837292,12.803329637837289,3.552713678800501e-15,12.803329637837292,0.017386937576972405,13
140,12.803329637837292,12.803329637837289,3.552713678800501e-15,12.803329637837292,0.0166918280115953,13
141,12.803329637837292,12.803329637837289,3.552713678800501e-15,12.803329637837292,0.016001630922346743,13
142,12.803329637837292,12.803329637837289,3.552713678800501e-15,12.803329637837292,0.015316277361338337,13
143,12.803329637837292,12.803329637837289,3.552713678800501e-15,12.803329637837292,0.014635699822124648,13
144,12.803329637837292,12.803329637837289,3.552713678800501e-15,12.803329637837292,0.013959832199800903,13
145,12.803329637837292,12.803329637837289,3.552713678800501e-15,12.803329637837292,0.01328860975247148,13
146,12.803329637837292,12.803329637837289,3.552713678800501e-15,12.803329637837292,0.0126219690640344,13
147,12.803329637837292,12.828735927787198,0.17784402964936724,12.803329637837292,0.011959848008226526,13
148,12.803329637837292,12.803329637837289,3.552713678800501e-15,12.803329637837292,0.011302185713879864,13
149,12.803329637837292,12.803329637837289,3.552713678800501e-15,12.803329637837292,0.010648922531340144,13
150,12.803329637837292,12.803329637837289,3.552713678800501e-15,12.803329637837292,0.010000000000000009,13
0,18.63907194296653,20.7517973355288,0.8880293284877606,18.63907194296653,0.5,14
1,17.92756668824971,20.318652782727494,0.9297884312771885,17.92756668824971,0.4323055261972421,14
2,16.76939798987516,19.65899580830306,1.0412065161031165,16.76939798987516,0.39270679751657805,14
3,15.743835071544513,19.159196486823067,1.2103494293399624,15.743835071544513,0.3646110523944842,14
4,15.563705936241092,18.571117893179792,1.2521029673921056,15.563705936241092,0.34281829940875996,14
5,15.563705936241092,18.0532993759821,1.2602208138074809,15.563705936241092,0.3250123237138202,14
6,15.563705936241092,17.4525654965188,1.2978145530216578,15.563705936241092,0.3099575857737281,14
7,15.563705936241092,16.810279820287892,1.0109838770460198,15.563705936241092,0.2969165785917264,14
8,15.563705936241092,16.323789948561238,0.6529318427660792,15.563705936241092,0.2854135950331561,14
9,15.563705936241092,16.037550674319203,0.3971088311632591,15.563705936241092,0.275123825606002,14
10,15.27612260356422,15.940116578837882,0.4341866753289177,15.27612260356422,0.2658155969197252,14
11,15.27612260356422,15.782691954870716,0.36592842803555403,15.27612260356422,0.2573178499110623,14
12,15.161901286060019,15.72301008896802,0.34982750726616413,15.161901286060019,0.24950068044161305,14
13,14.556349099818895,15.559720472760027,0.3795424342009604,14.556349099818895,0.24226311197097028,14
14,14.556349099818895,15.429624500200072,0.35933886679584875,14.556349099818895,0.23552509692533802,14
15,14.556349099818895,15.377071711303035,0.4613343404754891,14.556349099818895,0.22922210478896848,14
16,14.556349099818895,15.269897015804125,0.4585145309482846,14.556349099818895,0.22330135377323262,14
17,14.556349099818895,15.097720742606286,0.428494461648958,14.556349099818895,0.21771912123039833,14
18,14.556349099818895,14.918497765742565,0.3193646700468457,14.556349099818895,0.2124387822251788,14
19,14.556349099818895,14.810226295073678,0.3086609486295023,14.556349099818895,0.20742935180324423,14
20,14.556349099818895,14.80003889737439,0.3740310259162944,14.556349099818895,0.20266438329030623,14
21,14.556349099818895,14.765911291467578,0.2998944624437539,14.556349099818895,0.19812112311696733,14
22,14.356349099818896,14.709931190714101,0.2894369353790609,14.356349099818896,0.1937798536705464,14
23,14.356349099818896,14.707672390549387,0.34096603383045043,14.356349099818896,0.18962337610830443,14
24,14.031300056749533,14.625489226499726,0.31611923836079725,14.031300056749533,0.18563659881751993,14
25,14.031300056749533,14.591745383027723,0.285912285144184,14.031300056749533,0.18180620663885522,14
26,14.031300056749533,14.535540645860912,0.15820283499629137,14.031300056749533,0.17812039254973427,14
27,14.031300056749533,14.532107307416934,0.2466986407748654,14.031300056749533,0.17456863816821244,14
28,14.031300056749533,14.48690733936293,0.24969394766651373,14.031300056749533,0.17114153279104094,14
29,14.031300056749533,14.429605406804285,0.3096477060942194,14.031300056749533,0.16783062312258012,14
30,14.031300056749533,14.367419974212085,0.2762097395175319,14.031300056749533,0.1646282876527959,14
31,13.770540018881466,14.30913147067859,0.29109014899258007,13.770540018881466,0.16152763098621065,14
32,13.770540018881466,14.259395071048397,0.34931870525466363,13.770540018881466,0.15852239443630328,14
33,13.770540018881466,14.2057576130285,0.3248209944849757,13.770540018881466,0.1556068799704748,14
34,13.770540018881466,14.067765993994703,0.19505358386750993,13.770540018881466,0.15277588518248814,14
35,13.770540018881466,14.028836590972356,0.20244840395764555,13.770540018881466,0.15002464742764043,14
36,13.770540018881466,13.971309464295448,0.18848228389920357,13.770540018881466,0.14734879561374226,14
37,13.68910462845192,13.947636603135543,0.182130142138093,13.68910462845192,0.14474430842242098,14
38,13.590724809414743,13.90268531965133,0.24272970665820948,13.590724809414743,0.14220747795819122,14
39,13.590724809414743,13.902244940231949,0.29457123455764334,13.590724809414743,0.13973487800048634,14
40,13.590724809414743,13.85620659182764,0.2824035557767837,13.590724809414743,0.1373233361764682,14
41,13.572077843177478,13.855151680654995,0.3557990556535219,13.572077843177478,0.1349699094875484,14
42,13.572077843177478,13.902381585325484,0.4345971429667402,13.572077843177478,0.13267186271599046,14
43,13.572077843177478,13.778269780708921,0.3117225537631124,13.572077843177478,0.1304266493142095,14
44,13.41916017074176,13.730047980838973,0.23117942613803016,13.41916017074176,0.12823189444191613,14
45,13.41916017074176,13.740601696911563,0.3118319146257655,13.41916017074176,0.1260853798677885,14
46,13.41916017074176,13.658321675317971,0.23075499203629501,13.41916017074176,0.12398503049501725,14
47,13.41916017074176,13.65989541401449,0.28373511125851736,13.41916017074176,0.1219289023055466,14
48,13.41916017074176,13.650352724940069,0.3137483926117648,13.41916017074176,0.11991517154745629,14
49,13.41916017074176,13.615125537908213,0.2933289784219788,13.41916017074176,0.11794212501476203,14
50,13.41916017074176,13.591022044305655,0.30060364430760717,13.41916017074176,0.11600815128981068,14
51,13.380697580112788,13.61111811750915,0.39636418526427664,13.380697580112788,0.11411173283609738,14
52,13.380697580112788,13.479531290831735,0.16267345951145748,13.380697580112788,0.11225143884429051,14
53,13.380697580112788,13.465844790955211,0.17276915080840263,13.380697580112788,0.11042591874697638,14
54,13.380697580112788,13.452025871302558,0.14852737495093057,13.380697580112788,0.10863389632848514,14
55,13.345207879911715,13.495106030697922,0.2513287101197106,13.345207879911715,0.10687416436545444,14
56,13.345207879911715,13.46953792809827,0.2369910307920117,13.345207879911715,0.10514557974175692,14
57,13.345207879911715,13.427094389550673,0.1283318846057098,13.345207879911715,0.10344705898828305,14
58,13.345207879911715,13.450170395316196,0.22673170134753806,13.345207879911715,0.10177757420399913,14
59,13.345207879911715,13.44616807503705,0.2341892017527692,13.345207879911715,0.10013614931982229,14
60,13.007130750570548,13.465068963186969,0.2628941710816319,13.007130750570548,0.09852185667131119,14
61,13.302172886644268,13.449527700814818,0.23973411785610063,13.007130750570548,0.09693381385003808,14
62,13.302172886644268,13.41143475327981,0.1587011107576523,13.007130750570548,0.09537118080688434,14
63,13.302172886644268,13.424115668601715,0.1903685795700206,13.007130750570548,0.09383315718345281,14
64,13.302172886644268,13.423601640135804,0.21784938567348774,13.007130750570548,0.09231897985037307,14
65,13.302172886644268,13.401040166774902,0.19957362463852676,13.007130750570548,0.09082792063354544,14
66,13.302172886644268,13.359563672170195,0.11559726743664317,13.007130750570548,0.08935928421136363,14
67,13.302172886644268,13.345850399601156,0.08625485364767867,13.007130750570548,0.08791240616771684,14
68,13.302172886644268,13.3555208625669,0.19765372864541664,13.007130750570548,0.0864866511871244,14
69,13.302172886644268,13.374868493425563,0.1993608511142002,13.007130750570548,0.08508141137973013,14
70,13.302172886644268,13.342951853555764,0.14789488500748574,13.007130750570548,0.08369610472510458,14
71,13.302172886644268,13.343196989070506,0.20064607815893823,13.007130750570548,0.08233017362488254,14
72,13.302172886644268,13.342336289205159,0.20072789178951342,13.007130750570548,0.08098308355522937,14
73,13.302172886644268,13.356717642740119,0.2100005673025951,13.007130750570548,0.07965432181098431,14
74,13.302172886644268,13.34460325433369,0.19776832842006517,13.007130750570548,0.07834339633409798,14
75,13.302172886644268,13.345180139830642,0.1691867028184195,13.007130750570548,0.07704983461966303,14
76,13.302172886644268,13.336705574032358,0.15628816185899186,13.007130750570548,0.07577318269345334,14
77,13.302172886644268,13.351618560676824,0.18410262398968458,13.007130750570548,0.07451300415543333,14
78,13.302172886644268,13.359244024489216,0.2264389398685062,13.007130750570548,0.07326887928419568,14
79,13.159126028197399,13.320032115575536,0.1468215249110899,13.007130750570548,0.0720404041977285,14
80,13.159126028197399,13.312051694603197,0.11353400243126563,13.007130750570548,0.07082719006631227,14
81,13.159126028197399,13.305110491503477,0.0824557215240358,13.007130750570548,0.0696288623737103,14
82,13.159126028197399,13.317542859370127,0.166864509356445,13.007130750570548,0.06844506022313707,14
83,13.159126028197399,13.262119766279147,0.06422788014750412,13.007130750570548,0.0672754356847905,14
84,13.159126028197399,13.233510394589773,0.07146618757423015,13.007130750570548,0.06611965318199253,14
85,13.159126028197399,13.231071912348844,0.1887260757486563,13.007130750570548,0.06497738891323263,14
86,13.159126028197399,13.195399547479873,0.1044868199800108,13.007130750570548,0.063848330307619,14
87,13.159126028197399,13.187576831742934,0.10603029967456848,13.007130750570548,0.06273217551145155,14
88,13.159126028197399,13.164721039005231,0.027417181865316595,13.007130750570548,0.06162863290380183,14
89,13.159126028197399,13.184524145417996,0.16999243758112945,13.007130750570548,0.060537420639158235,14
90,13.159126028197399,13.159126028197397,1.7763568394002505e-15,13.007130750570548,0.05945826621534128,14
91,12.87082869338697,13.177224637744876,0.20244349445522644,12.87082869338697,0.05839090606503061,14
92,12.87082869338697,13.19620623327807,0.26796402892386734,12.87082869338697,0.05733508516937402,14
93,12.87082869338697,13.129071238059476,0.09707385056681946,12.87082869338697,0.05629055669225935,14
94,12.87082869338697,13.153356520723216,0.26227910736074717,12.87082869338697,0.05525708163393872,14
95,12.87082869338697,13.099174263827404,0.2634414767997051,12.87082869338697,0.054234428502788756,14
96,12.87082869338697,13.02777327717682,0.1385862086802203,12.87082869338697,0.05322237300407823,14
97,12.87082869338697,13.01423895181034,0.25038282860993266,12.87082869338697,0.0522206977446984,14
98,12.87082869338697,12.995634817358985,0.2715202076192891,12.87082869338697,0.05122919195288139,14
99,12.87082869338697,13.003160165687106,0.3006609956642642,12.87082869338697,0.050247651212004085,14
100,12.87082869338697,12.962605385434385,0.2894553026108175,12.87082869338697,0.04927587720763693,14
101,12.87082869338697,12.928829256423324,0.21575668268162454,12.87082869338697,0.0483136774870529,14
102,12.87082869338697,12.946380021641566,0.2640608905028944,12.87082869338697,0.047360865230468896,14
103,12.87082869338697,12.879744303413613,0.06240927018647216,12.87082869338697,0.046417259033339486,14
104,12.87082869338697,12.923837287051724,0.23268648619817076,12.87082869338697,0.04548268269906619,14
105,12.87082869338697,12.926912361704503,0.24809021040515375,12.87082869338697,0.044556965041532726,14
106,12.87082869338697,12.92075315094093,0.18834728488847863,12.87082869338697,0.043639939696910546,14
107,12.87082869338697,12.875611622003717,0.033480500317209054,12.87082869338697,0.04273144494421849,14
108,12.755294535724685,12.947472895993501,0.3183071205679307,12.755294535724685,0.041831323534151865,14
109,12.755294535724685,12.909219819930637,0.2707006583805229,12.755294535724685,0.04093942252572724,14
110,12.755294535724685,12.904598453624146,0.2722980976832806,12.755294535724685,0.04005559313032031,14
111,12.755294535724685,12.893738148510058,0.26415256341328563,12.755294535724685,0.03917969056269671,14
112,12.755294535724685,12.840789812394778,0.05067723790112855,12.755294535724685,0.03831157389866463,14
113,12.755294535724685,12.834123931619468,0.08804345872996577,12.755294535724685,0.037451105938998974,14
114,12.755294535724685,12.878337697293118,0.3446580436375084,12.755294535724685,0.036598153079306306,14
115,12.755294535724685,12.788551301777195,0.08983346221460076,12.755294535724685,0.03575258518552521,14
116,12.755294535724685,12.815732045278319,0.25843942312652823,12.755294535724685,0.034914275474769274,14
117,12.755294535724685,12.757605218877933,0.016174782072719936,12.755294535724685,0.03408310040124124,14
118,12.755294535724685,12.767573737347197,0.07130744745714034,12.755294535724685,0.03325893954696074,14
119,12.755294535724685,12.770058024774912,0.1033444233515761,12.755294535724685,0.03244167551706445,14
120,12.755294535724685,12.816938275638439,0.21337121092894465,12.755294535724685,0.0316311938394504,14
121,12.70332963783729,12.767843326951198,0.0955423635617716,12.70332963783729,0.0308273828685533,14
122,12.70332963783729,12.75321593980919,0.010182998748795856,12.70332963783729,0.0300301336930463,14
123,12.70332963783729,12.768812892038534,0.12511807304538416,12.70332963783729,0.029239340047280238,14
124,12.70332963783729,12.801466806071108,0.21415508778848272,12.70332963783729,0.02845489822627978,14
125,12.70332963783729,12.783179105977426,0.1799043109926033,12.70332963783729,0.027676707004126444,14
126,12.70332963783729,12.795913086635114,0.254188497492285,12.70332963783729,0.02690466755556653,14
127,12.70332963783729,12.767451529914279,0.1991942213898046,12.70332963783729,0.026138683380694916,14
128,12.70332963783729,12.72708749482362,0.10146743685163986,12.70332963783729,0.025378660232568573,14
129,12.70332963783729,12.70852612762603,0.01558946936621837,12.70332963783729,0.02462450604761518,14
130,12.70332963783729,12.705408233752786,0.010182998748795856,12.70332963783729,0.023876130878708435,14
131,12.70332963783729,12.73250094548625,0.18962542099667817,12.70332963783729,0.023133446830787552,14
132,12.70332963783729,12.704368935795038,0.007275085704235238,12.70332963783729,0.022396367998906985,14
133,12.70332963783729,12.703329637837292,1.7763568394002505e-15,12.70332963783729,0.02166481040860574,14
134,12.70332963783729,12.712729446141909,0.06579865813232046,12.70332963783729,0.020938691958494182,14
135,12.70332963783729,12.712729446141909,0.06579865813232046,12.70332963783729,0.020217932364959,14
136,12.70332963783729,12.703329637837292,1.7763568394002505e-15,12.70332963783729,0.019502453108893703,14
137,12.70332963783729,12.718357519062529,0.10519516857665902,12.70332963783729,0.01879217738436656,14
138,12.70332963783729,12.74280797835579,0.20691158039985433,12.70332963783729,0.018087030049141528,14
139,12.70332963783729,12.730422349570752,0.18964898213422396,12.70332963783729,0.017386937576972405,14
140,12.70332963783729,12.703329637837292,1.7763568394002505e-15,12.70332963783729,0.0166918280115953,14
141,12.70332963783729,12.703329637837292,1.7763568394002505e-15,12.70332963783729,0.016001630922346743,14
142,12.70332963783729,12.703329637837292,1.7763568394002505e-15,12.70332963783729,0.015316277361338337,14
143,12.70332963783729,12.733303029093333,0.20981373879228976,12.70332963783729,0.014635699822124648,14
144,12.70332963783729,12.703329637837292,1.7763568394002505e-15,12.70332963783729,0.013959832199800903,14
145,12.70293863659264,12.703321817812398,5.474017425115109e-05,12.70293863659264,0.01328860975247148,14
146,12.70293863659264,12.703313997787504,7.662028305506194e-05,12.70293863659264,0.0126219690640344,14
147,12.70293863659264,12.703298357737717,0.0001060759786014525,12.70293863659264,0.011959848008226526,14
148,12.70293863659264,12.703267077638147,0.00014334342403484135,12.70293863659264,0.011302185713879864,14
149,12.70293863659264,12.721264504902578,0.1263261929679671,12.70293863659264,0.010648922531340144,14
150,12.70293863659264,12.72119412467854,0.12633627394807712,12.70293863659264,0.010000000000000009,14
0,17.956465996625056,20.459048580783836,1.0617213711123994,17.956465996625056,0.5,15
1,17.928991560298222,19.852929380616896,1.11763498635738,17.928991560298222,0.4323055261972421,15
2,15.555294535724686,19.237382853978183,1.3966813184434872,15.555294535724686,0.39270679751657805,15
3,15.555294535724686,18.63181923531524,1.5165649215780217,15.555294535724686,0.3646110523944842,15
4,15.555294535724686,17.909451156488277,1.436097122653258,15.555294535724686,0.34281829940875996,15
5,14.6131126469709,17.347795012947678,1.3233993263936028,14.6131126469709,0.3250123237138202,15
6,14.6131126469709,16.82559987473309,1.1689100116497326,14.6131126469709,0.3099575857737281,15
7,14.6131126469709,16.395267121877744,1.105146832571912,14.6131126469709,0.2969165785917264,15
8,14.6131126469709,15.909656660537289,0.7175073603780651,14.6131126469709,0.2854135950331561,15
9,14.6131126469709,15.717028338986236,0.7135438104668094,14.6131126469709,0.275123825606002,15
10,14.6131126469709,15.39325032671215,0.6385955986657228,14.6131126469709,0.2658155969197252,15
11,14.277154105707723,15.13631584779415,0.5734273277555321,14.277154105707723,0.2573178499110623,15
12,14.227566688249707,14.922263894314614,0.4941266662200007,14.227566688249707,0.24950068044161305,15
13,14.227566688249707,14.853514500740093,0.5049478123193386,14.227566688249707,0.24226311197097028,15
14,13.843908891458577,14.687937659941799,0.3667988603834288,13.843908891458577,0.23552509692533802,15
15,13.843908891458577,14.591899178210173,0.30039837594823193,13.843908891458577,0.22922210478896848,15
16,13.843908891458577,14.502628107475347,0.344754762140031,13.843908891458577,0.22330135377323262,15
17,13.843908891458577,14.424393168892804,0.34009101936224945,13.843908891458577,0.21771912123039833,15
18,13.843908891458577,14.36244883985676,0.4128861993264575,13.843908891458577,0.2124387822251788,15
19,13.843908891458577,14.307181841577389,0.3705485692668885,13.843908891458577,0.20742935180324423,15
20,13.843908891458577,14.198570486990986,0.3563366772122005,13.843908891458577,0.20266438329030623,15
21,13.843908891458577,14.159626641097619,0.38175338687347066,13.843908891458577,0.19812112311696733,15
22,13.724807680927192,14.1344680183943,0.5027629873489275,13.724807680927192,0.1937798536705464,15
23,13.724807680927192,14.110997780892504,0.589029821474103,13.724807680927192,0.18962337610830443,15
24,13.724807680927192,14.052977890639001,0.5329683018864453,13.724807680927192,0.18563659881751993,15
25,13.724807680927192,14.00009358774924,0.4995203828755536,13.724807680927192,0.18180620663885522,15
26,13.66468827043885,13.987663100760024,0.47382836036629894,13.66468827043885,0.17812039254973427,15
27,13.467707825203131,14.03098234093809,0.4870763915884616,13.467707825203131,0.17456863816821244,15
28,13.467707825203131,13.84346506386884,0.27674818003692797,13.467707825203131,0.17114153279104094,15
29,13.467707825203131,13.817106911925414,0.4738690473838615,13.467707825203131,0.16783062312258012,15
30,13.467707825203131,13.739527717614198,0.2655682424389229,13.467707825203131,0.1646282876527959,15
31,13.467707825203131,13.737588972213587,0.38547550940481223,13.467707825203131,0.16152763098621065,15
32,13.467707825203131,13.611511618583036,0.16895382118624713,13.467707825203131,0.15852239443630328,15
33,13.377032961426902,13.608009471819512,0.22543706830805457,13.377032961426902,0.1556068799704748,15
34,13.377032961426902,13.554138382761996,0.13737291475097507,13.377032961426902,0.15277588518248814,15
35,13.377032961426902,13.551862642025624,0.23473630777549323,13.377032961426902,0.15002464742764043,15
36,13.377032961426902,13.557417555966724,0.4803002954921085,13.377032961426902,0.14734879561374226,15
37,13.377032961426902,13.548058742145118,0.49324669981835856,13.377032961426902,0.14474430842242098,15
38,13.377032961426902,13.571293062456386,0.33217548744141334,13.377032961426902,0.14220747795819122,15
39,13.377032961426902,13.54936323494282,0.3318835513754965,13.377032961426902,0.13973487800048634,15
40,13.377032961426902,13.575724368973736,0.5099418003933882,13.377032961426902,0.1373233361764682,15
41,13.329563014098701,13.602537886617338,0.5427997711185781,13.329563014098701,0.1349699094875484,15
42,13.329563014098701,13.647779106782144,0.6920632690185666,13.329563014098701,0.13267186271599046,15
43,13.329563014098701,13.564306919027072,0.5494413518726188,13.329563014098701,0.1304266493142095,15
44,13.329563014098701,13.540769130842657,0.41542726018922727,13.329563014098701,0.12823189444191613,15
45,13.329563014098701,13.500829941187295,0.38538470293162946,13.329563014098701,0.1260853798677885,15
46,13.329563014098701,13.443765246524036,0.20083210256139283,13.329563014098701,0.12398503049501725,15
47,13.329563014098701,13.424215187311068,0.21243014728481482,13.329563014098701,0.1219289023055466,15
48,13.329563014098701,13.59191333553163,0.6284642911167266,13.329563014098701,0.11991517154745629,15
49,13.329563014098701,13.43081129743715,0.22589974787459405,13.329563014098701,0.11794212501476203,15
50,13.314642819948224,13.416780101775599,0.2037505293251541,13.314642819948224,0.11600815128981068,15
51,13.314642819948224,13.432643327210519,0.23167770725553102,13.314642819948224,0.11411173283609738,15
52,13.314642819948224,13.376212807037817,0.1464322480901536,13.314642819948224,0.11225143884429051,15
53,13.314642819948224,13.361102680169829,0.11744551349917563,13.314642819948224,0.11042591874697638,15
54,13.314642819948224,13.356689587653229,0.126787466773452,13.314642819948224,0.10863389632848514,15
55,13.314642819948224,13.35799554915498,0.14442912743385972,13.314642819948224,0.10687416436545444,15
56,13.314642819948224,13.379667518151088,0.20140535919568384,13.314642819948224,0.10514557974175692,15
57,13.314642819948224,13.374613608632746,0.1842721503160996,13.314642819948224,0.10344705898828305,15
58,13.314642819948224,13.365695608760792,0.15186072683945626,13.314642819948224,0.10177757420399913,15
59,13.232050807568877,13.369226318319017,0.22372807563376168,13.232050807568877,0.10013614931982229,15
60,13.232050807568877,13.341727260115324,0.17533280389986455,13.232050807568877,0.09852185667131119,15
61,13.232050807568877,13.36044652774729,0.20374157803930346,13.232050807568877,0.09693381385003808,15
62,13.232050807568877,13.33791888706119,0.14420053865856441,13.232050807568877,0.09537118080688434,15
63,13.232050807568877,13.317264604451877,0.11948084215669105,13.232050807568877,0.09383315718345281,15
64,13.232050807568877,13.315077278280496,0.1430441749000742,13.232050807568877,0.09231897985037307,15
65,13.232050807568877,13.318734169335908,0.18890403520877258,13.232050807568877,0.09082792063354544,15
66,13.232050807568877,13.335017494273929,0.4514972214306809,13.232050807568877,0.08935928421136363,15
67,13.232050807568877,13.344231309359747,0.5045234455381912,13.232050807568877,0.08791240616771684,15
68,13.232050807568877,13.258083768051087,0.10711038640814009,13.232050807568877,0.0864866511871244,15
69,13.232050807568877,13.326983052448481,0.48914576151709155,13.232050807568877,0.08508141137973013,15
70,13.232050807568877,13.26991812210516,0.12308987818352085,13.232050807568877,0.08369610472510458,15
71,13.232050807568877,13.30778182060918,0.21587888373337874,13.232050807568877,0.08233017362488254,15
72,13.224807680927192,13.33623306086944,0.30648357896997813,13.224807680927192,0.08098308355522937,15
73,13.224807680927192,13.29587271545423,0.21266536108752812,13.224807680927192,0.07965432181098431,15
74,13.224807680927192,13.281733196881733,0.18884345536411815,13.224807680927192,0.07834339633409798,15
75,13.224807680927192,13.262954601214823,0.11182719413541709,13.224807680927192,0.07704983461966303,15
76,13.224807680927192,13.27853839576906,0.1556906430203452,13.224807680927192,0.07577318269345334,15
77,13.063818169698585,13.29842800430218,0.3583380841487989,13.063818169698585,0.07451300415543333,15
78,13.063818169698585,13.25165836857806,0.10616623544539827,13.063818169698585,0.07326887928419568,15
79,13.063818169698585,13.230144160875346,0.07333772852230327,13.063818169698585,0.0720404041977285,15
80,13.063818169698585,13.295433259499028,0.5218508140986619,13.063818169698585,0.07082719006631227,15
81,13.063818169698585,13.289908957886261,0.527516489858684,13.063818169698585,0.0696288623737103,15
82,13.063818169698585,13.258099810021877,0.3536577227023033,13.063818169698585,0.06844506022313707,15
83,13.063818169698585,13.173202694712561,0.1814870294996805,13.063818169698585,0.0672754356847905,15
84,12.80384048104053,13.19128428582715,0.381596828211884,12.80384048104053,0.06611965318199253,15
85,12.80384048104053,13.206851060400385,0.45783318861590583,12.80384048104053,0.06497738891323263,15
86,12.80384048104053,13.18830263046887,0.48674219869095947,12.80384048104053,0.063848330307619,15
87,12.80384048104053,13.089942631139495,0.23365751418496833,12.80384048104053,0.06273217551145155,15
88,12.80384048104053,13.059325392614989,0.2189058074544165,12.80384048104053,0.06162863290380183,15
89,12.80384048104053,13.014139455333796,0.21908516119620247,12.80384048104053,0.060537420639158235,15
90,12.799999999999999,12.960611937109848,0.25090967388087926,12.799999999999999,0.05945826621534128,15
91,12.799999999999999,12.934656822874665,0.273905482220352,12.799999999999999,0.05839090606503061,15
92,12.799999999999999,12.845622549590976,0.09939128865023167,12.799999999999999,0.05733508516937402,15
93,12.799999999999999,12.82562736746187,0.07911678470653652,12.799999999999999,0.05629055669225935,15
94,12.799999999999999,12.96030711269411,0.5328525497650689,12.799999999999999,0.05525708163393872,15
95,12.799999999999999,12.903741899872232,0.33675864805366806,12.799999999999999,0.054234428502788756,15
96,12.799999999999999,12.843498739885376,0.17111579773351532,12.799999999999999,0.05322237300407823,15
97,12.799999999999999,12.84050597668229,0.14355386953496396,12.799999999999999,0.0522206977446984,15
98,12.799999999999999,12.816855142346974,0.09083151183642453,12.799999999999999,0.05122919195288139,15
99,12.799999999999999,12.828562900234536,0.12173964833882389,12.799999999999999,0.050247651212004085,15
100,12.799999999999999,12.825549692327463,0.17830001648125454,12.799999999999999,0.04927587720763693,15
101,12.799999999999999,12.832514955353309,0.1894595485790475,12.799999999999999,0.0483136774870529,15
102,12.799999999999999,12.906218184654906,0.514244519732777,12.799999999999999,0.047360865230468896,15
103,12.799999999999999,12.903342518894796,0.5120803169262165,12.799999999999999,0.046417259033339486,15
104,12.799999999999999,12.844322516887557,0.1994189512364118,12.799999999999999,0.04548268269906619,15
105,12.799999999999999,12.866656574875933,0.3158183951543522,12.799999999999999,0.044556965041532726,15
106,12.799999999999999,12.840162585345835,0.16088976822723763,12.799999999999999,0.043639939696910546,15
107,12.799999999999999,12.811002860495151,0.043983031388892584,12.799999999999999,0.04273144494421849,15
108,12.799999999999999,12.848836831670377,0.19568724427887596,12.799999999999999,0.041831323534151865,15
109,12.799999999999999,12.813874754901017,0.09712328430712944,12.799999999999999,0.04093942252572724,15
110,12.799999999999999,12.818860466270086,0.10253092159454254,12.799999999999999,0.04005559313032031,15
111,12.799999999999999,12.81007680962081,0.07053766734567425,12.799999999999999,0.03917969056269671,15
112,12.799999999999999,12.893776210097235,0.4215712110479316,12.799999999999999,0.03831157389866463,15
113,12.799999999999999,12.841411168969339,0.21839528848604212,12.799999999999999,0.037451105938998974,15
114,12.799999999999999,12.862315326567574,0.2595715263037842,12.799999999999999,0.036598153079306306,15
115,12.799999999999999,12.811257477676655,0.07880234373658933,12.799999999999999,0.03575258518552521,15
116,12.799999999999999,12.811257477676655,0.07880234373658931,12.799999999999999,0.034914275474769274,15
117,12.799999999999999,12.834483973128327,0.17922304630719935,12.799999999999999,0.03408310040124124,15
118,12.799999999999999,12.897426295850673,0.5410749859194538,12.799999999999999,0.03325893954696074,15
119,12.799999999999999,12.888022869449577,0.5263899270648177,12.799999999999999,0.03244167551706445,15
120,12.777032961426901,12.813363728279112,0.09688045397574994,12.777032961426901,0.0316311938394504,15
121,12.777032961426901,12.799081318457075,0.004500602032552734,12.777032961426901,0.0308273828685533,15
122,12.777032961426901,12.79816263691415,0.006230801373516688,12.777032961426901,0.0300301336930463,15
123,12.777032961426901,12.811350328313935,0.10272788680704195,12.777032961426901,0.029239340047280238,15
124,12.777032961426901,12.809512965228087,0.10311911055720568,12.777032961426901,0.02845489822627978,15
125,12.777032961426901,12.791731866113684,0.011024178515087045,12.777032961426901,0.027676707004126444,15
126,12.777032961426901,12.787138458399065,0.011400538132281193,12.777032961426901,0.02690466755556653,15
127,12.777032961426901,12.849286804943063,0.46978163802835227,12.777032961426901,0.026138683380694916,15
128,12.777032961426901,12.855928196097196,0.4742653935657362,12.777032961426901,0.025378660232568573,15
129,12.777032961426901,12.809623257979911,0.127202592653887,12.777032961426901,0.02462450604761518,15
130,12.777032961426901,12.777951642969825,0.004500602032552734,12.777032961426901,0.023876130878708435,15
131,12.777032961426901,12.802034417101003,0.1750101897187153,12.777032961426901,0.023133446830787552,15
132,12.777032961426901,12.777032961426901,0.0,12.777032961426901,0.022396367998906985,15
133,12.777032961426901,12.777032961426901,0.0,12.777032961426901,0.02166481040860574,15
134,12.777032961426901,12.777032961426901,0.0,12.777032961426901,0.020938691958494182,15
135,12.777032961426901,12.777032961426901,0.0,12.777032961426901,0.020217932364959,15
136,12.777032961426901,12.788311649490343,0.07895081644410591,12.777032961426901,0.019502453108893703,15
137,12.777032961426901,12.777032961426901,0.0,12.777032961426901,0.01879217738436656,15
138,12.777032961426901,12.777032961426901,0.0,12.777032961426901,0.018087030049141528,15
139,12.777032961426901,12.828433838445049,0.35980613912703147,12.777032961426901,0.017386937576972405,15
140,12.777032961426901,12.791157096146744,0.09886894303891254,12.777032961426901,0.0166918280115953,15
141,12.777032961426901,12.791157096146744,0.09886894303891255,12.777032961426901,0.016001630922346743,15
142,12.777032961426901,12.777032961426901,0.0,12.777032961426901,0.015316277361338337,15
143,12.777032961426901,12.802478013567434,0.1781153649837366,12.777032961426901,0.014635699822124648,15
144,12.777032961426901,12.777032961426901,0.0,12.777032961426901,0.013959832199800903,15
145,12.777032961426901,12.777032961426901,0.0,12.777032961426901,0.01328860975247148,15
146,12.777032961426901,12.791260499651813,0.09959276757438566,12.777032961426901,0.0126219690640344,15
147,12.777032961426901,12.777032961426901,0.0,12.777032961426901,0.011959848008226526,15
148,12.777032961426901,12.777032961426901,0.0,12.777032961426901,0.011302185713879864,15
149,12.777032961426901,12.818611237550599,0.29104793286589975,12.777032961426901,0.010648922531340144,15
150,12.777032961426901,12.797944523740147,0.14638093619273393,12.777032961426901,0.010000000000000009,15
0,18.56953597148327,20.81176126688105,1.0713763361704063,18.56953597148327,0.5,16
1,15.966533331199933,20.173722262171953,1.250554718030833,15.966533331199933,0.4323055261972421,16
2,15.723273151159457,19.432635178018558,1.5622291456410506,15.723273151159457,0.39270679751657805,16
3,15.723273151159457,18.570266705467752,1.5215909109341803,15.723273151159457,0.3646110523944842,16
4,14.953720459187963,17.890386187278246,1.5739242641715099,14.953720459187963,0.34281829940875996,16
5,14.953720459187963,17.19932486876197,1.323136626312842,14.953720459187963,0.3250123237138202,16
6,14.953720459187963,16.569952536607595,1.113176796955657,14.953720459187963,0.3099575857737281,16
7,14.953720459187963,16.298282431137558,1.0183209304903384,14.953720459187963,0.2969165785917264,16
8,14.953720459187963,15.94986520495674,0.6398646193409783,14.953720459187963,0.2854135950331561,16
9,14.953720459187963,15.696292283074277,0.5217233154916995,14.953720459187963,0.275123825606002,16
10,14.774868417407584,15.614245244788714,0.47319328875023947,14.774868417407584,0.2658155969197252,16
11,14.774868417407584,15.465609238839146,0.4478682498114137,14.774868417407584,0.2573178499110623,16
12,14.774868417407584,15.281780315412547,0.27324828383809896,14.774868417407584,0.24950068044161305,16
13,14.774868417407584,15.302262134828027,0.42606574891034454,14.774868417407584,0.24226311197097028,16
14,14.774868417407584,15.26746955247223,0.4586708949947639,14.774868417407584,0.23552509692533802,16
15,14.73072757526625,15.172187594598055,0.4175850497856103,14.73072757526625,0.22922210478896848,16
16,14.636664289109586,15.053766549084862,0.35890279973895384,14.636664289109586,0.22330135377323262,16
17,14.536664289109584,14.9487186976353,0.3234768956262109,14.536664289109584,0.21771912123039833,16
18,14.536664289109584,14.85976570837263,0.28540616961434706,14.536664289109584,0.2124387822251788,16
19,14.377902338672774,14.825461791864955,0.2766974395985585,14.377902338672774,0.20742935180324423,16
20,14.377902338672774,14.85035676034852,0.3340615595904658,14.377902338672774,0.20266438329030623,16
21,14.23238075793812,14.80061663864373,0.3504885129398615,14.23238075793812,0.19812112311696733,16
22,14.23238075793812,14.746783540270389,0.36877282338287937,14.23238075793812,0.1937798536705464,16
23,14.200000000000001,14.742803257058718,0.46479185940521645,14.200000000000001,0.18962337610830443,16
24,14.200000000000001,14.756838703845208,0.5431261430455175,14.200000000000001,0.18563659881751993,16
25,14.200000000000001,14.600158482605785,0.4368114358763244,14.200000000000001,0.18180620663885522,16
26,14.200000000000001,14.52918339870184,0.38032666336251136,14.200000000000001,0.17812039254973427,16
27,14.015167380558044,14.457503762256698,0.3962075523403864,14.015167380558044,0.17456863816821244,16
28,13.927105745132009,14.364312003042578,0.30331658296331876,13.927105745132009,0.17114153279104094,16
29,13.927105745132009,14.35342086760117,0.4617604191356486,13.927105745132009,0.16783062312258012,16
30,13.927105745132009,14.294216874645935,0.433956545631745,13.927105745132009,0.1646282876527959,16
31,13.927105745132009,14.21835353447369,0.2402813218793731,13.927105745132009,0.16152763098621065,16
32,13.927105745132009,14.262329761336195,0.3374723202971373,13.927105745132009,0.15852239443630328,16
33,13.927105745132009,14.275981811478752,0.4441819922118925,13.927105745132009,0.1556068799704748,16
34,13.927105745132009,14.18133006300931,0.4877593381850478,13.927105745132009,0.15277588518248814,16
35,13.927105745132009,14.088027959749214,0.28886427222233085,13.927105745132009,0.15002464742764043,16
36,13.927105745132009,14.056075871524017,0.2962901283136131,13.927105745132009,0.14734879561374226,16
37,13.927105745132009,14.157225357549374,0.5155131303151073,13.927105745132009,0.14474430842242098,16
38,13.927105745132009,14.121924601546866,0.5210277132097956,13.927105745132009,0.14220747795819122,16
39,13.927105745132009,14.0562946459257,0.4287699149391529,13.927105745132009,0.13973487800048634,16
40,13.927105745132009,14.013093511590975,0.22586766716581702,13.927105745132009,0.1373233361764682,16
41,13.927105745132009,14.025083553419334,0.36376116034866773,13.927105745132009,0.1349699094875484,16
42,13.927105745132009,14.083887765175565,0.4252559834418678,13.927105745132009,0.13267186271599046,16
43,13.927105745132009,14.048802015188098,0.3881057405915735,13.927105745132009,0.1304266493142095,16
44,13.927105745132009,14.058479161147494,0.4740582387860314,13.927105745132009,0.12823189444191613,16
45,13.755294535724685,13.998421856421901,0.22428015195112122,13.755294535724685,0.1260853798677885,16
46,13.755294535724685,14.019857067425034,0.4169445225390796,13.755294535724685,0.12398503049501725,16
47,13.755294535724685,14.032435837322,0.3361008589422555,13.755294535724685,0.1219289023055466,16
48,13.755294535724685,13.966126491093119,0.24693928813137123,13.755294535724685,0.11991517154745629,16
49,13.755294535724685,13.934836771096057,0.2661692394103603,13.755294535724685,0.11794212501476203,16
50,13.70293863659264,13.918640426762018,0.3103267739454471,13.70293863659264,0.11600815128981068,16
51,13.70293863659264,13.851846771475648,0.2519063863191669,13.70293863659264,0.11411173283609738,16
52,13.605547008526779,13.78248117515652,0.07636535099589976,13.605547008526779,0.11225143884429051,16
53,13.605547008526779,13.784146209289327,0.17449350230633628,13.605547008526779,0.11042591874697638,16
54,13.605547008526779,13.787627059813845,0.20613505920675862,13.605547008526779,0.10863389632848514,16
55,13.605547008526779,13.79464423414227,0.2740061747106386,13.605547008526779,0.10687416436545444,16
56,13.605547008526779,13.764691741195804,0.21643411258577291,13.605547008526779,0.10514557974175692,16
57,13.605547008526779,13.737465465769395,0.218610133861723,13.605547008526779,0.10344705898828305,16
58,13.605547008526779,13.731698551692421,0.2469231615419222,13.605547008526779,0.10177757420399913,16
59,13.605547008526779,13.719568575407216,0.2475161887079845,13.605547008526779,0.10013614931982229,16
60,13.605547008526779,13.808559254762583,0.4434006401467137,13.605547008526779,0.09852185667131119,16
61,13.605547008526779,13.720039483829385,0.3436868430580805,13.605547008526779,0.09693381385003808,16
62,13.32828568570857,13.667605566114203,0.22118909670902384,13.32828568570857,0.09537118080688434,16
63,13.32828568570857,13.684688830929433,0.2560149102069391,13.32828568570857,0.09383315718345281,16
64,13.32828568570857,13.672048320194731,0.24330006572230936,13.32828568570857,0.09231897985037307,16
65,13.269693845669908,13.666020185742841,0.2758546513977058,13.269693845669908,0.09082792063354544,16
66,13.269693845669908,13.596757986115694,0.22989597542128223,13.269693845669908,0.08935928421136363,16
67,13.269693845669908,13.559429430687146,0.2521489350914084,13.269693845669908,0.08791240616771684,16
68,13.269693845669908,13.520471579203921,0.276446311045245,13.269693845669908,0.0864866511871244,16
69,13.269693845669908,13.479733800422892,0.2719004373130052,13.269693845669908,0.08508141137973013,16
70,13.269693845669908,13.475110936387223,0.39807678201035496,13.269693845669908,0.08369610472510458,16
71,13.269693845669908,13.419121353170873,0.36291935352785437,13.269693845669908,0.08233017362488254,16
72,13.269693845669908,13.429233524758525,0.44821721007691767,13.269693845669908,0.08098308355522937,16
73,13.269693845669908,13.414255547242467,0.46238645332036765,13.269693845669908,0.07965432181098431,16
74,13.269693845669908,13.333735990941655,0.3176109388405956,13.269693845669908,0.07834339633409798,16
75,13.269693845669908,13.374937703568026,0.4793135271297064,13.269693845669908,0.07704983461966303,16
76,13.269693845669908,13.312681548336137,0.1613852828616727,13.269693845669908,0.07577318269345334,16
77,13.269693845669908,13.294910761803187,0.09848632498998978,13.269693845669908,0.07451300415543333,16
78,13.269693845669908,13.33905467303437,0.21910416679407976,13.269693845669908,0.07326887928419568,16
79,13.269693845669908,13.34818196337481,0.2343487345007364,13.269693845669908,0.0720404041977285,16
80,13.269693845669908,13.370585634211757,0.26811396475573746,13.269693845669908,0.07082719006631227,16
81,13.269693845669908,13.291452791666288,0.1523126219746592,13.269693845669908,0.0696288623737103,16
82,13.269693845669908,13.319271921796403,0.2434293755953138,13.269693845669908,0.06844506022313707,16
83,13.269693845669908,13.296114464944807,0.18494433492427695,13.269693845669908,0.0672754356847905,16
84,13.269693845669908,13.30097812796814,0.2189899760876051,13.269693845669908,0.06611965318199253,16
85,13.269693845669908,13.291471805557284,0.10672726776558494,13.269693845669908,0.06497738891323263,16
86,13.269693845669908,13.288964864574966,0.09490595952837737,13.269693845669908,0.063848330307619,16
87,13.269693845669908,13.278358741488365,0.06065427072918246,13.269693845669908,0.06273217551145155,16
88,13.269693845669908,13.306737398199221,0.16695848110235012,13.269693845669908,0.06162863290380183,16
89,13.269693845669908,13.278358741488365,0.06065427072918246,13.269693845669908,0.060537420639158235,16
90,13.269693845669908,13.322042429474273,0.2969677061008587,13.269693845669908,0.05945826621534128,16
91,13.269693845669908,13.269693845669911,3.552713678800501e-15,13.269693845669908,0.05839090606503061,16
92,13.269693845669908,13.280865682470685,0.07820285760541273,13.269693845669908,0.05733508516937402,16
93,13.269693845669908,13.315546219754713,0.18540846161261118,13.269693845669908,0.05629055669225935,16
94,13.269693845669908,13.399193645944916,0.5107837699856674,13.269693845669908,0.05525708163393872,16
95,13.269693845669908,13.356547283243891,0.42440410466098616,13.269693845669908,0.054234428502788756,16
96,13.269693845669908,13.31680400915542,0.20164071037706274,13.269693845669908,0.05322237300407823,16
97,13.269693845669908,13.281668743039226,0.08382428158522674,13.269693845669908,0.0522206977446984,16
98,13.269693845669908,13.29227486612583,0.11083545557204078,13.269693845669908,0.05122919195288139,16
99,13.269693845669908,13.280299968756513,0.07424286160621278,13.269693845669908,0.050247651212004085,16
100,13.269693845669908,13.280299968756513,0.0742428616062128,13.269693845669908,0.04927587720763693,16
101,13.269693845669908,13.356498982502954,0.3009889373182039,13.269693845669908,0.0483136774870529,16
102,13.269693845669908,13.336847609975571,0.2732326559882977,13.269693845669908,0.047360865230468896,16
103,13.269693845669908,13.296909872126507,0.1905121851961718,13.269693845669908,0.046417259033339486,16
104,13.269693845669908,13.36721848706551,0.4288226900134148,13.269693845669908,0.04548268269906619,16
105,13.269693845669908,13.361908200830783,0.4317994138952581,13.269693845669908,0.044556965041532726,16
106,13.269693845669908,13.288336993100938,0.13050203201718924,13.269693845669908,0.043639939696910546,16
107,13.269693845669908,13.288851302521508,0.13410219796117195,13.269693845669908,0.04273144494421849,16
108,13.269693845669908,13.288851302521508,0.13410219796117198,13.269693845669908,0.041831323534151865,16
109,13.269693845669908,13.269693845669911,3.552713678800501e-15,13.269693845669908,0.04093942252572724,16
110,13.269693845669908,13.269693845669911,3.552713678800501e-15,13.269693845669908,0.04005559313032031,16
111,13.269693845669908,13.329140143035593,0.23590497400873545,13.269693845669908,0.03917969056269671,16
112,13.269693845669908,13.310496995604566,0.20035412319493412,13.269693845669908,0.03831157389866463,16
113,13.269693845669908,13.269693845669911,3.552713678800501e-15,13.269693845669908,0.037451105938998974,16
114,13.269693845669908,13.3144374176017,0.22154206071686025,13.269693845669908,0.036598153079306306,16
115,13.269693845669908,13.295279960750104,0.1791028055613682,13.269693845669908,0.03575258518552521,16
116,13.269693845669908,13.305886083836706,0.1924761764160321,13.269693845669908,0.034914275474769274,16
117,13.269693845669908,13.317170366134938,0.2060817506357565,13.269693845669908,0.03408310040124124,16
118,13.269693845669908,13.289081407615843,0.13571293362152748,13.269693845669908,0.03325893954696074,16
119,13.269693845669908,13.269693845669911,3.552713678800501e-15,13.269693845669908,0.03244167551706445,16
120,13.269693845669908,13.269693845669911,3.552713678800501e-15,13.269693845669908,0.0316311938394504,16
121,13.269693845669908,13.269693845669911,3.552713678800501e-15,13.269693845669908,0.0308273828685533,16
122,13.269693845669908,13.269693845669911,3.552713678800501e-15,13.269693845669908,0.0300301336930463,16
123,13.269693845669908,13.316434980727912,0.32718794540603086,13.269693845669908,0.029239340047280238,16
124,13.269693845669908,13.341946504184962,0.3517858943043745,13.269693845669908,0.02845489822627978,16
125,13.269693845669908,13.269693845669911,3.552713678800501e-15,13.269693845669908,0.027676707004126444,16
126,13.269693845669908,13.269693845669911,3.552713678800501e-15,13.269693845669908,0.02690466755556653,16
127,13.269693845669908,13.269693845669911,3.552713678800501e-15,13.269693845669908,0.026138683380694916,16
128,13.269693845669908,13.301898963725044,0.2254358263859201,13.269693845669908,0.025378660232568573,16
129,13.269693845669908,13.269693845669911,3.552713678800501e-15,13.269693845669908,0.02462450604761518,16
130,13.269693845669908,13.269693845669911,3.552713678800501e-15,13.269693845669908,0.023876130878708435,16
131,13.269693845669908,13.293891803212187,0.1194815859901077,13.269693845669908,0.023133446830787552,16
132,13.269693845669908,13.283285680125582,0.0951428411897155,13.269693845669908,0.022396367998906985,16
133,13.269693845669908,13.2980087593731,0.1474504123848456,13.269693845669908,0.02166481040860574,16
134,13.269693845669908,13.269693845669911,3.552713678800501e-15,13.269693845669908,0.020938691958494182,16
135,13.269693845669908,13.269693845669911,3.552713678800501e-15,13.269693845669908,0.020217932364959,16
136,13.269693845669908,13.271668743039227,0.01382428158522675,13.269693845669908,0.019502453108893703,16
137,13.269693845669908,13.289856375139312,0.12778099020105152,13.269693845669908,0.01879217738436656,16
138,13.269693845669908,13.287881477769993,0.12731342470058193,13.269693845669908,0.018087030049141528,16
139,13.269693845669908,13.269693845669911,3.552713678800501e-15,13.269693845669908,0.017386937576972405,16
140,13.269693845669908,13.269693845669911,3.552713678800501e-15,13.269693845669908,0.0166918280115953,16
141,13.269693845669908,13.3025373929204,0.22990483075341328,13.269693845669908,0.016001630922346743,16
142,13.269693845669908,13.3025373929204,0.22990483075341328,13.269693845669908,0.015316277361338337,16
143,13.269693845669908,13.269693845669911,3.552713678800501e-15,13.269693845669908,0.014635699822124648,16
144,13.269693845669908,13.269693845669911,3.552713678800501e-15,13.269693845669908,0.013959832199800903,16
145,13.269693845669908,13.269693845669911,3.552713678800501e-15,13.269693845669908,0.01328860975247148,16
146,13.269693845669908,13.269693845669911,3.552713678800501e-15,13.269693845669908,0.0126219690640344,16
147,13.269693845669908,13.269693845669911,3.552713678800501e-15,13.269693845669908,0.011959848008226526,16
148,13.269693845669908,13.318520068132843,0.24917686279147608,13.269693845669908,0.011302185713879864,16
149,13.269693845669908,13.301087722583306,0.2197571383937869,13.269693845669908,0.010648922531340144,16
150,13.269693845669908,13.301087722583306,0.2197571383937869,13.269693845669908,0.010000000000000009,16
0,18.707106781186546,20.8612165507941,0.9768393140406155,18.707106781186546,0.5,17
1,17.83541565040626,20.28307456413106,1.0251859745155216,17.83541565040626,0.4323055261972421,17
2,16.663818169698587,19.68565671254301,1.0517628308056426,16.663818169698587,0.39270679751657805,17
3,16.663818169698587,19.226612633991333,0.9974001454086477,16.663818169698587,0.3646110523944842,17
4,16.663818169698587,18.7496449087762,1.0671701272902223,16.663818169698587,0.34281829940875996,17
5,16.663818169698587,18.069854571332815,0.9201693341306391,16.663818169698587,0.3250123237138202,17
6,16.640967364599085,17.677423484585482,0.7950827076555725,16.640967364599085,0.3099575857737281,17
7,15.72574776766556,17.34986909070217,0.7770935852034005,15.72574776766556,0.2969165785917264,17
8,15.72574776766556,16.92291229405746,0.680476987429666,15.72574776766556,0.2854135950331561,17
9,15.235270009440733,16.583531599446857,0.5255942021503142,15.235270009440733,0.275123825606002,17
10,15.235270009440733,16.43269207214674,0.5025185056430266,15.235270009440733,0.2658155969197252,17
11,15.235270009440733,16.26041209854734,0.4870131239212051,15.235270009440733,0.2573178499110623,17
12,15.235270009440733,16.050894096774364,0.3963997560276399,15.235270009440733,0.24950068044161305,17
13,14.491153452528778,15.914795281792212,0.4373574316003846,14.491153452528778,0.24226311197097028,17
14,14.491153452528778,15.79787536956665,0.45084858264425065,14.491153452528778,0.23552509692533802,17
15,14.491153452528778,15.723057322896874,0.5579083451665274,14.491153452528778,0.22922210478896848,17
16,14.45472369909914,15.565803281316358,0.5201416076883091,14.45472369909914,0.22330135377323262,17
17,14.45472369909914,15.400559800347466,0.5094468936742871,14.45472369909914,0.21771912123039833,17
18,14.45472369909914,15.314340340999554,0.5757786724124418,14.45472369909914,0.2124387822251788,17
19,14.254065922853801,15.141436323509815,0.6131352778160459,14.254065922853801,0.20742935180324423,17
20,14.16468827043885,14.978666865800124,0.6071513844051009,14.16468827043885,0.20266438329030623,17
21,14.16468827043885,14.84773061820464,0.48806521799343017,14.16468827043885,0.19812112311696733,17
22,14.16468827043885,14.743900101822014,0.545178322506428,14.16468827043885,0.1937798536705464,17
23,14.16468827043885,14.564681295741877,0.35245137762373024,14.16468827043885,0.18962337610830443,17
24,13.87082869338697,14.47846784173799,0.4414091572850767,13.87082869338697,0.18563659881751993,17
25,13.755294535724685,14.43804289146437,0.5170645640754687,13.755294535724685,0.18180620663885522,17
26,13.755294535724685,14.318800977803175,0.4177080123439507,13.755294535724685,0.17812039254973427,17
27,13.755294535724685,14.25637954131255,0.4704886094195809,13.755294535724685,0.17456863816821244,17
28,13.755294535724685,14.266055895024195,0.5895064005294259,13.755294535724685,0.17114153279104094,17
29,13.755294535724685,14.112962713962142,0.46449468034513147,13.755294535724685,0.16783062312258012,17
30,13.755294535724685,14.032068318428731,0.4058706184191324,13.755294535724685,0.1646282876527959,17
31,13.662049935181331,13.88150847251223,0.19472718758652516,13.662049935181331,0.16152763098621065,17
32,13.662049935181331,13.889378160174214,0.24143743934310852,13.662049935181331,0.15852239443630328,17
33,13.662049935181331,13.826395796511266,0.1904054727598162,13.662049935181331,0.1556068799704748,17
34,13.420465053408524,13.79092769557266,0.17286586299473225,13.420465053408524,0.15277588518248814,17
35,13.420465053408524,13.811511737721709,0.39785819613103385,13.420465053408524,0.15002464742764043,17
36,13.420465053408524,13.789090976983976,0.41530893039255856,13.420465053408524,0.14734879561374226,17
37,13.420465053408524,13.833594093266036,0.5353972090577521,13.420465053408524,0.14474430842242098,17
38,13.420465053408524,13.710592376996406,0.3030732811890795,13.420465053408524,0.14220747795819122,17
39,13.420465053408524,13.633399685688511,0.24145448035823175,13.420465053408524,0.13973487800048634,17
40,13.420465053408524,13.558009280440485,0.21305585161739746,13.420465053408524,0.1373233361764682,17
41,13.330950643030008,13.559976317968,0.22398338258523218,13.330950643030008,0.1349699094875484,17
42,13.330950643030008,13.555361627746953,0.3090493182358495,13.330950643030008,0.13267186271599046,17
43,13.330950643030008,13.61134556106105,0.5496362505226475,13.330950643030008,0.1304266493142095,17
44,13.330950643030008,13.588199673054335,0.5525671836550569,13.330950643030008,0.12823189444191613,17
45,13.330950643030008,13.593427411981105,0.6161948936916729,13.330950643030008,0.1260853798677885,17
46,13.330950643030008,13.43282391917679,0.2127907258410134,13.330950643030008,0.12398503049501725,17
47,13.235270009440733,13.429067621476033,0.25187901770242493,13.235270009440733,0.1219289023055466,17
48,13.235270009440733,13.402838978392564,0.25775458410335744,13.235270009440733,0.11991517154745629,17
49,13.1,13.470474352436417,0.4993284405117941,13.1,0.11794212501476203,17
50,13.1,13.481983637546564,0.4959020106001488,13.1,0.11600815128981068,17
51,13.1,13.366684872941287,0.2564896128515412,13.1,0.11411173283609738,17
52,13.1,13.34086968895449,0.37672366848750216,13.1,0.11225143884429051,17
53,13.1,13.34658938467272,0.4014719278051397,13.1,0.11042591874697638,17
54,13.1,13.25791067530163,0.2706587523863247,13.1,0.10863389632848514,17
55,13.1,13.368499229418115,0.5878087078035967,13.1,0.10687416436545444,17
56,13.1,13.215210084723985,0.3894833976647474,13.1,0.10514557974175692,17
57,13.088409872672514,13.17355909089672,0.351152357891683,13.088409872672514,0.10344705898828305,17
58,12.988409872672513,13.2257066272486,0.4066782787708783,12.988409872672513,0.10177757420399913,17
59,12.988409872672513,13.200797946535054,0.3744368461697887,12.988409872672513,0.10013614931982229,17
60,12.988409872672513,13.165992379955922,0.2149624533993997,12.988409872672513,0.09852185667131119,17
61,12.988409872672513,13.17228116122563,0.2430267163353451,12.988409872672513,0.09693381385003808,17
62,12.988409872672513,13.201403619383997,0.41982319653895794,12.988409872672513,0.09537118080688434,17
63,12.988409872672513,13.085050841062694,0.13436027694814145,12.988409872672513,0.09383315718345281,17
64,12.988409872672513,13.094718566513214,0.21048908232739846,12.988409872672513,0.09231897985037307,17
65,12.988409872672513,13.09058857515172,0.23194555144644996,12.988409872672513,0.09082792063354544,17
66,12.948999599679679,13.05842447692595,0.225647855497728,12.948999599679679,0.08935928421136363,17
67,12.869535971483266,13.066688054204343,0.29320911424994417,12.869535971483266,0.08791240616771684,17
68,12.869535971483266,13.080727926433612,0.27280409633511526,12.869535971483266,0.0864866511871244,17
69,12.869535971483266,13.09552378720306,0.2998543166114011,12.869535971483266,0.08508141137973013,17
70,12.869535971483266,13.019362776369213,0.1578783677511383,12.869535971483266,0.08369610472510458,17
71,12.869535971483266,13.058281445096807,0.36273487312570557,12.869535971483266,0.08233017362488254,17
72,12.869535971483266,12.994587186039574,0.18029362325880902,12.869535971483266,0.08098308355522937,17
73,12.869535971483266,12.962192333582767,0.12879266923134083,12.869535971483266,0.07965432181098431,17
74,12.869535971483266,12.91674332535451,0.0628597708603866,12.869535971483266,0.07834339633409798,17
75,12.836660026534076,12.894255367030274,0.046654969690695436,12.836660026534076,0.07704983461966303,17
76,12.836660026534076,12.949191360476707,0.2636539264594217,12.836660026534076,0.07577318269345334,17
77,12.836660026534076,12.949514200284861,0.2584761471715323,12.836660026534076,0.07451300415543333,17
78,12.836660026534076,12.90082070789946,0.2080375107676686,12.836660026534076,0.07326887928419568,17
79,12.836660026534076,12.864824289823318,0.022130916060871187,12.836660026534076,0.0720404041977285,17
80,12.836660026534076,12.886280644401047,0.14450362117412763,12.836660026534076,0.07082719006631227,17
81,12.836660026534076,12.861058530461436,0.07393719325719537,12.836660026534076,0.0696288623737103,17
82,12.836660026534076,12.894329862001346,0.1844989967545673,12.836660026534076,0.06844506022313707,17
83,12.836660026534076,12.884795142087205,0.17447401782209912,12.836660026534076,0.0672754356847905,17
84,12.836660026534076,12.900791188565417,0.1944946772852262,12.836660026534076,0.06611965318199253,17
85,12.836660026534076,12.897701003482407,0.3622636243509689,12.836660026534076,0.06497738891323263,17
86,12.836660026534076,12.848345299278295,0.06277410257056314,12.836660026534076,0.063848330307619,17
87,12.836660026534076,12.839926826003396,0.022867596285229295,12.836660026534076,0.06273217551145155,17
88,12.836660026534076,12.875668290469925,0.1914353357612224,12.836660026534076,0.06162863290380183,17
89,12.836660026534076,12.878139740473328,0.1917132468578653,12.836660026534076,0.060537420639158235,17
90,12.836660026534076,12.85503271671789,0.1286088312866852,12.836660026534076,0.05945826621534128,17
91,12.836660026534076,12.836660026534078,1.7763568394002505e-15,12.836660026534076,0.05839090606503061,17
92,12.836660026534076,12.905489949809034,0.35875078213704753,12.836660026534076,0.05733508516937402,17
93,12.836660026534076,12.881237301163637,0.1537663952229825,12.836660026534076,0.05629055669225935,17
94,12.72736184954957,12.874077937939674,0.13901509644483592,12.72736184954957,0.05525708163393872,17
95,12.72736184954957,12.859486677657696,0.10669388665044886,12.72736184954957,0.054234428502788756,17
96,12.72736184954957,12.86638976382348,0.14748657934137188,12.72736184954957,0.05322237300407823,17
97,12.72736184954957,12.988076662534928,0.6352394755711909,12.72736184954957,0.0522206977446984,17
98,12.707106781186548,12.961991724479192,0.5863233341089742,12.707106781186548,0.05122919195288139,17
99,12.707106781186548,12.84794425196948,0.14189567077912354,12.707106781186548,0.050247651212004085,17
100,12.707106781186548,12.814383791946213,0.0775176512011219,12.707106781186548,0.04927587720763693,17
101,12.707106781186548,12.82353864390318,0.2002987140461971,12.707106781186548,0.0483136774870529,17
102,12.707106781186548,12.851352933756012,0.2585193870283086,12.707106781186548,0.047360865230468896,17
103,12.707106781186548,12.777059649309463,0.13957686099450212,12.707106781186548,0.046417259033339486,17
104,12.707106781186548,12.74994519396188,0.12305400908826977,12.707106781186548,0.04548268269906619,17
105,12.707106781186548,12.722373204377206,0.05588232197183815,12.707106781186548,0.044556965041532726,17
106,12.707106781186548,12.75907696786915,0.2383934989725421,12.707106781186548,0.043639939696910546,17
107,12.707106781186548,12.783576648973815,0.2924517668359206,12.707106781186548,0.04273144494421849,17
108,12.707106781186548,12.707106781186548,0.0,12.707106781186548,0.041831323534151865,17
109,12.707106781186548,12.73304604509875,0.1271065352718574,12.707106781186548,0.04093942252572724,17
110,12.707106781186548,12.777294961604925,0.22775507824853206,12.707106781186548,0.04005559313032031,17
111,12.707106781186548,12.776308273068691,0.3751101739458415,12.707106781186548,0.03917969056269671,17
112,12.707106781186548,12.763617592962426,0.36640189567037695,12.707106781186548,0.03831157389866463,17
113,12.707106781186548,12.712169296096905,0.03543760437247996,12.707106781186548,0.037451105938998974,17
114,12.707106781186548,12.707106781186548,0.0,12.707106781186548,0.036598153079306306,17
115,12.707106781186548,12.734606167140312,0.14740668295442216,12.707106781186548,0.03575258518552521,17
116,12.707106781186548,12.734606167140312,0.14740668295442216,12.707106781186548,0.034914275474769274,17
117,12.707106781186548,12.71745954299065,0.07246933262870583,12.707106781186548,0.03408310040124124,17
118,12.707106781186548,12.707106781186548,0.0,12.707106781186548,0.03325893954696074,17
119,12.707106781186548,12.71631880206688,0.06448414616232159,12.707106781186548,0.03244167551706445,17
120,12.707106781186548,12.707106781186548,0.0,12.707106781186548,0.0316311938394504,17
121,12.707106781186548,12.725284638149828,0.097732431850237,12.707106781186548,0.0308273828685533,17
122,12.707106781186548,12.728627224606734,0.10802669495525372,12.707106781186548,0.0300301336930463,17
123,12.707106781186548,12.71551188255381,0.058835709570822944,12.707106781186548,0.029239340047280238,17
124,12.707106781186548,12.707106781186548,0.0,12.707106781186548,0.02845489822627978,17
125,12.707106781186548,12.707106781186548,0.0,12.707106781186548,0.027676707004126444,17
126,12.707106781186548,12.707106781186548,0.0,12.707106781186548,0.02690466755556653,17
127,12.707106781186548,12.717555905844792,0.07314387260770128,12.707106781186548,0.026138683380694916,17
128,12.707106781186548,12.777826093705713,0.3863804504321551,12.707106781186548,0.025378660232568573,17
129,12.707106781186548,12.707106781186548,0.0,12.707106781186548,0.02462450604761518,17
130,12.707106781186548,12.707106781186548,0.0,12.707106781186548,0.023876130878708435,17
131,12.707106781186548,12.707106781186548,0.0,12.707106781186548,0.023133446830787552,17
132,12.707106781186548,12.707106781186548,0.0,12.707106781186548,0.022396367998906985,17
133,12.707106781186548,12.707106781186548,0.0,12.707106781186548,0.02166481040860574,17
134,12.707106781186548,12.717555905844792,0.07314387260770128,12.707106781186548,0.020938691958494182,17
135,12.707106781186548,12.707106781186548,0.0,12.707106781186548,0.020217932364959,17
136,12.707106781186548,12.707106781186548,0.0,12.707106781186548,0.019502453108893703,17
137,12.707106781186548,12.707106781186548,0.0,12.707106781186548,0.01879217738436656,17
138,12.707106781186548,12.731515979327812,0.17086438698884224,12.707106781186548,0.018087030049141528,17
139,12.707106781186548,12.707106781186548,0.0,12.707106781186548,0.017386937576972405,17
140,12.707106781186548,12.747555905844793,0.2831438726077013,12.707106781186548,0.0166918280115953,17
141,12.707106781186548,12.707106781186548,0.0,12.707106781186548,0.016001630922346743,17
142,12.707106781186548,12.707106781186548,0.0,12.707106781186548,0.015316277361338337,17
143,12.707106781186548,12.730964645562818,0.16700505063388335,12.707106781186548,0.014635699822124648,17
144,12.707106781186548,12.707106781186548,0.0,12.707106781186548,0.013959832199800903,17
145,12.707106781186548,12.707106781186548,0.0,12.707106781186548,0.01328860975247148,17
146,12.707106781186548,12.707106781186548,0.0,12.707106781186548,0.0126219690640344,17
147,12.707106781186548,12.707106781186548,0.0,12.707106781186548,0.011959848008226526,17
148,12.707106781186548,12.730930152547575,0.16676359952718764,12.707106781186548,0.011302185713879864,17
149,12.707106781186548,12.733931275109912,0.18777145746355384,12.707106781186548,0.010648922531340144,17
150,12.707106781186548,12.712964645562817,0.0410050506338833,12.707106781186548,0.010000000000000009,17
0,19.054065922853802,20.779145338897557,0.93260523997829,19.054065922853802,0.5,18
1,15.786342439892262,20.338736394331068,1.1795066980172706,15.786342439892262,0.4323055261972421,18
2,15.786342439892262,19.688685608472728,1.3416832230032285,15.786342439892262,0.39270679751657805,18
3,15.786342439892262,19.13698711539422,1.3444418384427474,15.786342439892262,0.3646110523944842,18
4,15.786342439892262,18.51215096749484,1.3700413862141432,15.786342439892262,0.34281829940875996,18
5,15.682085548648711,17.850303179961784,1.37679628171146,15.682085548648711,0.3250123237138202,18
6,15.682085548648711,17.143014774685764,1.2063127858489795,15.682085548648711,0.3099575857737281,18
7,15.682085548648711,16.70407800919316,0.9683693096866064,15.682085548648711,0.2969165785917264,18
8,15.659107887809371,16.415784211482585,0.8538047644747071,15.659107887809371,0.2854135950331561,18
9,14.475817632051932,16.152777832178536,0.6083395220306757,14.475817632051932,0.275123825606002,18
10,14.475817632051932,16.00970931078506,0.6096349335244056,14.475817632051932,0.2658155969197252,18
11,14.475817632051932,15.859893420588806,0.5613908741980889,14.475817632051932,0.2573178499110623,18
12,14.475817632051932,15.731129697299156,0.5667705503876678,14.475817632051932,0.24950068044161305,18
13,14.475817632051932,15.579482836762242,0.6120144544209732,14.475817632051932,0.24226311197097028,18
14,14.394438717061496,15.361471301351074,0.6234844940994817,14.394438717061496,0.23552509692533802,18
15,14.15796522451032,15.217719884743723,0.5644157816081661,14.15796522451032,0.22922210478896848,18
16,14.15796522451032,15.058552825465258,0.6252482114246339,14.15796522451032,0.22330135377323262,18
17,14.15796522451032,14.78983008805601,0.527022868607403,14.15796522451032,0.21771912123039833,18
18,14.15796522451032,14.631951022312835,0.36800189088288815,14.15796522451032,0.2124387822251788,18
19,14.07156333832011,14.579492376975047,0.42651920817546624,14.07156333832011,0.20742935180324423,18
20,14.07156333832011,14.443132781812505,0.3696326283209776,14.07156333832011,0.20266438329030623,18
21,14.07156333832011,14.375358309405856,0.28839460691609603,14.07156333832011,0.19812112311696733,18
22,14.07156333832011,14.398759176976737,0.41727409622686973,14.07156333832011,0.1937798536705464,18
23,14.07156333832011,14.372989903634705,0.4284784271737836,14.07156333832011,0.18962337610830443,18
24,14.07156333832011,14.316346434074845,0.3983351105267247,14.07156333832011,0.18563659881751993,18
25,14.07156333832011,14.228444242558925,0.2630333599930666,14.07156333832011,0.18180620663885522,18
26,14.07156333832011,14.250338219063979,0.3888600545226316,14.07156333832011,0.17812039254973427,18
27,14.07156333832011,14.196729212562172,0.3756741571814393,14.07156333832011,0.17456863816821244,18
28,14.07156333832011,14.199914414142652,0.2724923133946826,14.07156333832011,0.17114153279104094,18
29,14.07156333832011,14.28706715223825,0.5758873068408779,14.07156333832011,0.16783062312258012,18
30,14.07156333832011,14.158797666286548,0.21000776015460473,14.07156333832011,0.1646282876527959,18
31,14.07156333832011,14.222635947739212,0.2996054978649895,14.07156333832011,0.16152763098621065,18
32,14.07156333832011,14.158788491683158,0.24134061908167156,14.07156333832011,0.15852239443630328,18
33,14.07156333832011,14.149909252086625,0.29507881969138267,14.07156333832011,0.1556068799704748,18
34,14.07156333832011,14.173161127301853,0.32483109893668366,14.07156333832011,0.15277588518248814,18
35,14.07156333832011,14.15464723613459,0.30172571169939516,14.07156333832011,0.15002464742764043,18
36,14.07156333832011,14.157964306700038,0.311753801672879,14.07156333832011,0.14734879561374226,18
37,14.07156333832011,14.136116884997593,0.23232309294935446,14.07156333832011,0.14474430842242098,18
38,14.07156333832011,14.154405021307236,0.19611137098645334,14.07156333832011,0.14220747795819122,18
39,13.97484176581315,14.154869019302138,0.24421735361548066,13.97484176581315,0.13973487800048634,18
40,13.97484176581315,14.111433871735867,0.16852544777177678,13.97484176581315,0.1373233361764682,18
41,13.97484176581315,14.080300232997857,0.09079165920233503,13.97484176581315,0.1349699094875484,18
42,13.97484176581315,14.136647329599107,0.3130789973757589,13.97484176581315,0.13267186271599046,18
43,13.97484176581315,14.09904476380976,0.165234825830536,13.97484176581315,0.1304266493142095,18
44,13.97484176581315,14.10376542733872,0.17427777463812066,13.97484176581315,0.12823189444191613,18
45,13.97484176581315,14.14353035473245,0.3560807168237125,13.97484176581315,0.1260853798677885,18
46,13.97484176581315,14.184607813592136,0.40478926398124265,13.97484176581315,0.12398503049501725,18
47,13.97484176581315,14.236821707073544,0.5015180943425185,13.97484176581315,0.1219289023055466,18
48,13.97484176581315,14.158108652034151,0.43012826754846806,13.97484176581315,0.11991517154745629,18
49,13.97484176581315,14.148549321784222,0.45305448018289535,13.97484176581315,0.11794212501476203,18
50,13.97484176581315,14.063065124330343,0.21514150743678037,13.97484176581315,0.11600815128981068,18
51,13.97484176581315,14.045449967643405,0.21167110079552906,13.97484176581315,0.11411173283609738,18
52,13.97484176581315,14.13421641873594,0.46426578317674555,13.97484176581315,0.11225143884429051,18
53,13.97484176581315,14.097796831621858,0.3686575732542366,13.97484176581315,0.11042591874697638,18
54,13.97484176581315,14.080138740622202,0.35563501968767663,13.97484176581315,0.10863389632848514,18
55,13.97484176581315,14.176322242245483,0.5944919688845427,13.97484176581315,0.10687416436545444,18
56,13.97484176581315,14.126272481497267,0.588126212594938,13.97484176581315,0.10514557974175692,18
57,13.97484176581315,14.0684168675755,0.4179141393909252,13.97484176581315,0.10344705898828305,18
58,13.97484176581315,14.100733833544687,0.508334874227708,13.97484176581315,0.10177757420399913,18
59,13.97484176581315,14.07667292232045,0.40890697241184437,13.97484176581315,0.10013614931982229,18
60,13.97484176581315,14.073463283091774,0.27325769870072664,13.97484176581315,0.09852185667131119,18
61,13.97484176581315,14.093470258942196,0.3403095554873557,13.97484176581315,0.09693381385003808,18
62,13.97484176581315,14.03739188660344,0.21646674678306568,13.97484176581315,0.09537118080688434,18
63,13.97484176581315,14.009595179588219,0.17030271380775347,13.97484176581315,0.09383315718345281,18
64,13.97484176581315,14.01922057490371,0.1779771694497383,13.97484176581315,0.09231897985037307,18
65,13.97484176581315,14.011462533156193,0.16966701851890417,13.97484176581315,0.09082792063354544,18
66,13.97484176581315,13.982581887966763,0.04047123449752333,13.97484176581315,0.08935928421136363,18
67,13.97484176581315,13.993788838530161,0.10183571751735326,13.97484176581315,0.08791240616771684,18
68,13.97484176581315,14.049525413875031,0.35871063843975703,13.97484176581315,0.0864866511871244,18
69,13.97484176581315,14.06222588685571,0.37773756422000293,13.97484176581315,0.08508141137973013,18
70,13.97484176581315,14.09909052072312,0.4674752226773194,13.97484176581315,0.08369610472510458,18
71,13.97484176581315,14.065702062718191,0.3989105239561233,13.97484176581315,0.08233017362488254,18
72,13.97484176581315,14.07408564014102,0.429652737370441,13.97484176581315,0.08098308355522937,18
73,13.97484176581315,14.091827993346765,0.504015770925116,13.97484176581315,0.07965432181098431,18
74,13.97484176581315,14.090551440211925,0.48159304846263823,13.97484176581315,0.07834339633409798,18
75,13.97484176581315,14.1276560492851,0.5006332822320533,13.97484176581315,0.07704983461966303,18
76,13.97484176581315,14.116546257613736,0.534500327676942,13.97484176581315,0.07577318269345334,18
77,13.97484176581315,14.023488529268581,0.16945030055776894,13.97484176581315,0.07451300415543333,18
78,13.97484176581315,14.010233009523487,0.17725845185604916,13.97484176581315,0.07326887928419568,18
79,13.97484176581315,13.986495710339387,0.06606296871144593,13.97484176581315,0.0720404041977285,18
80,13.97484176581315,13.982177990605441,0.051353573546046534,13.97484176581315,0.07082719006631227,18
81,13.97484176581315,14.01671199023473,0.17233480932031017,13.97484176581315,0.0696288623737103,18
82,13.97484176581315,14.026281163094627,0.25019112875866706,13.97484176581315,0.06844506022313707,18
83,13.97484176581315,14.00070101985768,0.17401217805654312,13.97484176581315,0.0672754356847905,18
84,13.97484176581315,13.987703643744943,0.09003314552255584,13.97484176581315,0.06611965318199253,18
85,13.97484176581315,14.003678482804395,0.1708938050257968,13.97484176581315,0.06497738891323263,18
86,13.97484176581315,13.980304546596521,0.03383740067098654,13.97484176581315,0.063848330307619,18
87,13.97484176581315,13.974841765813151,1.7763568394002505e-15,13.97484176581315,0.06273217551145155,18
88,13.97484176581315,14.004638325350797,0.1568802555678799,13.97484176581315,0.06162863290380183,18
89,13.97484176581315,14.021868077593417,0.1783573081326804,13.97484176581315,0.060537420639158235,18
90,13.97484176581315,14.030141460317685,0.20483647288278242,13.97484176581315,0.05945826621534128,18
91,13.97484176581315,14.000405583939676,0.1478791982141119,13.97484176581315,0.05839090606503061,18
92,13.97484176581315,14.012024613029093,0.18709681200706316,13.97484176581315,0.05733508516937402,18
93,13.97484176581315,13.99262603034123,0.12448985169654626,13.97484176581315,0.05629055669225935,18
94,13.97484176581315,14.007669776629232,0.16131910284378384,13.97484176581315,0.05525708163393872,18
95,13.97484176581315,13.992518996786735,0.12374061681507972,13.97484176581315,0.054234428502788756,18
96,13.97484176581315,13.983992545655651,0.06405545889749582,13.97484176581315,0.05322237300407823,18
97,13.97484176581315,14.018151984428803,0.156661263325883,13.97484176581315,0.0522206977446984,18
98,13.97484176581315,14.037370746586916,0.22036410994272096,13.97484176581315,0.05122919195288139,18
99,13.97484176581315,13.998876434761437,0.16824268263800102,13.97484176581315,0.050247651212004085,18
100,13.97484176581315,13.998876434761437,0.16824268263800102,13.97484176581315,0.04927587720763693,18
101,13.97484176581315,14.067821988475451,0.3987313832766606,13.97484176581315,0.0483136774870529,18
102,13.97484176581315,13.999135456193693,0.12810429015129646,13.97484176581315,0.047360865230468896,18
103,13.97484176581315,13.991728133911725,0.11820457669000527,13.97484176581315,0.046417259033339486,18
104,13.97484176581315,14.00165679561559,0.1318562329624278,13.97484176581315,0.04548268269906619,18
105,13.97484176581315,13.987113646919065,0.0859031677414131,13.97484176581315,0.044556965041532726,18
106,13.97484176581315,13.987113646919065,0.0859031677414131,13.97484176581315,0.043639939696910546,18
107,13.97484176581315,14.011281006429158,0.14524622226829065,13.97484176581315,0.04273144494421849,18
108,13.97484176581315,13.993921184417852,0.10269943351991219,13.97484176581315,0.041831323534151865,18
109,13.97484176581315,14.044464989134093,0.33351659296453146,13.97484176581315,0.04093942252572724,18
110,13.97484176581315,14.018511448087706,0.3056877759218777,13.97484176581315,0.04005559313032031,18
111,13.97484176581315,14.025918770369676,0.30900909092291556,13.97484176581315,0.03917969056269671,18
112,13.97484176581315,13.990205426715697,0.10754562631784136,13.97484176581315,0.03831157389866463,18
113,13.97484176581315,13.974841765813151,1.7763568394002505e-15,13.97484176581315,0.037451105938998974,18
114,13.97484176581315,13.99405471801192,0.13449066539137824,13.97484176581315,0.036598153079306306,18
115,13.97484176581315,14.02553230158922,0.2612016163134751,13.97484176581315,0.03575258518552521,18
116,13.97484176581315,14.025532301589221,0.26120161631347505,13.97484176581315,0.034914275474769274,18
117,13.97484176581315,14.019414072296398,0.24521094788189343,13.97484176581315,0.03408310040124124,18
118,13.97484176581315,14.028049619739564,0.25500342091442463,13.97484176581315,0.03325893954696074,18
119,13.97484176581315,13.974841765813151,1.7763568394002505e-15,13.97484176581315,0.03244167551706445,18
120,13.97484176581315,14.023442922641689,0.34020809779977157,13.97484176581315,0.0316311938394504,18
121,13.97484176581315,14.048311863688337,0.35636896636852544,13.97484176581315,0.0308273828685533,18
122,13.97484176581315,13.974841765813151,1.7763568394002505e-15,13.97484176581315,0.0300301336930463,18
123,13.97484176581315,13.982518996786734,0.053740616815079724,13.97484176581315,0.029239340047280238,18
124,13.97484176581315,13.974841765813151,1.7763568394002505e-15,13.97484176581315,0.02845489822627978,18
125,13.97484176581315,13.974841765813151,1.7763568394002505e-15,13.97484176581315,0.027676707004126444,18
126,13.97484176581315,13.98677619726329,0.0835410201509746,13.97484176581315,0.02690466755556653,18
127,13.97484176581315,13.974841765813151,1.7763568394002505e-15,13.97484176581315,0.026138683380694916,18
128,13.97484176581315,13.974841765813151,1.7763568394002505e-15,13.97484176581315,0.025378660232568573,18
129,13.97484176581315,13.974841765813151,1.7763568394002505e-15,13.97484176581315,0.02462450604761518,18
130,13.97484176581315,13.974841765813151,1.7763568394002505e-15,13.97484176581315,0.023876130878708435,18
131,13.97484176581315,13.982249088095124,0.05185125597379923,13.97484176581315,0.023133446830787552,18
132,13.97484176581315,13.982249088095124,0.05185125597379923,13.97484176581315,0.022396367998906985,18
133,13.97484176581315,13.982249088095124,0.05185125597379923,13.97484176581315,0.02166481040860574,18
134,13.97484176581315,13.992463865849126,0.12335470025182492,13.97484176581315,0.020938691958494182,18
135,13.97484176581315,13.995167614074512,0.10878418683694535,13.97484176581315,0.020217932364959,18
136,13.97484176581315,13.989384914509674,0.10180204087566946,13.97484176581315,0.019502453108893703,18
137,13.97484176581315,13.974841765813151,1.7763568394002505e-15,13.97484176581315,0.01879217738436656,18
138,13.97484176581315,13.974841765813151,1.7763568394002505e-15,13.97484176581315,0.018087030049141528,18
139,13.97484176581315,13.974841765813151,1.7763568394002505e-15,13.97484176581315,0.017386937576972405,18
140,13.97484176581315,13.974841765813151,1.7763568394002505e-15,13.97484176581315,0.0166918280115953,18
141,13.97484176581315,13.974841765813151,1.7763568394002505e-15,13.97484176581315,0.016001630922346743,18
142,13.97484176581315,13.974841765813151,1.7763568394002505e-15,13.97484176581315,0.015316277361338337,18
143,13.97484176581315,13.997858087090153,0.16111424893900422,13.97484176581315,0.014635699822124648,18
144,13.97484176581315,13.974841765813151,1.7763568394002505e-15,13.97484176581315,0.013959832199800903,18
145,13.97484176581315,13.974841765813151,1.7763568394002505e-15,13.97484176581315,0.01328860975247148,18
146,13.97484176581315,13.974841765813151,1.7763568394002505e-15,13.97484176581315,0.0126219690640344,18
147,13.97484176581315,13.998876434761437,0.16824268263800102,13.97484176581315,0.011959848008226526,18
148,13.97484176581315,13.986902977270342,0.08442848020034732,13.97484176581315,0.011302185713879864,18
149,13.97484176581315,13.974841765813151,1.7763568394002505e-15,13.97484176581315,0.010648922531340144,18
150,13.97484176581315,13.974841765813151,1.7763568394002505e-15,13.97484176581315,0.010000000000000009,18
0,18.088409872672514,20.807122971631955,1.1527297153042988,18.088409872672514,0.5,19
1,17.462977544445355,20.185264793694866,1.2731124477347955,17.462977544445355,0.4323055261972421,19
2,17.179215610874227,19.58947260279245,1.1867936566562471,17.179215610874227,0.39270679751657805,19
3,16.953711507397312,18.81872758811237,1.0334291655070733,16.953711507397312,0.3646110523944842,19
4,16.483239697419133,18.12865438426883,0.8711101275202782,16.483239697419133,0.34281829940875996,19
5,15.78998886412873,17.640350105295752,0.9477340944863685,15.78998886412873,0.3250123237138202,19
6,15.78998886412873,17.20136465540407,0.9370546663940094,15.78998886412873,0.3099575857737281,19
7,15.78998886412873,16.82033546925893,0.8376919570934035,15.78998886412873,0.2969165785917264,19
8,15.755294535724685,16.63073318121906,0.8723155282224071,15.755294535724685,0.2854135950331561,19
9,14.45472369909914,16.28391276445127,0.6611710312828123,14.45472369909914,0.275123825606002,19
10,14.333907960581373,16.09365238785523,0.7382172350457628,14.333907960581373,0.2658155969197252,19
11,14.45472369909914,15.837947391373316,0.5649787217497508,14.333907960581373,0.2573178499110623,19
12,14.45472369909914,15.686580900563479,0.6149134193144499,14.333907960581373,0.24950068044161305,19
13,14.45472369909914,15.523509225931623,0.5597692512922695,14.333907960581373,0.24226311197097028,19
14,14.45472369909914,15.340098898932899,0.4646932356682849,14.333907960581373,0.23552509692533802,19
15,14.45472369909914,15.193949123852214,0.5133863633286581,14.333907960581373,0.22922210478896848,19
16,14.45472369909914,15.116700203200523,0.578827571978735,14.333907960581373,0.22330135377323262,19
17,14.057583690279023,14.960173951145071,0.6225321794243768,14.057583690279023,0.21771912123039833,19
18,13.80384048104053,14.797655763613802,0.5380991578107671,13.80384048104053,0.2124387822251788,19
19,13.80384048104053,14.716661199179905,0.5481270194308923,13.80384048104053,0.20742935180324423,19
20,13.80384048104053,14.585160866777885,0.567664845888763,13.80384048104053,0.20266438329030623,19
21,13.80384048104053,14.493369748038885,0.5755338047155835,13.80384048104053,0.19812112311696733,19
22,13.80384048104053,14.505628318813827,0.7327606157991597,13.80384048104053,0.1937798536705464,19
23,13.80384048104053,14.311696087711002,0.5722062173378748,13.80384048104053,0.18962337610830443,19
24,13.548808848170152,14.120892307145244,0.5439901083886143,13.548808848170152,0.18563659881751993,19
25,13.548808848170152,14.095593441017057,0.7374532168553777,13.548808848170152,0.18180620663885522,19
26,13.467707825203131,13.995657264183565,0.5493812869954894,13.467707825203131,0.17812039254973427,19
27,13.456465996625052,13.818619020844437,0.29191986329434444,13.456465996625052,0.17456863816821244,19
28,13.329563014098701,13.760869998708724,0.252000980737589,13.329563014098701,0.17114153279104094,19
29,13.329563014098701,13.737330530335361,0.29537914513780317,13.329563014098701,0.16783062312258012,19
30,13.316515138991168,13.722787328627069,0.41158197644013694,13.316515138991168,0.1646282876527959,19
31,13.316515138991168,13.626777007005956,0.33124670651245647,13.316515138991168,0.16152763098621065,19
32,13.316515138991168,13.591936847091874,0.4327950441409673,13.316515138991168,0.15852239443630328,19
33,13.316515138991168,13.489702809941939,0.24587435957163903,13.316515138991168,0.1556068799704748,19
34,13.316515138991168,13.492867203304003,0.33511035936930117,13.316515138991168,0.15277588518248814,19
35,13.316515138991168,13.477496947476451,0.40761090932804506,13.316515138991168,0.15002464742764043,19
36,12.967707825203131,13.411410390748342,0.31351662640499145,12.967707825203131,0.14734879561374226,19
37,12.967707825203131,13.39311648738843,0.30916064709346724,12.967707825203131,0.14474430842242098,19
38,12.967707825203131,13.370167962715671,0.1875343777030897,12.967707825203131,0.14220747795819122,19
39,12.967707825203131,13.414355827254532,0.30459007903154595,12.967707825203131,0.13973487800048634,19
40,12.967707825203131,13.411517616348677,0.3036530280908162,12.967707825203131,0.1373233361764682,19
41,12.967707825203131,13.370801790561588,0.3425531485931623,12.967707825203131,0.1349699094875484,19
42,12.967707825203131,13.315897693009367,0.32931122389998835,12.967707825203131,0.13267186271599046,19
43,12.967707825203131,13.277043615270127,0.3575511432070998,12.967707825203131,0.1304266493142095,19
44,12.967707825203131,13.214533922558081,0.35290459477961406,12.967707825203131,0.12823189444191613,19
45,12.967707825203131,13.294032076383004,0.6182665199659713,12.967707825203131,0.1260853798677885,19
46,12.967707825203131,13.19332045549401,0.46949194838613467,12.967707825203131,0.12398503049501725,19
47,12.967707825203131,13.17727862118154,0.5122824414902849,12.967707825203131,0.1219289023055466,19
48,12.967707825203131,13.09486239427206,0.2887845210977666,12.967707825203131,0.11991517154745629,19
49,12.967707825203131,13.07034958086432,0.2665771118631257,12.967707825203131,0.11794212501476203,19
50,12.967707825203131,13.174084303552142,0.6177126946039883,12.967707825203131,0.11600815128981068,19
51,12.967707825203131,13.089083011057687,0.4908099563225981,12.967707825203131,0.11411173283609738,19
52,12.967707825203131,13.017452469680379,0.20277750600949787,12.967707825203131,0.11225143884429051,19
53,12.967707825203131,13.050845876944418,0.2825651844893362,12.967707825203131,0.11042591874697638,19
54,12.967707825203131,12.988151523378452,0.13493803440284377,12.967707825203131,0.10863389632848514,19
55,12.829563014098701,13.008604668860393,0.15530323915388194,12.829563014098701,0.10687416436545444,19
56,12.829563014098701,12.998447512116572,0.12961170016199838,12.829563014098701,0.10514557974175692,19
57,12.829563014098701,13.019409046918868,0.16693263226651803,12.829563014098701,0.10344705898828305,19
58,12.829563014098701,13.03733096363958,0.2736587352401556,12.829563014098701,0.10177757420399913,19
59,12.829563014098701,13.019554689324268,0.3162280356872566,12.829563014098701,0.10013614931982229,19
60,12.829563014098701,13.04330325722426,0.4291123928497283,12.829563014098701,0.09852185667131119,19
61,12.829563014098701,13.08332447775113,0.529434962435824,12.829563014098701,0.09693381385003808,19
62,12.829563014098701,12.930496758763386,0.20149274844907392,12.829563014098701,0.09537118080688434,19
63,12.829563014098701,12.929807584189389,0.2135768676337554,12.829563014098701,0.09383315718345281,19
64,12.829563014098701,12.953829149239132,0.5234641709320402,12.829563014098701,0.09231897985037307,19
65,12.829563014098701,12.930399719649099,0.5123459755869278,12.829563014098701,0.09082792063354544,19
66,12.829563014098701,12.924781299765318,0.5160617823650672,12.829563014098701,0.08935928421136363,19
67,12.829563014098701,12.987691949514815,0.6355601572997482,12.829563014098701,0.08791240616771684,19
68,12.829563014098701,12.870668654138148,0.1668198253910271,12.829563014098701,0.0864866511871244,19
69,12.829563014098701,12.86273581743384,0.14980551720111943,12.829563014098701,0.08508141137973013,19
70,12.829563014098701,12.909124228429356,0.3442604620449912,12.829563014098701,0.08369610472510458,19
71,12.829563014098701,12.875698135552984,0.20819698457980074,12.829563014098701,0.08233017362488254,19
72,12.829563014098701,12.882823178823804,0.21232016651584604,12.829563014098701,0.08098308355522937,19
73,12.829563014098701,12.88235266802517,0.19079649343736307,12.829563014098701,0.07965432181098431,19
74,12.829563014098701,12.850025946424244,0.08827112096218517,12.829563014098701,0.07834339633409798,19
75,12.829563014098701,12.88375149072018,0.16887893371242893,12.829563014098701,0.07704983461966303,19
76,12.829563014098701,12.87295644476393,0.164937503931585,12.829563014098701,0.07577318269345334,19
77,12.829563014098701,12.869086074852019,0.17480650004660078,12.829563014098701,0.07451300415543333,19
78,12.829563014098701,12.90984126062669,0.2770269839917578,12.829563014098701,0.07326887928419568,19
79,12.829563014098701,12.876627251102764,0.2310093847269289,12.829563014098701,0.0720404041977285,19
80,12.829563014098701,12.857701468657465,0.17568933199945466,12.829563014098701,0.07082719006631227,19
81,12.829563014098701,12.864425061855126,0.1427454364027585,12.829563014098701,0.0696288623737103,19
82,12.829563014098701,12.859122310416984,0.1465350465798778,12.829563014098701,0.06844506022313707,19
83,12.829563014098701,12.893289402057007,0.2575853461041406,12.829563014098701,0.0672754356847905,19
84,12.829563014098701,12.867353341522287,0.19550110000366727,12.829563014098701,0.06611965318199253,19
85,12.829563014098701,12.854739951270176,0.1762385602003338,12.829563014098701,0.06497738891323263,19
86,12.829563014098701,12.858514835930878,0.20266275282526308,12.829563014098701,0.063848330307619,19
87,12.829563014098701,12.862148079873627,0.15071137860511294,12.829563014098701,0.06273217551145155,19
88,12.829563014098701,12.923221337562854,0.4036600058563766,12.829563014098701,0.06162863290380183,19
89,12.829563014098701,12.886560614385985,0.23695629522185052,12.829563014098701,0.060537420639158235,19
90,12.829563014098701,12.843212249771941,0.08329039005606703,12.829563014098701,0.05945826621534128,19
91,12.829563014098701,12.831421698137369,0.013010788270687607,12.829563014098701,0.05839090606503061,19
92,12.829563014098701,12.831421698137369,0.013010788270687607,12.829563014098701,0.05733508516937402,19
93,12.829563014098701,12.84998288730284,0.1178014570768599,12.829563014098701,0.05629055669225935,19
94,12.829563014098701,12.889719093171442,0.28570850580730234,12.829563014098701,0.05525708163393872,19
95,12.829563014098701,12.831421698137369,0.013010788270687607,12.829563014098701,0.054234428502788756,19
96,12.829563014098701,12.920249142984652,0.5114708856540685,12.829563014098701,0.05322237300407823,19
97,12.829563014098701,12.90024914298465,0.49480290220166995,12.829563014098701,0.0522206977446984,19
98,12.829563014098701,12.8462655192255,0.11691753588762081,12.829563014098701,0.05122919195288139,19
99,12.829563014098701,12.879082164259144,0.19603187691122265,12.829563014098701,0.050247651212004085,19
100,12.829563014098701,12.844880656116931,0.10722349412762827,12.829563014098701,0.04927587720763693,19
101,12.829563014098701,12.844880656116931,0.10722349412762827,12.829563014098701,0.0483136774870529,19
102,12.829563014098701,12.875273018197417,0.23447175804602705,12.829563014098701,0.047360865230468896,19
103,12.829563014098701,12.880760416653334,0.2231717724602645,12.829563014098701,0.046417259033339486,19
104,12.829563014098701,12.851830928399222,0.09656758034563104,12.829563014098701,0.04548268269906619,19
105,12.829563014098701,12.846893725663858,0.08205782830380545,12.829563014098701,0.044556965041532726,19
106,12.829563014098701,12.8295630140987,1.7763568394002505e-15,12.829563014098701,0.043639939696910546,19
107,12.829563014098701,12.840539851320905,0.07683786055544485,12.829563014098701,0.04273144494421849,19
108,12.829563014098701,12.8295630140987,1.7763568394002505e-15,12.829563014098701,0.041831323534151865,19
109,12.829563014098701,12.85438824042923,0.1471529714813589,12.829563014098701,0.04093942252572724,19
110,12.829563014098701,12.8295630140987,1.7763568394002505e-15,12.829563014098701,0.04005559313032031,19
111,12.829563014098701,12.844863969971316,0.08948579505203348,12.829563014098701,0.03917969056269671,19
112,12.829563014098701,12.876803578876029,0.18914851282807255,12.829563014098701,0.03831157389866463,19
113,12.829563014098701,12.869959757787896,0.16519059488370988,12.829563014098701,0.037451105938998974,19
114,12.829563014098701,12.851959757787895,0.11053603670679117,12.829563014098701,0.036598153079306306,19
115,12.829563014098701,12.851959757787895,0.11053603670679117,12.829563014098701,0.03575258518552521,19
116,12.829563014098701,12.8295630140987,1.7763568394002505e-15,12.829563014098701,0.034914275474769274,19
117,12.829563014098701,12.84346790743527,0.09733425335598883,12.829563014098701,0.03408310040124124,19
118,12.829563014098701,12.862520210379031,0.16146983405636373,12.829563014098701,0.03325893954696074,19
119,12.829563014098701,12.860984770597465,0.1399626074997073,12.829563014098701,0.03244167551706445,19
120,12.829563014098701,12.833137845763913,0.02502382165650605,12.829563014098701,0.0316311938394504,19
121,12.829563014098701,12.846636072949122,0.11951141195297112,12.829563014098701,0.0308273828685533,19
122,12.829563014098701,12.8295630140987,1.7763568394002505e-15,12.829563014098701,0.0300301336930463,19
123,12.829563014098701,12.834971753816726,0.0378611780261818,12.829563014098701,0.029239340047280238,19
124,12.829563014098701,12.8295630140987,1.7763568394002505e-15,12.829563014098701,0.02845489822627978,19
125,12.612403840463596,12.820876647153295,0.042554333469636885,12.612403840463596,0.027676707004126444,19
126,12.612403840463596,12.816533463680594,0.051572446301634066,12.612403840463596,0.02690466755556653,19
127,12.612403840463596,12.803503913262487,0.0705683786612241,12.612403840463596,0.026138683380694916,19
128,12.612403840463596,12.808953247325958,0.15277047402682614,12.612403840463596,0.025378660232568573,19
129,12.612403840463596,12.782335243047687,0.178324015390136,12.612403840463596,0.02462450604761518,19
130,12.612403840463596,12.761536668773875,0.21913848803723376,12.612403840463596,0.023876130878708435,19
131,12.612403840463596,12.713221530882775,0.19015601249993833,12.612403840463596,0.023133446830787552,19
132,12.612403840463596,12.65872413991043,0.13086529369105984,12.612403840463596,0.022396367998906985,19
133,12.612403840463596,12.661974520758672,0.18522159007597486,12.612403840463596,0.02166481040860574,19
134,12.612403840463596,12.657631337285972,0.18378139506624072,12.612403840463596,0.020938691958494182,19
135,12.612403840463596,12.6167470239363,0.030402284308914715,12.612403840463596,0.020217932364959,19
136,12.612403840463596,12.612403840463596,0.0,12.612403840463596,0.019502453108893703,19
137,12.612403840463596,12.628044307474324,0.10948326907508489,12.612403840463596,0.01879217738436656,19
138,12.612403840463596,12.628044307474324,0.10948326907508489,12.612403840463596,0.018087030049141528,19
139,12.612403840463596,12.621923961107774,0.06664084450924855,12.612403840463596,0.017386937576972405,19
140,12.612403840463596,12.612403840463596,0.0,12.612403840463596,0.0166918280115953,19
141,12.612403840463596,12.612403840463596,0.0,12.612403840463596,0.016001630922346743,19
142,12.612403840463596,12.617479571233707,0.03553011539076473,12.612403840463596,0.015316277361338337,19
143,12.612403840463596,12.612403840463596,0.0,12.612403840463596,0.014635699822124648,19
144,12.612403840463596,12.623509920158385,0.07774255786353484,12.612403840463596,0.013959832199800903,19
145,12.612403840463596,12.627479571233707,0.10553011539076469,12.612403840463596,0.01328860975247148,19
146,12.612403840463596,12.612403840463596,0.0,12.612403840463596,0.0126219690640344,19
147,12.612403840463596,12.612403840463596,0.0,12.612403840463596,0.011959848008226526,19
148,12.612403840463596,12.627382259105998,0.10484893049680263,12.612403840463596,0.011302185713879864,19
149,12.612403840463596,12.612403840463596,0.0,12.612403840463596,0.010648922531340144,19
150,12.612403840463596,12.612403840463596,0.0,12.612403840463596,0.010000000000000009,19
0,17.474165738677396,20.758123839122426,1.1328248737931492,17.474165738677396,0.5,20
1,17.474165738677396,20.227302535868482,1.2394512809569094,17.474165738677396,0.4323055261972421,20
2,16.919090595827292,19.5157176735117,1.3019479031801284,16.919090595827292,0.39270679751657805,20
3,16.634846922834953,19.150952246975926,1.2516728966149602,16.634846922834953,0.3646110523944842,20
4,15.965229618017538,18.43478223939464,1.166744200636514,15.965229618017538,0.34281829940875996,20
5,15.958703314492292,17.84351722519475,1.1999189389856493,15.958703314492292,0.3250123237138202,20
6,15.591656999213594,17.274440626730303,0.942552385353656,15.591656999213594,0.3099575857737281,20
7,15.16770782520313,16.816341151496367,0.9504459439174837,15.16770782520313,0.2969165785917264,20
8,15.16770782520313,16.488796887132136,0.7954830457554428,15.16770782520313,0.2854135950331561,20
9,15.16770782520313,16.195439003243333,0.5852954619334052,15.16770782520313,0.275123825606002,20
10,15.16770782520313,15.937391564223798,0.5133365467861425,15.16770782520313,0.2658155969197252,20
11,15.16770782520313,15.793546456094782,0.5124311780665354,15.16770782520313,0.2573178499110623,20
12,15.16770782520313,15.65008693727778,0.451362469220703,15.16770782520313,0.24950068044161305,20
13,15.16770782520313,15.508619891897974,0.4389173687743977,15.16770782520313,0.24226311197097028,20
14,14.967707825203131,15.38300661795896,0.30000911412277537,14.967707825203131,0.23552509692533802,20
15,14.894427190999917,15.388565608684075,0.37526764652282335,14.894427190999917,0.22922210478896848,20
16,14.557583690279023,15.325708107360347,0.44564683821977713,14.557583690279023,0.22330135377323262,20
17,14.557583690279023,15.194387532374053,0.2731772838352555,14.557583690279023,0.21771912123039833,20
18,14.508304597359459,15.114466304094924,0.28089514391658305,14.508304597359459,0.2124387822251788,20
19,14.22736184954957,15.055064242104198,0.3108801484673904,14.22736184954957,0.20742935180324423,20
20,14.127361849549569,15.008085865182256,0.39673419444630337,14.127361849549569,0.20266438329030623,20
21,14.127361849549569,14.891046311894495,0.4550805494105321,14.127361849549569,0.19812112311696733,20
22,14.127361849549569,14.776930538539245,0.4788271810697289,14.127361849549569,0.1937798536705464,20
23,14.127361849549569,14.661321978547175,0.5248743795288817,14.127361849549569,0.18962337610830443,20
24,14.127361849549569,14.530676918472341,0.4383232131133038,14.127361849549569,0.18563659881751993,20
25,14.127361849549569,14.35218842568429,0.20870319443664154,14.127361849549569,0.18180620663885522,20
26,14.127361849549569,14.313793311758564,0.31793538303467683,14.127361849549569,0.17812039254973427,20
27,14.127361849549569,14.257820995370457,0.21844071268694465,14.127361849549569,0.17456863816821244,20
28,13.707106781186548,14.278577194654579,0.3871196603575479,13.707106781186548,0.17114153279104094,20
29,13.707106781186548,14.233542195623508,0.32785007182322795,13.707106781186548,0.16783062312258012,20
30,13.707106781186548,14.168533426008844,0.37048299756531927,13.707106781186548,0.1646282876527959,20
31,13.707106781186548,14.089985401718913,0.30645548587941346,13.707106781186548,0.16152763098621065,20
32,13.707106781186548,14.03220267813682,0.3059889713073807,13.707106781186548,0.15852239443630328,20
33,13.707106781186548,13.956231564771079,0.32525084441637075,13.707106781186548,0.1556068799704748,20
34,13.707106781186548,13.8777394477377,0.3256161289421755,13.707106781186548,0.15277588518248814,20
35,13.707106781186548,13.821441437689513,0.23598355050585826,13.707106781186548,0.15002464742764043,20
36,13.707106781186548,13.88060071796589,0.3368222257333666,13.707106781186548,0.14734879561374226,20
37,13.707106781186548,13.817613813082827,0.2980183746565219,13.707106781186548,0.14474430842242098,20
38,13.707106781186548,13.846329322976112,0.40590150026239485,13.707106781186548,0.14220747795819122,20
39,13.707106781186548,13.832187499604233,0.3807843247926958,13.707106781186548,0.13973487800048634,20
40,13.707106781186548,13.811896034175486,0.3351428822184072,13.707106781186548,0.1373233361764682,20
41,13.707106781186548,13.743191545767488,0.15692375319696716,13.707106781186548,0.1349699094875484,20
42,13.707106781186548,13.759168503878307,0.2068461564603343,13.707106781186548,0.13267186271599046,20
43,13.516515138991167,13.755364757173579,0.14566843823237582,13.516515138991167,0.1304266493142095,20
44,13.516515138991167,13.773134861358006,0.24762458168415774,13.516515138991167,0.12823189444191613,20
45,13.516515138991167,13.754234846120225,0.21605867209544238,13.516515138991167,0.1260853798677885,20
46,13.516515138991167,13.756630608878261,0.337166994982083,13.516515138991167,0.12398503049501725,20
47,13.516515138991167,13.764028943445428,0.4316975079464106,13.516515138991167,0.1219289023055466,20
48,13.516515138991167,13.663274804415282,0.1474937074946859,13.516515138991167,0.11991517154745629,20
49,13.516515138991167,13.611810960088858,0.09529582109769041,13.516515138991167,0.11794212501476203,20
50,13.516515138991167,13.642529519395493,0.3105410322817578,13.516515138991167,0.11600815128981068,20
51,13.5,13.5976574575688,0.2002480689650764,13.5,0.11411173283609738,20
52,13.4,13.560132810133739,0.1408250084692296,13.4,0.11225143884429051,20
53,13.4,13.563355154644457,0.2774498373281679,13.4,0.11042591874697638,20
54,13.4,13.5590277981681,0.28085894468378875,13.4,0.10863389632848514,20
55,13.4,13.50013897283269,0.08383029091883384,13.4,0.10687416436545444,20
56,13.4,13.573452307722697,0.39583013849587056,13.4,0.10514557974175692,20
57,13.4,13.56791123718515,0.469298949102075,13.4,0.10344705898828305,20
58,13.4,13.519504489337061,0.3339601027721847,13.4,0.10177757420399913,20
59,13.4,13.460609835743494,0.31206477028785706,13.4,0.10013614931982229,20
60,13.4,13.426309518948454,0.09627443706662464,13.4,0.09852185667131119,20
61,13.30990195135928,13.419183750396257,0.09632809811932906,13.30990195135928,0.09693381385003808,20
62,13.30990195135928,13.495912478834846,0.31573299299571983,13.30990195135928,0.09537118080688434,20
63,13.30990195135928,13.491879550584908,0.3153804048963514,13.30990195135928,0.09383315718345281,20
64,13.30990195135928,13.480532399626487,0.29348821686030274,13.30990195135928,0.09231897985037307,20
65,13.1,13.527402341410362,0.4558714382648951,13.1,0.09082792063354544,20
66,13.1,13.437394493873413,0.21650483658882663,13.1,0.08935928421136363,20
67,13.1,13.38823660586194,0.14296410784771668,13.1,0.08791240616771684,20
68,13.1,13.348817150564685,0.13595966945663376,13.1,0.0864866511871244,20
69,13.1,13.313952272569063,0.11038769079491235,13.1,0.08508141137973013,20
70,13.1,13.287150567336662,0.1323018273050532,13.1,0.08369610472510458,20
71,13.1,13.283432248187768,0.2176831169118826,13.1,0.08233017362488254,20
72,13.0,13.218260103454398,0.19872353700540357,13.0,0.08098308355522937,20
73,13.0,13.198656613934347,0.39034649283454437,13.0,0.07965432181098431,20
74,13.0,13.202694411486965,0.41133913855888127,13.0,0.07834339633409798,20
75,13.0,13.188670610564712,0.4197044447637729,13.0,0.07704983461966303,20
76,13.0,13.112688934453336,0.14942105201366784,13.0,0.07577318269345334,20
77,13.0,13.145035540987417,0.4197611701971418,13.0,0.07451300415543333,20
78,13.0,13.053866975393587,0.08183120227975627,13.0,0.07326887928419568,20
79,13.0,13.045281273744681,0.10958057321378953,13.0,0.0720404041977285,20
80,13.0,13.038198039027186,0.10011037108195252,13.0,0.07082719006631227,20
81,13.0,13.069164668574281,0.18379537529069206,13.0,0.0696288623737103,20
82,13.0,13.129281273744683,0.36130461291292076,13.0,0.06844506022313707,20
83,13.0,13.099812545563704,0.2561804055539565,13.0,0.0672754356847905,20
84,13.0,13.139539345501705,0.440940127826964,13.0,0.06611965318199253,20
85,13.0,13.08473618495496,0.5143417240020153,13.0,0.06497738891323263,20
86,13.0,13.005999999999998,0.04199999999999985,13.0,0.063848330307619,20
87,13.0,13.024724582991475,0.17307208094032087,13.0,0.06273217551145155,20
88,13.0,13.06328127374468,0.3395150124952341,13.0,0.06162863290380183,20
89,13.0,13.014000000000001,0.08487638069569173,13.0,0.060537420639158235,20
90,13.0,13.063524830353996,0.3686529575073332,13.0,0.05945826621534128,20
91,13.0,13.0755708661344,0.37615131584592626,13.0,0.05839090606503061,20
92,13.0,13.063772907163267,0.3690178759066341,13.0,0.05733508516937402,20
93,13.0,13.042359016979809,0.22592016035421486,13.0,0.05629055669225935,20
94,13.0,13.009483314773547,0.06638320341483517,13.0,0.05525708163393872,20
95,13.0,13.032077431855106,0.17027157030768622,13.0,0.054234428502788756,20
96,13.0,13.022594117081558,0.15815881957089695,13.0,0.05322237300407823,20
97,13.0,13.015151673805581,0.10606171663906308,13.0,0.0522206977446984,20
98,13.0,13.012,0.08399999999999995,13.0,0.05122919195288139,20
99,13.0,13.042630948679493,0.21016482587132565,13.0,0.050247651212004085,20
100,13.0,13.012,0.08399999999999996,13.0,0.04927587720763693,20
101,13.0,13.039483314773546,0.15756814295196617,13.0,0.0483136774870529,20
102,13.0,13.056110940170534,0.23829603079123485,13.0,0.047360865230468896,20
103,13.0,13.01748331477355,0.09163880591659553,13.0,0.046417259033339486,20
104,13.0,13.030396078054373,0.15230516349762527,13.0,0.04548268269906619,20
105,13.0,13.012,0.08399999999999996,13.0,0.044556965041532726,20
106,13.0,13.0,0.0,13.0,0.043639939696910546,20
107,13.0,13.021664793948382,0.1380791177361425,13.0,0.04273144494421849,20
108,13.0,13.072337412758761,0.39092549595051346,13.0,0.041831323534151865,20
109,13.0,13.102237278776629,0.43401754963540323,13.0,0.04093942252572724,20
110,13.0,13.0,0.0,13.0,0.04005559313032031,20
111,13.0,13.0,0.0,13.0,0.03917969056269671,20
112,13.0,13.0,0.0,13.0,0.03831157389866463,20
113,13.0,13.01966190378969,0.10366190378969044,13.0,0.037451105938998974,20
114,13.0,13.005999999999998,0.04199999999999985,13.0,0.036598153079306306,20
115,13.0,13.0,0.0,13.0,0.03575258518552521,20
116,13.0,13.0,0.0,13.0,0.034914275474769274,20
117,13.0,13.024724582991475,0.17307208094032087,13.0,0.03408310040124124,20
118,13.0,13.033623562477041,0.18274106830620845,13.0,0.03325893954696074,20
119,13.0,13.021147056294838,0.10494361857960063,13.0,0.03244167551706445,20
120,13.0,13.024248076809272,0.11879730656602813,13.0,0.0316311938394504,20
121,13.0,13.03024807680927,0.1248431941502283,13.0,0.0308273828685533,20
122,13.0,13.01773139158282,0.09321858223615273,13.0,0.0300301336930463,20
123,13.0,13.01414213562373,0.0989949493661167,13.0,0.029239340047280238,20
124,13.0,13.005999999999998,0.04199999999999985,13.0,0.02845489822627978,20
125,13.0,13.01526649916142,0.10686549412995108,13.0,0.027676707004126444,20
126,13.0,13.034749813934969,0.17153928993681522,13.0,0.02690466755556653,20
127,13.0,13.0,0.0,13.0,0.026138683380694916,20
128,13.0,13.0,0.0,13.0,0.025378660232568573,20
129,13.0,13.009483314773547,0.06638320341483517,13.0,0.02462450604761518,20
130,13.0,13.009483314773547,0.06638320341483517,13.0,0.023876130878708435,20
131,13.0,13.014198039027185,0.09938627319029893,13.0,0.023133446830787552,20
132,13.0,13.016198039027186,0.11338627319029912,13.0,0.022396367998906985,20
133,13.0,13.010898979485567,0.07629285639896458,13.0,0.02166481040860574,20
134,13.0,13.0,0.0,13.0,0.020938691958494182,20
135,13.0,13.0,0.0,13.0,0.020217932364959,20
136,13.0,13.05267261881038,0.3687083316726453,13.0,0.019502453108893703,20
137,13.0,13.01548331477355,0.10838320341483527,13.0,0.01879217738436656,20
138,13.0,13.0,0.0,13.0,0.018087030049141528,20
139,13.0,13.0,0.0,13.0,0.017386937576972405,20
140,13.0,13.052256672281,0.36579670596700825,13.0,0.0166918280115953,20
141,13.0,13.0,0.0,13.0,0.016001630922346743,20
142,13.0,13.0,0.0,13.0,0.015316277361338337,20
143,13.0,13.0,0.0,13.0,0.014635699822124648,20
144,13.0,13.0,0.0,13.0,0.013959832199800903,20
145,13.0,13.0,0.0,13.0,0.01328860975247148,20
146,13.0,13.02098386676966,0.14688706738761534,13.0,0.0126219690640344,20
147,13.0,13.0,0.0,13.0,0.011959848008226526,20
148,13.0,13.011797958971133,0.08258571279792887,13.0,0.011302185713879864,20
149,13.0,13.0,0.0,13.0,0.010648922531340144,20
150,13.0,13.0,0.0,13.0,0.010000000000000009,20
0,18.264911064067352,20.937769816093414,1.0462262376376323,18.264911064067352,0.5,21
1,18.264911064067352,20.584714961690487,1.186424704232406,18.264911064067352,0.4323055261972421,21
2,15.172458299147443,19.780332224851428,1.218649074973664,15.172458299147443,0.39270679751657805,21
3,15.172458299147443,19.153835789046724,1.3721262762804214,15.172458299147443,0.3646110523944842,21
4,15.172458299147443,18.436786593539225,1.3813992547795457,15.172458299147443,0.34281829940875996,21
5,15.172458299147443,17.688439604920692,1.3869077579626872,15.172458299147443,0.3250123237138202,21
6,15.172458299147443,17.279974134671168,1.4329521750843246,15.172458299147443,0.3099575857737281,21
7,15.172458299147443,16.45904660376074,0.974830801443965,15.172458299147443,0.2969165785917264,21
8,15.172458299147443,16.09287932039935,0.8025893352510706,15.172458299147443,0.2854135950331561,21
9,15.022327839240491,15.902027393816226,0.6792931476503611,15.022327839240491,0.275123825606002,21
10,14.758317958127243,15.692569195819406,0.6322779291477594,14.758317958127243,0.2658155969197252,21
11,14.700000000000001,15.597211992932758,0.6225103544305954,14.700000000000001,0.2573178499110623,21
12,14.700000000000001,15.499893962444187,0.6029650217219092,14.700000000000001,0.24950068044161305,21
13,14.404540768504859,15.304506484121884,0.44618663673945863,14.404540768504859,0.24226311197097028,21
14,14.404540768504859,15.17233288115677,0.3012099873532525,14.404540768504859,0.23552509692533802,21
15,14.404540768504859,15.22739255954055,0.46548807176210977,14.404540768504859,0.22922210478896848,21
16,14.404540768504859,15.13664574312703,0.4483150312983628,14.404540768504859,0.22330135377323262,21
17,14.404540768504859,15.027751739757369,0.4066880461384152,14.404540768504859,0.21771912123039833,21
18,14.093468988235944,14.95605642908235,0.44527769914686927,14.093468988235944,0.2124387822251788,21
19,14.093468988235944,14.94418214782526,0.5585792733485953,14.093468988235944,0.20742935180324423,21
20,14.093468988235944,14.80953287647646,0.5395020771728511,14.093468988235944,0.20266438329030623,21
21,14.093468988235944,14.725540415484561,0.5246166061872175,14.093468988235944,0.19812112311696733,21
22,14.093468988235944,14.573003917908125,0.3960681492212158,14.093468988235944,0.1937798536705464,21
23,14.093468988235944,14.48569098405294,0.43659679350780795,14.093468988235944,0.18962337610830443,21
24,14.093468988235944,14.350165372424554,0.3376955786289941,14.093468988235944,0.18563659881751993,21
25,13.927105745132009,14.302386685765272,0.32884357158910266,13.927105745132009,0.18180620663885522,21
26,13.477638883463117,14.254758669398127,0.3778025343462732,13.477638883463117,0.17812039254973427,21
27,13.256465996625053,14.157209079568679,0.3083795927313771,13.256465996625053,0.17456863816821244,21
28,13.256465996625053,14.140611105054907,0.3166199658454905,13.256465996625053,0.17114153279104094,21
29,13.256465996625053,14.131782914402514,0.3843209925626762,13.256465996625053,0.16783062312258012,21
30,13.256465996625053,14.153781201308554,0.4853903532032972,13.256465996625053,0.1646282876527959,21
31,13.256465996625053,14.170792398907844,0.6392392808812655,13.256465996625053,0.16152763098621065,21
32,13.256465996625053,13.997740544984417,0.5855329503963984,13.256465996625053,0.15852239443630328,21
33,13.256465996625053,13.840531748213634,0.46552023615353627,13.256465996625053,0.1556068799704748,21
34,13.256465996625053,13.64617632665204,0.4395070752809781,13.256465996625053,0.15277588518248814,21
35,13.163818169698587,13.570541256540501,0.49116216918009725,13.163818169698587,0.15002464742764043,21
36,13.163818169698587,13.522173444030448,0.48103961088902886,13.163818169698587,0.14734879561374226,21
37,13.163818169698587,13.376548043512821,0.2616048648130505,13.163818169698587,0.14474430842242098,21
38,13.163818169698587,13.35203358040206,0.2624376981980895,13.163818169698587,0.14220747795819122,21
39,13.163818169698587,13.363241596665025,0.3164626829716186,13.163818169698587,0.13973487800048634,21
40,13.163818169698587,13.310041854954779,0.2533405852345707,13.163818169698587,0.1373233361764682,21
41,13.163818169698587,13.35340065481108,0.36198822841171996,13.163818169698587,0.1349699094875484,21
42,13.163818169698587,13.236089707317205,0.18299468918223366,13.163818169698587,0.13267186271599046,21
43,13.163818169698587,13.261623870152674,0.28078358707435513,13.163818169698587,0.1304266493142095,21
44,13.163818169698587,13.35477414026141,0.5216884893837961,13.163818169698587,0.12823189444191613,21
45,13.163818169698587,13.345300666529521,0.49311544073999347,13.163818169698587,0.1260853798677885,21
46,13.163818169698587,13.28831187787629,0.44186442613398985,13.163818169698587,0.12398503049501725,21
47,13.163818169698587,13.223350433152996,0.204318244080054,13.163818169698587,0.1219289023055466,21
48,13.163818169698587,13.27948226999231,0.44108771806973024,13.163818169698587,0.11991517154745629,21
49,13.163818169698587,13.291817571590629,0.30888204026720156,13.163818169698587,0.11794212501476203,21
50,13.163818169698587,13.292066210513294,0.4523103941650885,13.163818169698587,0.11600815128981068,21
51,13.163818169698587,13.243414261278163,0.4256835115097867,13.163818169698587,0.11411173283609738,21
52,13.163818169698587,13.335064660787536,0.4820394237327923,13.163818169698587,0.11225143884429051,21
53,13.163818169698587,13.36017207826268,0.5675776247117963,13.163818169698587,0.11042591874697638,21
54,12.914213562373096,13.214892315607567,0.24673050102247,12.914213562373096,0.10863389632848514,21
55,12.914213562373096,13.214892315607567,0.24673050102247,12.914213562373096,0.10687416436545444,21
56,12.914213562373096,13.238944210070754,0.36286000558001474,12.914213562373096,0.10514557974175692,21
57,12.914213562373096,13.231053177923556,0.38402981385812096,12.914213562373096,0.10344705898828305,21
58,12.914213562373096,13.193036830298517,0.3503979773748869,12.914213562373096,0.10177757420399913,21
59,12.914213562373096,13.140032115586713,0.24227281293826156,12.914213562373096,0.10013614931982229,21
60,12.914213562373096,13.167289230209853,0.49304434834692634,12.914213562373096,0.09852185667131119,21
61,12.914213562373096,13.07136838389369,0.27132168572956217,12.914213562373096,0.09693381385003808,21
62,12.914213562373096,13.061612574156351,0.4845549607148697,12.914213562373096,0.09537118080688434,21
63,12.914213562373096,13.022397980183632,0.2819014983577704,12.914213562373096,0.09383315718345281,21
64,12.914213562373096,12.967760910957852,0.1779336344351421,12.914213562373096,0.09231897985037307,21
65,12.914213562373096,13.022518911022457,0.3195827286235713,12.914213562373096,0.09082792063354544,21
66,12.914213562373096,13.028687846323555,0.29739409097289665,12.914213562373096,0.08935928421136363,21
67,12.914213562373096,12.98671977882241,0.2212511974298141,12.914213562373096,0.08791240616771684,21
68,12.914213562373096,12.968262600939598,0.17471743358671538,12.914213562373096,0.0864866511871244,21
69,12.914213562373096,12.958870687369929,0.1696675541195172,12.914213562373096,0.08508141137973013,21
70,12.914213562373096,12.944663370837336,0.12403697201363689,12.914213562373096,0.08369610472510458,21
71,12.914213562373096,13.034195942041231,0.46902488160373285,12.914213562373096,0.08233017362488254,21
72,12.914213562373096,12.97735605253049,0.21993081385198904,12.914213562373096,0.08098308355522937,21
73,12.914213562373096,12.987587550041999,0.22936453481060032,12.914213562373096,0.07965432181098431,21
74,12.914213562373096,12.9515822146872,0.15676311854950004,12.914213562373096,0.07834339633409798,21
75,12.914213562373096,12.96180847832942,0.192075625841751,12.914213562373096,0.07704983461966303,21
76,12.914213562373096,12.952568009543299,0.18816851512172864,12.914213562373096,0.07577318269345334,21
77,12.914213562373096,13.000339541200454,0.34551354606520823,12.914213562373096,0.07451300415543333,21
78,12.914213562373096,12.939180665323404,0.13398583322943283,12.914213562373096,0.07326887928419568,21
79,12.9,12.988265513830406,0.3957581489729416,12.9,0.0720404041977285,21
80,12.9,12.985062123970618,0.392931178693759,12.9,0.07082719006631227,21
81,12.9,13.008952770443566,0.4511227409350903,12.9,0.0696288623737103,21
82,12.9,12.920810583941725,0.0605930925835513,12.9,0.06844506022313707,21
83,12.9,12.911647356088592,0.008809428732319796,12.9,0.0672754356847905,21
84,12.9,13.004444336749005,0.49436804914615473,12.9,0.06611965318199253,21
85,12.9,12.938644028741116,0.22018572375782816,12.9,0.06497738891323263,21
86,12.9,12.984319756544407,0.45308147862647574,12.9,0.063848330307619,21
87,12.9,12.966102522661563,0.43477715352968777,12.9,0.06273217551145155,21
88,12.9,12.943090192323718,0.2193361356591136,12.9,0.06162863290380183,21
89,12.9,12.957730329231984,0.26239554691940115,12.9,0.060537420639158235,21
90,12.9,12.939726199976066,0.18650500737741013,12.9,0.05945826621534128,21
91,12.9,13.005604021393642,0.33884105467802306,12.9,0.05839090606503061,21
92,12.9,12.958838347546095,0.22619813639474878,12.9,0.05733508516937402,21
93,12.9,12.948826312774804,0.19370129366137145,12.9,0.05629055669225935,21
94,12.9,12.938692990065306,0.16307576244917216,12.9,0.05525708163393872,21
95,12.9,12.936626577552559,0.18283326873003616,12.9,0.054234428502788756,21
96,12.9,12.904248076809273,0.029736537664903397,12.9,0.05322237300407823,21
97,12.9,12.9,0.0,12.9,0.0522206977446984,21
98,12.894427190999917,12.899888543819998,0.000780193260011721,12.894427190999917,0.05122919195288139,21
99,12.894427190999917,12.965776674337606,0.2959936491605522,12.894427190999917,0.050247651212004085,21
100,12.894427190999917,12.93174229685469,0.1583012311974114,12.894427190999917,0.04927587720763693,21
101,12.894427190999917,12.916477124842702,0.1217258779107361,12.894427190999917,0.0483136774870529,21
102,12.894427190999917,12.898328157299975,0.0025537819076414826,12.894427190999917,0.047360865230468896,21
103,12.894427190999917,12.961435991850495,0.44916718308322384,12.894427190999917,0.046417259033339486,21
104,12.894427190999917,12.965296239680788,0.4499445976920721,12.894427190999917,0.04548268269906619,21
105,12.894427190999917,12.895541752799932,0.0022291236000334894,12.894427190999917,0.044556965041532726,21
106,12.894427190999917,12.909692363011905,0.10447622940843083,12.894427190999917,0.043639939696910546,21
107,12.894427190999917,12.909580906831902,0.1044894815779992,12.894427190999917,0.04273144494421849,21
108,12.894427190999917,12.927580906831905,0.16263191296449314,12.894427190999917,0.041831323534151865,21
109,12.894427190999917,12.973222635525435,0.3034234623941636,12.894427190999917,0.04093942252572724,21
110,12.894427190999917,12.95980813576752,0.1988835001375594,12.894427190999917,0.04005559313032031,21
111,12.894427190999917,12.903587945690024,0.04737671533804465,12.894427190999917,0.03917969056269671,21
112,12.894427190999917,12.908538647179917,0.09878019326001161,12.894427190999917,0.03831157389866463,21
113,12.894427190999917,12.894427190999915,1.7763568394002505e-15,12.894427190999917,0.037451105938998974,21
114,12.894427190999917,12.943156183964266,0.25668621020366167,12.894427190999917,0.036598153079306306,21
115,12.894427190999917,12.908538647179917,0.09878019326001161,12.894427190999917,0.03575258518552521,21
116,12.894427190999917,12.897929366609583,0.024515229267668845,12.894427190999917,0.034914275474769274,21
117,12.894427190999917,12.902615456800726,0.057317860605685764,12.894427190999917,0.03408310040124124,21
118,12.894427190999917,12.92227729077564,0.13080633796339586,12.894427190999917,0.03325893954696074,21
119,12.894427190999917,12.904867613314291,0.051206251819477855,12.894427190999917,0.03244167551706445,21
120,12.894427190999917,12.899402000630225,0.034823667412181576,12.894427190999917,0.0316311938394504,21
121,12.894427190999917,12.916642776742728,0.12492446654305946,12.894427190999917,0.0308273828685533,21
122,12.894427190999917,12.905740508103221,0.06437227624568893,12.894427190999917,0.0300301336930463,21
123,12.894427190999917,12.903357994471898,0.0625156243038837,12.894427190999917,0.029239340047280238,21
124,12.894427190999917,12.91805048074374,0.11587072431698764,12.894427190999917,0.02845489822627978,21
125,12.894427190999917,12.894427190999915,1.7763568394002505e-15,12.894427190999917,0.027676707004126444,21
126,12.894427190999917,12.921596201299108,0.1364904358083426,12.894427190999917,0.02690466755556653,21
127,12.894427190999917,12.929146256978461,0.17025411556441306,12.894427190999917,0.026138683380694916,21
128,12.894427190999917,12.897929366609583,0.024515229267668845,12.894427190999917,0.025378660232568573,21
129,12.894427190999917,12.909342155681902,0.1044047527738909,12.894427190999917,0.02462450604761518,21
130,12.894427190999917,12.939572050021452,0.19888804041979677,12.894427190999917,0.023876130878708435,21
131,12.894427190999917,12.982472943353917,0.47618732650398415,12.894427190999917,0.023133446830787552,21
132,12.894427190999917,13.000172024934304,0.530278231336716,12.894427190999917,0.022396367998906985,21
133,12.894427190999917,12.956995891594214,0.43798090416011143,12.894427190999917,0.02166481040860574,21
134,12.894427190999917,12.894427190999915,1.7763568394002505e-15,12.894427190999917,0.020938691958494182,21
135,12.894427190999917,12.908306844633366,0.09715757543416365,12.894427190999917,0.020217932364959,21
136,12.894427190999917,12.894427190999915,1.7763568394002505e-15,12.894427190999917,0.019502453108893703,21
137,12.894427190999917,12.894427190999915,1.7763568394002505e-15,12.894427190999917,0.01879217738436656,21
138,12.894427190999917,12.906704739127107,0.08594283689033588,12.894427190999917,0.018087030049141528,21
139,12.894427190999917,12.894427190999915,1.7763568394002505e-15,12.894427190999917,0.017386937576972405,21
140,12.894427190999917,12.894427190999915,1.7763568394002505e-15,12.894427190999917,0.0166918280115953,21
141,12.894427190999917,12.894427190999915,1.7763568394002505e-15,12.894427190999917,0.016001630922346743,21
142,12.894427190999917,12.9041067446841,0.06775687578927467,12.894427190999917,0.015316277361338337,21
143,12.894427190999917,12.894427190999915,1.7763568394002505e-15,12.894427190999917,0.014635699822124648,21
144,12.894427190999917,12.894427190999915,1.7763568394002505e-15,12.894427190999917,0.013959832199800903,21
145,12.894427190999917,12.894427190999915,1.7763568394002505e-15,12.894427190999917,0.01328860975247148,21
146,12.894427190999917,12.894427190999915,1.7763568394002505e-15,12.894427190999917,0.0126219690640344,21
147,12.894427190999917,12.894427190999915,1.7763568394002505e-15,12.894427190999917,0.011959848008226526,21
148,12.894427190999917,12.894427190999915,1.7763568394002505e-15,12.894427190999917,0.011302185713879864,21
149,12.894427190999917,12.917796124856572,0.16358253699660075,12.894427190999917,0.010648922531340144,21
150,12.894427190999917,12.917796124856572,0.16358253699660075,12.894427190999917,0.010000000000000009,21
0,19.372004514666937,20.972572490014144,0.8002547901035331,19.372004514666937,0.5,22
1,16.609243436828812,20.555361676340134,1.0751192435726726,16.609243436828812,0.4323055261972421,22
2,16.034192325759246,20.089686838401704,1.399524516924526,16.034192325759246,0.39270679751657805,22
3,16.034192325759246,19.36774898469014,1.5863178437831085,16.034192325759246,0.3646110523944842,22
4,16.034192325759246,18.576742344043183,1.645095413552808,16.034192325759246,0.34281829940875996,22
5,15.72490309931942,17.742444365828447,1.397570941065447,15.72490309931942,0.3250123237138202,22
6,15.743835071544513,17.124217623347775,1.1571156656534838,15.72490309931942,0.3099575857737281,22
7,15.520897306865447,16.65827450704447,0.9242158821452483,15.520897306865447,0.2969165785917264,22
8,15.520897306865447,16.318258465146865,0.5166443199719631,15.520897306865447,0.2854135950331561,22
9,14.953068523537421,16.142154962570466,0.49222884043536475,14.953068523537421,0.275123825606002,22
10,14.953068523537421,16.038193540931207,0.477532806150356,14.953068523537421,0.2658155969197252,22
11,14.953068523537421,15.887685757049063,0.4227819606657894,14.953068523537421,0.2573178499110623,22
12,14.953068523537421,15.765675361916529,0.45880831700208546,14.953068523537421,0.24950068044161305,22
13,14.953068523537421,15.613213090290547,0.4982663862218328,14.953068523537421,0.24226311197097028,22
14,14.953068523537421,15.539723062672163,0.5085414746804189,14.953068523537421,0.23552509692533802,22
15,14.917800560721073,15.444239347521126,0.4530624898510422,14.917800560721073,0.22922210478896848,22
16,14.82763633939717,15.281150698921687,0.33383552638570413,14.82763633939717,0.22330135377323262,22
17,14.82763633939717,15.325922893075683,0.5947032493922202,14.82763633939717,0.21771912123039833,22
18,14.82763633939717,15.09066085900945,0.26528757919047585,14.82763633939717,0.2124387822251788,22
19,14.82763633939717,15.082721450192803,0.24219015643797134,14.82763633939717,0.20742935180324423,22
20,14.82763633939717,15.063155479207833,0.250555590708448,14.82763633939717,0.20266438329030623,22
21,14.82763633939717,15.11705269521788,0.5094319770168156,14.82763633939717,0.19812112311696733,22
22,14.734387974463898,15.028507074268283,0.28060331644169767,14.734387974463898,0.1937798536705464,22
23,14.734387974463898,15.01777171095416,0.42476346801547604,14.734387974463898,0.18962337610830443,22
24,14.734387974463898,14.9829317671363,0.24640882619201313,14.734387974463898,0.18563659881751993,22
25,14.734387974463898,14.937154359115286,0.20815334067327465,14.734387974463898,0.18180620663885522,22
26,14.734387974463898,14.934428938510734,0.2979702490830632,14.734387974463898,0.17812039254973427,22
27,14.734387974463898,14.99981855890564,0.5926502161926023,14.734387974463898,0.17456863816821244,22
28,14.683281572999748,14.947040952758266,0.45455479063969423,14.683281572999748,0.17114153279104094,22
29,14.683281572999748,14.864311873396169,0.2189669019189299,14.683281572999748,0.16783062312258012,22
30,14.577902338672773,14.918163076855581,0.32951414237917265,14.577902338672773,0.1646282876527959,22
31,14.577902338672773,14.885503832096326,0.33192189452960463,14.577902338672773,0.16152763098621065,22
32,14.577902338672773,14.94927913477642,0.5102353759620787,14.577902338672773,0.15852239443630328,22
33,14.577902338672773,14.91104089359259,0.5981418898910406,14.577902338672773,0.1556068799704748,22
34,14.496150997149435,14.8366671064436,0.6340440236030122,14.496150997149435,0.15277588518248814,22
35,14.496150997149435,14.761767844511956,0.442477939135029,14.496150997149435,0.15002464742764043,22
36,14.280697580112786,14.670156872825485,0.1999196763742228,14.280697580112786,0.14734879561374226,22
37,14.280697580112786,14.76818643401199,0.5129327032619868,14.280697580112786,0.14474430842242098,22
38,14.280697580112786,14.615719243344405,0.1983810929130331,14.280697580112786,0.14220747795819122,22
39,14.030727575266251,14.584061216164054,0.22703556529479002,14.030727575266251,0.13973487800048634,22
40,14.030727575266251,14.542111431134066,0.19121061918008553,14.030727575266251,0.1373233361764682,22
41,14.030727575266251,14.533030120203135,0.2717879013687085,14.030727575266251,0.1349699094875484,22
42,14.030727575266251,14.502158369146455,0.3177108556443061,14.030727575266251,0.13267186271599046,22
43,14.030727575266251,14.419971655960417,0.35578587030975223,14.030727575266251,0.1304266493142095,22
44,14.030727575266251,14.425399540693588,0.5829165310624896,14.030727575266251,0.12823189444191613,22
45,14.030727575266251,14.347681562390163,0.5475140601547228,14.030727575266251,0.1260853798677885,22
46,14.030727575266251,14.22950655156226,0.2861611642194758,14.030727575266251,0.12398503049501725,22
47,14.030727575266251,14.190308822547301,0.28488803577921423,14.030727575266251,0.1219289023055466,22
48,14.030727575266251,14.172173487449504,0.3094508997909122,14.030727575266251,0.11991517154745629,22
49,14.030727575266251,14.110426253367471,0.23174455037801803,14.030727575266251,0.11794212501476203,22
50,14.030727575266251,14.087592491493547,0.169825132064621,14.030727575266251,0.11600815128981068,22
51,14.030727575266251,14.063769453943696,0.1367559943766751,14.030727575266251,0.11411173283609738,22
52,14.030727575266251,14.097739807974987,0.18879334616256388,14.030727575266251,0.11225143884429051,22
53,14.030727575266251,14.140399167526926,0.4425932687517998,14.030727575266251,0.11042591874697638,22
54,14.030727575266251,14.122192434922187,0.45267695052295237,14.030727575266251,0.10863389632848514,22
55,13.95472369909914,14.059894395343811,0.11242145775991415,13.95472369909914,0.10687416436545444,22
56,13.95472369909914,14.09688395319522,0.20361592159803152,13.95472369909914,0.10514557974175692,22
57,13.95472369909914,14.07012604392372,0.17336919921833663,13.95472369909914,0.10344705898828305,22
58,13.95472369909914,14.061077796275242,0.16592173608952662,13.95472369909914,0.10177757420399913,22
59,13.95472369909914,14.090081101242514,0.38449279344834053,13.95472369909914,0.10013614931982229,22
60,13.93469899493758,14.052078199238377,0.15163089622448964,13.93469899493758,0.09852185667131119,22
61,13.93469899493758,14.062839912257608,0.21907990152250767,13.93469899493758,0.09693381385003808,22
62,13.629705854077836,14.043810246890143,0.2007797829864172,13.629705854077836,0.09537118080688434,22
63,13.629705854077836,14.025315312796652,0.2429197541796418,13.629705854077836,0.09383315718345281,22
64,13.629705854077836,14.074667172724153,0.28687275166888815,13.629705854077836,0.09231897985037307,22
65,13.629705854077836,14.076184928221638,0.48845825269566245,13.629705854077836,0.09082792063354544,22
66,13.629705854077836,13.946032578856473,0.21540245272261582,13.629705854077836,0.08935928421136363,22
67,13.629705854077836,13.894655197217666,0.2308526854701819,13.629705854077836,0.08791240616771684,22
68,13.629705854077836,13.813688592514877,0.17702780155172085,13.629705854077836,0.0864866511871244,22
69,13.6,13.773178916478548,0.18445651878816888,13.6,0.08508141137973013,22
70,13.6,13.744233206360299,0.33155437058228954,13.6,0.08369610472510458,22
71,13.6,13.748787691336181,0.37351109993377735,13.6,0.08233017362488254,22
72,13.380624847486569,13.674514069338542,0.19420831243159947,13.380624847486569,0.08098308355522937,22
73,13.380624847486569,13.66863390314805,0.1957746977886652,13.380624847486569,0.07965432181098431,22
74,13.322497216032183,13.635035023723754,0.1616412984222646,13.322497216032183,0.07834339633409798,22
75,13.322497216032183,13.620404437125533,0.21155014223569332,13.322497216032183,0.07704983461966303,22
76,13.322497216032183,13.567905374241429,0.2085420862349362,13.322497216032183,0.07577318269345334,22
77,13.322497216032183,13.542762586002334,0.25524980187120866,13.322497216032183,0.07451300415543333,22
78,13.140967364599087,13.45167384760404,0.1854808061094237,13.140967364599087,0.07326887928419568,22
79,13.140967364599087,13.443441327538183,0.20719607794371991,13.140967364599087,0.0720404041977285,22
80,13.140967364599087,13.382070492697288,0.15667076178725806,13.140967364599087,0.07082719006631227,22
81,13.140967364599087,13.341581688786553,0.20553328589116712,13.140967364599087,0.0696288623737103,22
82,13.140967364599087,13.28438146593936,0.12046501435941116,13.140967364599087,0.06844506022313707,22
83,13.140967364599087,13.261351073408328,0.15469291327112653,13.140967364599087,0.0672754356847905,22
84,13.140967364599087,13.20986445041369,0.12474813868308404,13.140967364599087,0.06611965318199253,22
85,13.140967364599087,13.18339800054044,0.15319612605009666,13.140967364599087,0.06497738891323263,22
86,13.140967364599087,13.199674074166856,0.19786925599949529,13.140967364599087,0.063848330307619,22
87,13.140967364599087,13.20233725039579,0.16510269303580455,13.140967364599087,0.06273217551145155,22
88,13.140967364599087,13.15744760023535,0.080932613838282,13.140967364599087,0.06162863290380183,22
89,13.140967364599087,13.239478681604421,0.3435602247775666,13.140967364599087,0.060537420639158235,22
90,13.140967364599087,13.18766636011449,0.22023136810367405,13.140967364599087,0.05945826621534128,22
91,13.140967364599087,13.16906238678734,0.147288716127139,13.140967364599087,0.05839090606503061,22
92,13.140967364599087,13.156148017307105,0.10626456895612788,13.140967364599087,0.05733508516937402,22
93,13.140967364599087,13.164801552721778,0.12123830280590311,13.140967364599087,0.05629055669225935,22
94,13.140967364599087,13.211588659800224,0.2650065824206001,13.140967364599087,0.05525708163393872,22
95,13.1,13.203095769087163,0.2630228339612467,13.1,0.054234428502788756,22
96,13.1,13.139328670015125,0.008027931149945808,13.1,0.05322237300407823,22
97,13.0,13.151036992216268,0.11618033795749819,13.0,0.0522206977446984,22
98,13.0,13.15563135071385,0.13852210131214732,13.0,0.05122919195288139,22
99,13.0,13.130676129445408,0.0840080658535513,13.0,0.050247651212004085,22
100,13.0,13.14071546819111,0.16636700881087246,13.0,0.04927587720763693,22
101,13.0,13.091470862087744,0.04896105386823471,13.0,0.0483136774870529,22
102,13.0,13.100028915359728,0.22297920140308677,13.0,0.047360865230468896,22
103,13.0,13.073388329338464,0.15699866467177515,13.0,0.046417259033339486,22
104,13.0,13.049412691610435,0.12110599836513315,13.0,0.04548268269906619,22
105,13.0,13.04064246103015,0.14949491199856513,13.0,0.044556965041532726,22
106,13.0,13.081761156756583,0.43249288165440397,13.0,0.043639939696910546,22
107,13.0,13.017370681056976,0.10335744343911564,13.0,0.04273144494421849,22
108,13.0,13.002819347291982,0.019735431043872143,13.0,0.041831323534151865,22
109,13.0,13.020752606386173,0.12667617918452923,13.0,0.04093942252572724,22
110,13.0,13.017368774282716,0.1215814199790138,13.0,0.04005559313032031,22
111,13.0,13.026832815729996,0.18782971010998223,13.0,0.03917969056269671,22
112,13.0,13.045531906000031,0.20690167013330907,13.0,0.03831157389866463,22
113,13.0,13.045531906000031,0.20690167013330907,13.0,0.037451105938998974,22
114,13.0,13.063160482408843,0.2507692372149652,13.0,0.036598153079306306,22
115,13.0,13.105554333542532,0.47321323740974536,13.0,0.03575258518552521,22
116,13.0,13.040218933725333,0.20590122819189455,13.0,0.034914275474769274,22
117,13.0,13.016982942643487,0.08566721327082522,13.0,0.03408310040124124,22
118,13.0,13.008166091947189,0.05716264363032402,13.0,0.03325893954696074,22
119,13.0,13.047197872948635,0.23895698970605825,13.0,0.03244167551706445,22
120,13.0,13.040431450954491,0.1998345486126567,13.0,0.0316311938394504,22
121,13.0,13.050837490849194,0.3558624359443593,13.0,0.0308273828685533,22
122,13.0,13.01429888335922,0.10009218351453834,13.0,0.0300301336930463,22
123,13.0,13.01429888335922,0.10009218351453834,13.0,0.029239340047280238,22
124,13.0,13.03713258940243,0.1504072681479455,13.0,0.02845489822627978,22
125,13.0,13.008166091947189,0.057162643630324014,13.0,0.027676707004126444,22
126,13.0,13.0,0.0,13.0,0.02690466755556653,22
127,13.0,13.0,0.0,13.0,0.026138683380694916,22
128,13.0,13.026690566379521,0.13374665089302243,13.0,0.025378660232568573,22
129,13.0,13.016157568056679,0.11310297639674478,13.0,0.02462450604761518,22
130,13.0,13.018284271247461,0.1279898987322334,13.0,0.023876130878708435,22
131,13.0,13.032899888641287,0.2302992204890112,13.0,0.023133446830787552,22
132,13.0,13.040467986145467,0.2352579025653009,13.0,0.022396367998906985,22
133,13.0,13.0,0.0,13.0,0.02166481040860574,22
134,13.0,13.0,0.0,13.0,0.020938691958494182,22
135,13.0,13.0,0.0,13.0,0.020217932364959,22
136,13.0,13.025573221432605,0.16591626124387465,13.0,0.019502453108893703,22
137,13.0,13.006076809620811,0.0425376673456741,13.0,0.01879217738436656,22
138,13.0,13.006076809620811,0.0425376673456741,13.0,0.018087030049141528,22
139,13.0,13.013352345614827,0.075936509714849,13.0,0.017386937576972405,22
140,13.0,13.002819347291982,0.019735431043872143,13.0,0.0166918280115953,22
141,13.0,13.0,0.0,13.0,0.016001630922346743,22
142,13.0,13.006076809620811,0.0425376673456741,13.0,0.015316277361338337,22
143,13.0,13.006076809620811,0.04253766734567411,13.0,0.014635699822124648,22
144,13.0,13.018284271247461,0.1279898987322334,13.0,0.013959832199800903,22
145,13.0,13.047375745311376,0.33163021717963576,13.0,0.01328860975247148,22
146,13.0,13.047375745311376,0.33163021717963576,13.0,0.0126219690640344,22
147,13.0,13.0,0.0,13.0,0.011959848008226526,22
148,13.0,13.0,0.0,13.0,0.011302185713879864,22
149,13.0,13.0,0.0,13.0,0.010648922531340144,22
150,13.0,13.0,0.0,13.0,0.010000000000000009,22
0,18.394427190999917,20.86243489147559,0.8889423510028379,18.394427190999917,0.5,23
1,16.60208288141719,20.236047494123056,1.128330752050046,16.60208288141719,0.4323055261972421,23
2,16.60208288141719,19.614690209861187,1.2221138724655873,16.60208288141719,0.39270679751657805,23
3,16.27883913531174,19.085160141059237,1.301844142291105,16.27883913531174,0.3646110523944842,23
4,15.932107677449864,18.36348232406743,1.2527994709545864,15.932107677449864,0.34281829940875996,23
5,16.088621651498336,17.727113722991405,1.1452017052608232,15.932107677449864,0.3250123237138202,23
6,15.969817807045693,17.176516233399695,0.9995313070736856,15.932107677449864,0.3099575857737281,23
7,15.969817807045693,16.64891765586105,0.6436673280577268,15.932107677449864,0.2969165785917264,23
8,15.269886648255842,16.379186346506366,0.41731429574956247,15.269886648255842,0.2854135950331561,23
9,15.269886648255842,16.2125332011944,0.4214990161349642,15.269886648255842,0.275123825606002,23
10,15.269886648255842,16.048948440372552,0.4343525518559328,15.269886648255842,0.2658155969197252,23
11,15.03732584763727,15.853134066156073,0.445075017927566,15.03732584763727,0.2573178499110623,23
12,15.03732584763727,15.72766039255426,0.4381091293230795,15.03732584763727,0.24950068044161305,23
13,14.815587038162704,15.597155630436509,0.42717614740410137,14.815587038162704,0.24226311197097028,23
14,14.815587038162704,15.522673637622965,0.40978567850319975,14.815587038162704,0.23552509692533802,23
15,14.815587038162704,15.34774159771486,0.3012326879312944,14.815587038162704,0.22922210478896848,23
16,14.815587038162704,15.348009468783218,0.3864291506391374,14.815587038162704,0.22330135377323262,23
17,14.803844259188628,15.293517391923428,0.3692091525424084,14.803844259188628,0.21771912123039833,23
18,14.56287388383278,15.26522515521509,0.40182041365845333,14.56287388383278,0.2124387822251788,23
19,14.56287388383278,15.169999509391547,0.3685518604343289,14.56287388383278,0.20742935180324423,23
20,14.56287388383278,15.09904261258317,0.4446720776353406,14.56287388383278,0.20266438329030623,23
21,14.56287388383278,14.970779525218267,0.2727096553158452,14.56287388383278,0.19812112311696733,23
22,14.56287388383278,14.902109864034728,0.2770500140622605,14.56287388383278,0.1937798536705464,23
23,14.56287388383278,14.862218380896197,0.29811832822364487,14.56287388383278,0.18962337610830443,23
24,14.255294535724685,14.813486936541644,0.32272393137018546,14.255294535724685,0.18563659881751993,23
25,14.255294535724685,14.72696863571058,0.29818647718938746,14.255294535724685,0.18180620663885522,23
26,13.983239697419133,14.72402124211967,0.4013274508845124,13.983239697419133,0.17812039254973427,23
27,13.983239697419133,14.678296585648333,0.4569720526887756,13.983239697419133,0.17456863816821244,23
28,13.86287388383278,14.5880193758518,0.39163958859500597,13.86287388383278,0.17114153279104094,23
29,13.86287388383278,14.530474822267948,0.39633451865257785,13.86287388383278,0.16783062312258012,23
30,13.86287388383278,14.351860497486014,0.27231231486906377,13.86287388383278,0.1646282876527959,23
31,13.86287388383278,14.339582429163624,0.38681219717931614,13.86287388383278,0.16152763098621065,23
32,13.86287388383278,14.279694772102946,0.35545571933026127,13.86287388383278,0.15852239443630328,23
33,13.86287388383278,14.22676728659605,0.3562893002961834,13.86287388383278,0.1556068799704748,23
34,13.86287388383278,14.123699034569857,0.3044318505169539,13.86287388383278,0.15277588518248814,23
35,13.86287388383278,14.074065117586064,0.2902308130410616,13.86287388383278,0.15002464742764043,23
36,13.86287388383278,14.051412930646821,0.337220682132622,13.86287388383278,0.14734879561374226,23
37,13.86287388383278,14.061241865799802,0.49150062918774073,13.86287388383278,0.14474430842242098,23
38,13.86287388383278,14.07267712356072,0.4808619848196452,13.86287388383278,0.14220747795819122,23
39,13.86287388383278,14.076487850600051,0.5279719910591647,13.86287388383278,0.13973487800048634,23
40,13.86287388383278,13.972550210783389,0.4056882613784721,13.86287388383278,0.1373233361764682,23
41,13.86287388383278,13.946623600116885,0.27555784064754246,13.86287388383278,0.1349699094875484,23
42,13.66770782520313,13.892413225554826,0.1684576801089551,13.66770782520313,0.13267186271599046,23
43,13.66770782520313,13.961606451967663,0.34201890194459045,13.66770782520313,0.1304266493142095,23
44,13.66770782520313,13.996232798879014,0.44041331406995804,13.66770782520313,0.12823189444191613,23
45,13.66770782520313,14.002077226530325,0.4791805432242979,13.66770782520313,0.1260853798677885,23
46,13.627361849549569,13.95367307680807,0.4160428368013808,13.627361849549569,0.12398503049501725,23
47,13.627361849549569,13.921296454408225,0.42541237702742823,13.627361849549569,0.1219289023055466,23
48,13.508304597359459,13.996068789720699,0.5848319536063692,13.508304597359459,0.11991517154745629,23
49,13.257583690279022,13.893905892554473,0.5354992083983191,13.257583690279022,0.11794212501476203,23
50,13.257583690279022,13.821632262734372,0.5085962711755649,13.257583690279022,0.11600815128981068,23
51,13.257583690279022,13.67026829421011,0.2605316663176867,13.257583690279022,0.11411173283609738,23
52,13.257583690279022,13.636291988849894,0.2629653807083209,13.257583690279022,0.11225143884429051,23
53,13.257583690279022,13.600962672195665,0.2647354697154849,13.257583690279022,0.11042591874697638,23
54,13.257583690279022,13.541860525104266,0.23564077335098343,13.257583690279022,0.10863389632848514,23
55,13.095445115010332,13.428842802796076,0.17441914265541425,13.095445115010332,0.10687416436545444,23
56,13.095445115010332,13.411805771872228,0.28125079987021295,13.095445115010332,0.10514557974175692,23
57,13.095445115010332,13.321379097646034,0.1316893090515015,13.095445115010332,0.10344705898828305,23
58,13.095445115010332,13.312841183391248,0.2950718037314955,13.095445115010332,0.10177757420399913,23
59,13.095445115010332,13.239598676379154,0.09716039362627968,13.095445115010332,0.10013614931982229,23
60,13.095445115010332,13.227283295758925,0.11768816324554038,13.095445115010332,0.09852185667131119,23
61,13.095445115010332,13.26265100443835,0.37941319852837563,13.095445115010332,0.09693381385003808,23
62,13.095445115010332,13.22676554993893,0.25799688234818935,13.095445115010332,0.09537118080688434,23
63,13.095445115010332,13.171178089991512,0.2138232139818847,13.095445115010332,0.09383315718345281,23
64,13.095445115010332,13.133720380514283,0.1011511140994401,13.095445115010332,0.09231897985037307,23
65,13.095445115010332,13.234732451742058,0.5107114290986449,13.095445115010332,0.09082792063354544,23
66,13.095445115010332,13.23637279280012,0.43620479782564664,13.095445115010332,0.08935928421136363,23
67,13.095445115010332,13.202500861765722,0.4060242420927484,13.095445115010332,0.08791240616771684,23
68,13.095445115010332,13.143488049540188,0.17584145807992155,13.095445115010332,0.0864866511871244,23
69,13.095445115010332,13.14240681781205,0.15588712314938083,13.095445115010332,0.08508141137973013,23
70,13.095445115010332,13.119961479681828,0.09854001018378464,13.095445115010332,0.08369610472510458,23
71,13.095445115010332,13.154167851962448,0.21216610266712674,13.095445115010332,0.08233017362488254,23
72,13.095445115010332,13.143645283345954,0.21100945798169726,13.095445115010332,0.08098308355522937,23
73,13.095445115010332,13.125693903166667,0.14850317177571382,13.095445115010332,0.07965432181098431,23
74,13.095445115010332,13.095445115010332,0.0,13.095445115010332,0.07834339633409798,23
75,13.095445115010332,13.120149609115577,0.09783727397881019,13.095445115010332,0.07704983461966303,23
76,13.095445115010332,13.13561443956885,0.16751253171024447,13.095445115010332,0.07577318269345334,23
77,13.095445115010332,13.188883914889377,0.44603452730539683,13.095445115010332,0.07451300415543333,23
78,13.013552872566004,13.183982985785725,0.44258941848944555,13.013552872566004,0.07326887928419568,23
79,13.013552872566004,13.16541682723127,0.43177813045490765,13.013552872566004,0.0720404041977285,23
80,13.013552872566004,13.116334527678895,0.11566937854087188,13.013552872566004,0.07082719006631227,23
81,12.878232998312527,13.136148930025861,0.2176980655569791,12.878232998312527,0.0696288623737103,23
82,12.878232998312527,13.132473825902876,0.2004572907735017,12.878232998312527,0.06844506022313707,23
83,12.878232998312527,13.105115543405928,0.17388728091419403,12.878232998312527,0.0672754356847905,23
84,12.878232998312527,13.125819360599774,0.45470177600559164,12.878232998312527,0.06611965318199253,23
85,12.878232998312527,13.0693333317807,0.18452693828449343,12.878232998312527,0.06497738891323263,23
86,12.878232998312527,13.004336059507704,0.12904384278648035,12.878232998312527,0.063848330307619,23
87,12.878232998312527,12.984590699781593,0.16138157620939772,12.878232998312527,0.06273217551145155,23
88,12.878232998312527,13.00601164262005,0.3022791262968542,12.878232998312527,0.06162863290380183,23
89,12.878232998312527,13.038286180502404,0.5461016384054418,12.878232998312527,0.060537420639158235,23
90,12.878232998312527,12.886352190767736,0.032136689561214946,12.878232998312527,0.05945826621534128,23
91,12.878232998312527,12.903973114674345,0.10199251033505444,12.878232998312527,0.05839090606503061,23
92,12.878232998312527,12.943430296897343,0.2623830068394814,12.878232998312527,0.05733508516937402,23
93,12.834846922834952,12.896647498610589,0.09946306530968414,12.834846922834952,0.05629055669225935,23
94,12.834846922834952,12.885085996128069,0.07370721427276686,12.834846922834952,0.05525708163393872,23
95,12.834846922834952,12.895026627087015,0.11975691453677847,12.834846922834952,0.054234428502788756,23
96,12.834846922834952,12.891213141766382,0.13646044139852032,12.834846922834952,0.05322237300407823,23
97,12.834846922834952,12.890648052429208,0.16460569575663572,12.834846922834952,0.0522206977446984,23
98,12.834846922834952,12.862694163566347,0.10988511647035946,12.834846922834952,0.05122919195288139,23
99,12.834846922834952,12.840920973401813,0.015054405536574056,12.834846922834952,0.050247651212004085,23
100,12.834846922834952,12.838317808873157,0.011770347222467536,12.834846922834952,0.04927587720763693,23
101,12.834846922834952,12.842432664388348,0.04158184981354335,12.834846922834952,0.0483136774870529,23
102,12.834846922834952,12.911431672172148,0.32133023906207875,12.834846922834952,0.047360865230468896,23
103,12.834846922834952,12.86627518356446,0.1623625692958201,12.834846922834952,0.046417259033339486,23
104,12.834846922834952,12.881960003294285,0.16934228368298193,12.834846922834952,0.04548268269906619,23
105,12.834846922834952,12.881491048940802,0.25217073562082015,12.834846922834952,0.044556965041532726,23
106,12.834846922834952,12.89184074500276,0.2939178383223576,12.834846922834952,0.043639939696910546,23
107,12.834846922834952,12.921555633260187,0.3464637185116646,12.834846922834952,0.04273144494421849,23
108,12.834846922834952,12.854339091951745,0.1023768265128147,12.834846922834952,0.041831323534151865,23
109,12.834846922834952,12.865530697315045,0.12720875275608567,12.834846922834952,0.04093942252572724,23
110,12.834846922834952,12.890785473843623,0.309549622562696,12.834846922834952,0.04005559313032031,23
111,12.834846922834952,12.940936445524521,0.48015779855071733,12.834846922834952,0.03917969056269671,23
112,12.834846922834952,12.877211354849,0.2965510240983456,12.834846922834952,0.03831157389866463,23
113,12.834846922834952,12.843301658183831,0.05918314744216975,12.834846922834952,0.037451105938998974,23
114,12.834846922834952,12.863054733642905,0.11424477502693105,12.834846922834952,0.036598153079306306,23
115,12.834846922834952,12.851585580152413,0.08360796895822106,12.834846922834952,0.03575258518552521,23
116,12.834846922834952,12.864981401836687,0.1547114503621879,12.834846922834952,0.034914275474769274,23
117,12.834846922834952,12.938428846412366,0.5372350012110171,12.834846922834952,0.03408310040124124,23
118,12.834846922834952,12.914356506223621,0.517912527031847,12.834846922834952,0.03325893954696074,23
119,12.834846922834952,12.919355542961062,0.521392823157675,12.834846922834952,0.03244167551706445,23
120,12.834846922834952,12.834846922834952,0.0,12.834846922834952,0.0316311938394504,23
121,12.774596669241483,12.832436912691215,0.011806590254183146,12.774596669241483,0.0308273828685533,23
122,12.774596669241483,12.830026902547475,0.016345484057515618,12.774596669241483,0.0300301336930463,23
123,12.774596669241483,12.825206882259995,0.0220881078185888,12.774596669241483,0.029239340047280238,23
124,12.774596669241483,12.817976851828782,0.02705229676956109,12.774596669241483,0.02845489822627978,23
125,12.774596669241483,12.809541816325696,0.02973702522021422,12.774596669241483,0.027676707004126444,23
126,12.774596669241483,12.79990177575074,0.02973702522021422,12.774596669241483,0.02690466755556653,23
127,12.774596669241483,12.797000392493251,0.05936652361543589,12.774596669241483,0.026138683380694916,23
128,12.774596669241483,12.802180372205774,0.09581256650212923,12.774596669241483,0.025378660232568573,23
129,12.774596669241483,12.797360351918297,0.09556315124194209,12.774596669241483,0.02462450604761518,23
130,12.774596669241483,12.777006679385222,0.011806590254183147,12.774596669241483,0.023876130878708435,23
131,12.774596669241483,12.783651972847647,0.06338712524313231,12.774596669241483,0.023133446830787552,23
132,12.774596669241483,12.783651972847647,0.06338712524313232,12.774596669241483,0.022396367998906985,23
133,12.774596669241483,12.809136216426218,0.17014799269004935,12.774596669241483,0.02166481040860574,23
134,12.774596669241483,12.789436237632863,0.10387697873963582,12.774596669241483,0.020938691958494182,23
135,12.774596669241483,12.86093302150308,0.44191369159124594,12.774596669241483,0.020217932364959,23
136,12.774596669241483,12.900112320714378,0.6186321198513235,12.774596669241483,0.019502453108893703,23
137,12.774596669241483,12.774596669241484,1.7763568394002505e-15,12.774596669241483,0.01879217738436656,23
138,12.774596669241483,12.774596669241484,1.7763568394002505e-15,12.774596669241483,0.018087030049141528,23
139,12.774596669241483,12.791753846497327,0.12010024079090706,12.774596669241483,0.017386937576972405,23
140,12.774596669241483,12.774596669241484,1.7763568394002505e-15,12.774596669241483,0.0166918280115953,23
141,12.774596669241483,12.774596669241484,1.7763568394002505e-15,12.774596669241483,0.016001630922346743,23
142,12.774596669241483,12.774596669241484,1.7763568394002505e-15,12.774596669241483,0.015316277361338337,23
143,12.478232998312528,12.768669395822904,0.041490913930053636,12.478232998312528,0.014635699822124648,23
144,12.478232998312528,12.768669395822904,0.041490913930053636,12.478232998312528,0.013959832199800903,23
145,12.478232998312528,12.762742122404324,0.05807518176592347,12.478232998312528,0.01328860975247148,23
146,12.478232998312528,12.756814848985744,0.0703824722156148,12.478232998312528,0.0126219690640344,23
147,12.478232998312528,12.739033028730008,0.09630679377462882,12.478232998312528,0.011959848008226526,23
148,12.478232998312528,12.703469388218535,0.1265719242227082,12.478232998312528,0.011302185713879864,23
149,12.478232998312528,12.728573456369423,0.5029934268602727,12.478232998312528,0.010648922531340144,23
150,12.478232998312528,12.60270574010269,0.1462728110031523,12.478232998312528,0.010000000000000009,23
0,18.336660026534076,20.733589923532215,0.8488122774642174,18.336660026534076,0.5,24
1,17.58433666561813,20.29089518320464,0.837873415702512,17.58433666561813,0.4323055261972421,24
2,16.672150407425317,19.73109236368324,1.1609856003683015,16.672150407425317,0.39270679751657805,24
3,16.060107523773826,19.139375172914786,1.297892315659132,16.060107523773826,0.3646110523944842,24
4,15.86476151587624,18.304409331835664,1.3329754605070128,15.86476151587624,0.34281829940875996,24
5,15.854211490264017,17.501137924938945,1.1086457854246934,15.854211490264017,0.3250123237138202,24
6,15.854211490264017,17.07116552345776,0.9811085284300677,15.854211490264017,0.3099575857737281,24
7,15.4,16.630627484770812,0.7332683211185249,15.4,0.2969165785917264,24
8,14.843559577416269,16.332702532140082,0.7264578486712653,14.843559577416269,0.2854135950331561,24
9,15.221904042583699,16.047387755477597,0.6443190379096954,14.843559577416269,0.275123825606002,24
10,14.51657508881031,15.769423981454711,0.5328927986468057,14.51657508881031,0.2658155969197252,24
11,14.724807680927192,15.641402123257665,0.3903450082356019,14.51657508881031,0.2573178499110623,24
12,14.724807680927192,15.597347757871797,0.47459649168591544,14.51657508881031,0.24950068044161305,24
13,14.724807680927192,15.451863368338236,0.41841358640463444,14.51657508881031,0.24226311197097028,24
14,14.724807680927192,15.340901597213254,0.38798097142339144,14.51657508881031,0.23552509692533802,24
15,14.411871208194288,15.23258332237295,0.3738268463566494,14.411871208194288,0.22922210478896848,24
16,14.411871208194288,15.121327998054696,0.4050615192483277,14.411871208194288,0.22330135377323262,24
17,14.289974874213241,14.965547278866,0.3555559917164742,14.289974874213241,0.21771912123039833,24
18,14.289974874213241,14.890184453702146,0.38533115003913365,14.289974874213241,0.2124387822251788,24
19,14.008304597359459,14.726967913507993,0.35805399359690887,14.008304597359459,0.20742935180324423,24
20,14.008304597359459,14.606586420298843,0.2628625207449769,14.008304597359459,0.20266438329030623,24
21,14.008304597359459,14.621399835147866,0.38023929006154067,14.008304597359459,0.19812112311696733,24
22,14.008304597359459,14.637421488691029,0.4996490868954849,14.008304597359459,0.1937798536705464,24
23,14.008304597359459,14.592133211353532,0.5260144984780282,14.008304597359459,0.18962337610830443,24
24,14.008304597359459,14.51246601632489,0.5490496410753117,14.008304597359459,0.18563659881751993,24
25,13.991153452528778,14.388530704775446,0.5160732176841513,13.991153452528778,0.18180620663885522,24
26,13.991153452528778,14.244059138209122,0.31634243369112897,13.991153452528778,0.17812039254973427,24
27,13.991153452528778,14.247720780605901,0.4296024583592664,13.991153452528778,0.17456863816821244,24
28,13.866190378969058,14.164706684066722,0.377575411370091,13.866190378969058,0.17114153279104094,24
29,13.866190378969058,14.114359577830882,0.32232729099241475,13.866190378969058,0.16783062312258012,24
30,13.829563014098701,14.101776714734028,0.3268381244930863,13.829563014098701,0.1646282876527959,24
31,13.829563014098701,14.072091583925776,0.31363696393941454,13.829563014098701,0.16152763098621065,24
32,13.829563014098701,14.054361962103247,0.31353852151891937,13.829563014098701,0.15852239443630328,24
33,13.829563014098701,14.088710465494987,0.3376554764670416,13.829563014098701,0.1556068799704748,24
34,13.829563014098701,14.138438597755309,0.5753012864355156,13.829563014098701,0.15277588518248814,24
35,13.829563014098701,14.139063324721626,0.5945672438764797,13.829563014098701,0.15002464742764043,24
36,13.829563014098701,14.121328764666096,0.6295572853060373,13.829563014098701,0.14734879561374226,24
37,13.829563014098701,13.991548971410397,0.480708367734901,13.829563014098701,0.14474430842242098,24
38,13.760232526704263,13.957462198013658,0.4750309102528277,13.760232526704263,0.14220747795819122,24
39,13.760232526704263,13.974169300084231,0.5199825284801477,13.760232526704263,0.13973487800048634,24
40,13.760232526704263,13.873083880150148,0.1530738595728397,13.760232526704263,0.1373233361764682,24
41,13.760232526704263,13.862568167632025,0.1787835700023165,13.760232526704263,0.1349699094875484,24
42,13.760232526704263,13.84256752479548,0.1728365976446408,13.760232526704263,0.13267186271599046,24
43,13.760232526704263,14.009913262793273,0.6532044602643006,13.760232526704263,0.1304266493142095,24
44,13.760232526704263,14.004220887663742,0.6470243412815423,13.760232526704263,0.12823189444191613,24
45,13.619803902718557,13.843327084508969,0.25239351830757234,13.619803902718557,0.1260853798677885,24
46,13.619803902718557,13.866547273724303,0.44301871925455727,13.619803902718557,0.12398503049501725,24
47,13.460232526704262,13.774759737587358,0.18164470411671846,13.460232526704262,0.1219289023055466,24
48,13.460232526704262,13.831452688332467,0.4965032165274474,13.460232526704262,0.11991517154745629,24
49,13.460232526704262,14.013759281965875,0.8685336936151145,13.460232526704262,0.11794212501476203,24
50,13.4,14.068617439504129,0.9614012157629159,13.4,0.11600815128981068,24
51,13.460232526704262,13.904071962467023,0.7413313832156289,13.4,0.11411173283609738,24
52,13.460232526704262,13.718700730115266,0.32359059152121966,13.4,0.11225143884429051,24
53,13.460232526704262,13.7416495234144,0.5089715220508998,13.4,0.11042591874697638,24
54,13.460232526704262,13.619415387449116,0.22033817761871521,13.4,0.10863389632848514,24
55,13.460232526704262,13.57219482633051,0.15671264720149936,13.4,0.10687416436545444,24
56,13.460232526704262,13.571362392063515,0.25128439467764496,13.4,0.10514557974175692,24
57,13.460232526704262,13.62760854937374,0.5006587765803998,13.4,0.10344705898828305,24
58,13.460232526704262,13.54083906813719,0.287514074843463,13.4,0.10177757420399913,24
59,13.279795897113273,13.567631548237859,0.5393180952699896,13.279795897113273,0.10013614931982229,24
60,13.279795897113273,13.594833494710594,0.5613595887763647,13.279795897113273,0.09852185667131119,24
61,13.260232526704263,13.539900310665423,0.36102139093487734,13.260232526704263,0.09693381385003808,24
62,13.260232526704263,13.45615317948738,0.13957712457572213,13.260232526704263,0.09537118080688434,24
63,13.260232526704263,13.415166265491361,0.09529169053096481,13.260232526704263,0.09383315718345281,24
64,13.260232526704263,13.505643670323733,0.5101698821455495,13.260232526704263,0.09231897985037307,24
65,13.260232526704263,13.43627605590243,0.49325961198136997,13.260232526704263,0.09082792063354544,24
66,13.260232526704263,13.421758305889336,0.46206228275734423,13.260232526704263,0.08935928421136363,24
67,13.260232526704263,13.4092220849117,0.5055990318107791,13.260232526704263,0.08791240616771684,24
68,13.260232526704263,13.406466900578163,0.5741720961828061,13.260232526704263,0.0864866511871244,24
69,13.260232526704263,13.40578274415555,0.5772686113015334,13.260232526704263,0.08508141137973013,24
70,13.260232526704263,13.474167482340572,0.6987108172057256,13.260232526704263,0.08369610472510458,24
71,13.260232526704263,13.328100333464777,0.22174865048807307,13.260232526704263,0.08233017362488254,24
72,13.207106781186548,13.274835323441316,0.07917886553919187,13.207106781186548,0.08098308355522937,24
73,13.207106781186548,13.265088915245048,0.038445064307879834,13.207106781186548,0.07965432181098431,24
74,13.207106781186548,13.28280043949287,0.12332905664226011,13.207106781186548,0.07834339633409798,24
75,13.207106781186548,13.363424441447942,0.47836058038215745,13.207106781186548,0.07704983461966303,24
76,13.207106781186548,13.32582268680759,0.46619138860702103,13.207106781186548,0.07577318269345334,24
77,13.207106781186548,13.453717538927926,0.7100367861735519,13.207106781186548,0.07451300415543333,24
78,13.207106781186548,13.356105406653196,0.5512975535599822,13.207106781186548,0.07326887928419568,24
79,13.207106781186548,13.369075957273207,0.5566182271176938,13.207106781186548,0.0720404041977285,24
80,13.207106781186548,13.361330247624293,0.6609742182215423,13.207106781186548,0.07082719006631227,24
81,13.207106781186548,13.379293388559654,0.6771942431740209,13.207106781186548,0.0696288623737103,24
82,13.207106781186548,13.32677090181473,0.5857106985791819,13.207106781186548,0.06844506022313707,24
83,13.207106781186548,13.279095639549602,0.3202226163612617,13.207106781186548,0.0672754356847905,24
84,13.207106781186548,13.295934845639863,0.3140827323168047,13.207106781186548,0.06611965318199253,24
85,13.207106781186548,13.230937812360226,0.11750634115185242,13.207106781186548,0.06497738891323263,24
86,13.207106781186548,13.25381815038188,0.26207328597866025,13.207106781186548,0.063848330307619,24
87,13.207106781186548,13.22768922855429,0.10087503395244576,13.207106781186548,0.06273217551145155,24
88,13.207106781186548,13.24176496382735,0.1375867791364371,13.207106781186548,0.06162863290380183,24
89,13.207106781186548,13.21300082643418,0.034480304484699964,13.207106781186548,0.060537420639158235,24
90,13.207106781186548,13.229418952501783,0.12628535834057095,13.207106781186548,0.05945826621534128,24
91,13.207106781186548,13.242096164170032,0.15250295925825016,13.207106781186548,0.05839090606503061,24
92,13.207106781186548,13.29444412204302,0.2762352431169735,13.207106781186548,0.05733508516937402,24
93,13.207106781186548,13.346058880163614,0.43519331840876657,13.207106781186548,0.05629055669225935,24
94,13.207106781186548,13.331302028000056,0.36061142949138375,13.207106781186548,0.05525708163393872,24
95,13.207106781186548,13.256053291727618,0.17242804570809142,13.207106781186548,0.054234428502788756,24
96,13.207106781186548,13.215212722372089,0.056741588298786734,13.207106781186548,0.05322237300407823,24
97,13.207106781186548,13.220505304791354,0.09378966523364961,13.207106781186548,0.0522206977446984,24
98,13.207106781186548,13.227796175900098,0.11538078845802992,13.207106781186548,0.05122919195288139,24
99,13.207106781186548,13.242529305529068,0.24795767039763722,13.207106781186548,0.050247651212004085,24
100,13.207106781186548,13.207106781186548,0.0,13.207106781186548,0.04927587720763693,24
101,13.207106781186548,13.23732979871472,0.1696755740265219,13.207106781186548,0.0483136774870529,24
102,13.207106781186548,13.23818963946228,0.21758000793012258,13.207106781186548,0.047360865230468896,24
103,13.207106781186548,13.282299317694164,0.4520245608196532,13.207106781186548,0.046417259033339486,24
104,13.207106781186548,13.319412790826082,0.5185472444909304,13.207106781186548,0.04548268269906619,24
105,13.207106781186548,13.281990827442423,0.2542177155798468,13.207106781186548,0.044556965041532726,24
106,13.207106781186548,13.279742705318295,0.29677327729608177,13.207106781186548,0.043639939696910546,24
107,13.207106781186548,13.272867577996424,0.2431810929022119,13.207106781186548,0.04273144494421849,24
108,13.134846922834953,13.233724672365215,0.14238668363417212,13.134846922834953,0.041831323534151865,24
109,13.134846922834953,13.232279475198181,0.14301484197772485,13.134846922834953,0.04093942252572724,24
110,13.134846922834953,13.24600372842632,0.2502570500747572,13.134846922834953,0.04005559313032031,24
111,13.134846922834953,13.24022293975819,0.25191784896761527,13.134846922834953,0.03917969056269671,24
112,13.134846922834953,13.234217893194192,0.26005324008131653,13.134846922834953,0.03831157389866463,24
113,13.134846922834953,13.241018602292215,0.2863157533728705,13.134846922834953,0.037451105938998974,24
114,13.134846922834953,13.200871306891713,0.20396689759017456,13.134846922834953,0.036598153079306306,24
115,13.134846922834953,13.244504798787121,0.5298855064706774,13.134846922834953,0.03575258518552521,24
116,13.134846922834953,13.193382652957203,0.2580084949474853,13.134846922834953,0.034914275474769274,24
117,13.134846922834953,13.162669590729047,0.18471295837509827,13.134846922834953,0.03408310040124124,24
118,13.134846922834953,13.161248956737616,0.1295287019372848,13.134846922834953,0.03325893954696074,24
119,13.134846922834953,13.134846922834955,1.7763568394002505e-15,13.134846922834953,0.03244167551706445,24
120,13.134846922834953,13.134846922834955,1.7763568394002505e-15,13.134846922834953,0.0316311938394504,24
121,13.134846922834953,13.136292120001986,0.010116380169223298,13.134846922834953,0.0308273828685533,24
122,13.134846922834953,13.209021897170599,0.4835090187715689,13.134846922834953,0.0300301336930463,24
123,13.134846922834953,13.200772963011705,0.4614822812372516,13.134846922834953,0.029239340047280238,24
124,13.134846922834953,13.269756331984048,0.6610951896142441,13.134846922834953,0.02845489822627978,24
125,13.134846922834953,13.213218770013743,0.5486029302515214,13.134846922834953,0.027676707004126444,24
126,13.134846922834953,13.213218770013743,0.5486029302515214,13.134846922834953,0.02690466755556653,24
127,13.134846922834953,13.240597641138612,0.5610738086297967,13.134846922834953,0.026138683380694916,24
128,13.134846922834953,13.161195502281414,0.11698945583888634,13.134846922834953,0.025378660232568573,24
129,13.134846922834953,13.134846922834955,1.7763568394002505e-15,13.134846922834953,0.02462450604761518,24
130,13.134846922834953,13.134846922834955,1.7763568394002505e-15,13.134846922834953,0.023876130878708435,24
131,13.134846922834953,13.134846922834955,1.7763568394002505e-15,13.134846922834953,0.023133446830787552,24
132,13.134846922834953,13.134846922834955,1.7763568394002505e-15,13.134846922834953,0.022396367998906985,24
133,13.134846922834953,13.134846922834955,1.7763568394002505e-15,13.134846922834953,0.02166481040860574,24
134,13.134846922834953,13.134846922834955,1.7763568394002505e-15,13.134846922834953,0.020938691958494182,24
135,13.134846922834953,13.134846922834955,1.7763568394002505e-15,13.134846922834953,0.020217932364959,24
136,13.134846922834953,13.134846922834955,1.7763568394002505e-15,13.134846922834953,0.019502453108893703,24
137,13.134846922834953,13.144398061187525,0.06685796846801005,13.134846922834953,0.01879217738436656,24
138,13.134846922834953,13.144398061187525,0.06685796846801005,13.134846922834953,0.018087030049141528,24
139,13.134846922834953,13.134846922834955,1.7763568394002505e-15,13.134846922834953,0.017386937576972405,24
140,13.134846922834953,13.134846922834955,1.7763568394002505e-15,13.134846922834953,0.0166918280115953,24
141,13.134846922834953,13.134846922834955,1.7763568394002505e-15,13.134846922834953,0.016001630922346743,24
142,13.134846922834953,13.15670131814325,0.1529807671580656,13.134846922834953,0.015316277361338337,24
143,13.134846922834953,13.173879134587569,0.19264237604950032,13.134846922834953,0.014635699822124648,24
144,13.134846922834953,13.134846922834955,1.7763568394002505e-15,13.134846922834953,0.013959832199800903,24
145,13.134846922834953,13.134846922834955,1.7763568394002505e-15,13.134846922834953,0.01328860975247148,24
146,13.134846922834953,13.134846922834955,1.7763568394002505e-15,13.134846922834953,0.0126219690640344,24
147,13.134846922834953,13.134846922834955,1.7763568394002505e-15,13.134846922834953,0.011959848008226526,24
148,13.134846922834953,13.134846922834955,1.7763568394002505e-15,13.134846922834953,0.011302185713879864,24
149,13.134846922834953,13.134846922834955,1.7763568394002505e-15,13.134846922834953,0.010648922531340144,24
150,13.134846922834953,13.157301658183835,0.15718314744216969,13.134846922834953,0.010000000000000009,24
0,18.400000000000002,20.805731193221355,0.9169920456801017,18.400000000000002,0.5,25
1,17.859591794226542,20.146300404446432,0.9714295828365361,17.859591794226542,0.4323055261972421,25
2,16.828285685708572,19.491905643890007,1.1873781069288014,16.828285685708572,0.39270679751657805,25
3,15.754996671103717,18.613014298246238,1.3231886956659407,15.754996671103717,0.3646110523944842,25
4,14.886084215408221,18.035462398971493,1.4069033561256226,14.886084215408221,0.34281829940875996,25
5,14.886084215408221,17.279624714877084,1.0763791391510127,14.886084215408221,0.3250123237138202,25
6,14.633630940518895,16.78521844576881,0.8399283444260182,14.633630940518895,0.3099575857737281,25
7,14.633630940518895,16.32090495438151,0.7060055636484109,14.633630940518895,0.2969165785917264,25
8,14.368438714135813,16.061766393540147,0.6667683911549749,14.368438714135813,0.2854135950331561,25
9,14.368438714135813,15.841493297248876,0.7022005680560395,14.368438714135813,0.275123825606002,25
10,14.368438714135813,15.625338069257284,0.7431697975799912,14.368438714135813,0.2658155969197252,25
11,14.368438714135813,15.413672166107572,0.7374130496464687,14.368438714135813,0.2573178499110623,25
12,14.055294535724686,15.145075404300828,0.6387862020663683,14.055294535724686,0.24950068044161305,25
13,14.055294535724686,14.918072352114546,0.46045213085535985,14.055294535724686,0.24226311197097028,25
14,14.055294535724686,14.775416186924428,0.4662055465785292,14.055294535724686,0.23552509692533802,25
15,14.055294535724686,14.70843518305503,0.5256670720880192,14.055294535724686,0.22922210478896848,25
16,14.055294535724686,14.579594247458063,0.43387283209265876,14.055294535724686,0.22330135377323262,25
17,14.055294535724686,14.439298497891642,0.4218627028867207,14.055294535724686,0.21771912123039833,25
18,13.896662954709576,14.363249521189775,0.48644942266844166,13.896662954709576,0.2124387822251788,25
19,13.896662954709576,14.239618330316812,0.3871663362079334,13.896662954709576,0.20742935180324423,25
20,13.896662954709576,14.160783147639279,0.315494707863676,13.896662954709576,0.20266438329030623,25
21,13.896662954709576,14.13226259556705,0.2583103422003063,13.896662954709576,0.19812112311696733,25
22,13.896662954709576,14.138645329687327,0.3026637408666709,13.896662954709576,0.1937798536705464,25
23,13.896662954709576,14.050156022510821,0.20415527853641197,13.896662954709576,0.18962337610830443,25
24,13.896662954709576,14.117081840891874,0.4023958259849756,13.896662954709576,0.18563659881751993,25
25,13.760232526704263,14.059643711485318,0.3731733715858525,13.760232526704263,0.18180620663885522,25
26,13.6,14.097580917808946,0.452290072358958,13.6,0.17812039254973427,25
27,13.6,13.958430073681091,0.23914391801175627,13.6,0.17456863816821244,25
28,13.569535971483266,14.113123289616277,0.6422180999342469,13.569535971483266,0.17114153279104094,25
29,13.569535971483266,14.038587419806241,0.5660956559336215,13.569535971483266,0.16783062312258012,25
30,13.569535971483266,14.002860614354823,0.6137254248215193,13.569535971483266,0.1646282876527959,25
31,13.569535971483266,13.923903926391404,0.5806859735589602,13.569535971483266,0.16152763098621065,25
32,13.569535971483266,13.835560640077997,0.4095772607036632,13.569535971483266,0.15852239443630328,25
33,13.569535971483266,13.743768803290896,0.31297077192123907,13.569535971483266,0.1556068799704748,25
34,13.569535971483266,13.73028444097621,0.35768390726694266,13.569535971483266,0.15277588518248814,25
35,13.569535971483266,13.706713371227016,0.34301852433466473,13.569535971483266,0.15002464742764043,25
36,13.569535971483266,13.749254775206795,0.4967126212698725,13.569535971483266,0.14734879561374226,25
37,13.30384048104053,13.68256714301066,0.4362015043264265,13.30384048104053,0.14474430842242098,25
38,13.30384048104053,13.646186148679426,0.22543144634514908,13.30384048104053,0.14220747795819122,25
39,13.2295630140987,13.736785710139936,0.503249249371564,13.2295630140987,0.13973487800048634,25
40,13.2295630140987,13.560775556106398,0.2677592071272822,13.2295630140987,0.1373233361764682,25
41,13.2295630140987,13.50816817921389,0.2840669963183289,13.2295630140987,0.1349699094875484,25
42,13.2295630140987,13.492653411574826,0.32051178999086233,13.2295630140987,0.13267186271599046,25
43,13.2295630140987,13.525920051803325,0.4735603837355609,13.2295630140987,0.1304266493142095,25
44,13.2295630140987,13.551101903745053,0.5786156088815948,13.2295630140987,0.12823189444191613,25
45,13.2295630140987,13.443715088222804,0.46765726999711343,13.2295630140987,0.1260853798677885,25
46,13.2295630140987,13.378270256285104,0.26847368637332075,13.2295630140987,0.12398503049501725,25
47,13.2295630140987,13.356272729639052,0.314973700505389,13.2295630140987,0.1219289023055466,25
48,13.1,13.380744591210219,0.4747642174559455,13.1,0.11991517154745629,25
49,13.1,13.287936440069739,0.2786347752553319,13.1,0.11794212501476203,25
50,13.1,13.35094869807497,0.47070661733754837,13.1,0.11600815128981068,25
51,13.1,13.20942371900917,0.06640124787717909,13.1,0.11411173283609738,25
52,13.1,13.243058889791406,0.19525311285766334,13.1,0.11225143884429051,25
53,13.1,13.271675513351516,0.3399021552068791,13.1,0.11042591874697638,25
54,13.1,13.16259478767784,0.13586759780583293,13.1,0.10863389632848514,25
55,13.1,13.165911465645195,0.20517444252269432,13.1,0.10687416436545444,25
56,13.1,13.164753290910133,0.1916753033689167,13.1,0.10514557974175692,25
57,13.1,13.17742279730971,0.234866662328476,13.1,0.10344705898828305,25
58,13.1,13.21000651064253,0.3322828654030145,13.1,0.10177757420399913,25
59,13.1,13.229595550161429,0.3422820159673129,13.1,0.10013614931982229,25
60,13.1,13.173407631022988,0.27670370996811494,13.1,0.09852185667131119,25
61,13.1,13.171252768148648,0.21702241509374962,13.1,0.09693381385003808,25
62,13.1,13.26962133170613,0.6386122300090495,13.1,0.09537118080688434,25
63,13.1,13.126989916502707,0.13878972759116273,13.1,0.09383315718345281,25
64,13.1,13.207384855641374,0.44236824214493603,13.1,0.09231897985037307,25
65,13.1,13.21117052137602,0.44814549505111756,13.1,0.09082792063354544,25
66,13.1,13.181360800295046,0.28565267717572074,13.1,0.08935928421136363,25
67,13.1,13.132583954854345,0.12976504694063534,13.1,0.08791240616771684,25
68,13.1,13.197648885395237,0.4391388965265447,13.1,0.0864866511871244,25
69,13.1,13.152483159929846,0.18624840346372215,13.1,0.08508141137973013,25
70,13.1,13.177728356165616,0.2939494946177092,13.1,0.08369610472510458,25
71,13.1,13.16657733740018,0.25018661806039005,13.1,0.08233017362488254,25
72,13.1,13.12944833623556,0.13794573437691307,13.1,0.08098308355522937,25
73,13.1,13.153371582028592,0.19422200960709973,13.1,0.07965432181098431,25
74,13.1,13.18980830211671,0.42427967984750453,13.1,0.07834339633409798,25
75,13.1,13.111240998703627,0.07868699092538642,13.1,0.07704983461966303,25
76,13.1,13.162950523032329,0.2925328254543099,13.1,0.07577318269345334,25
77,13.1,13.223339751031062,0.46648560311371234,13.1,0.07451300415543333,25
78,13.1,13.14236721657213,0.21398057679129964,13.1,0.07326887928419568,25
79,13.1,13.150262579165133,0.16725756006073933,13.1,0.0720404041977285,25
80,13.1,13.121663153924391,0.07868039021535621,13.1,0.07082719006631227,25
81,13.1,13.171881045181438,0.2900311346094781,13.1,0.0696288623737103,25
82,13.1,13.163547698845237,0.2190275842415903,13.1,0.06844506022313707,25
83,13.1,13.116206256677224,0.07942695747927143,13.1,0.0672754356847905,25
84,13.1,13.109581509013482,0.06707056309436886,13.1,0.06611965318199253,25
85,13.1,13.179634157731543,0.42548419632026546,13.1,0.06497738891323263,25
86,13.1,13.192491192454995,0.370805153951839,13.1,0.063848330307619,25
87,13.1,13.207707591424823,0.5036745226799418,13.1,0.06273217551145155,25
88,13.1,13.133722509849829,0.11706883344946772,13.1,0.06162863290380183,25
89,13.1,13.15053497000531,0.22844591739263895,13.1,0.060537420639158235,25
90,13.1,13.13761190722319,0.15845920673591482,13.1,0.05945826621534128,25
91,13.1,13.145233869428205,0.22672579351000954,13.1,0.05839090606503061,25
92,13.008304597359459,13.131958704241365,0.19685217091650706,13.008304597359459,0.05733508516937402,25
93,13.008304597359459,13.122967033281746,0.1415279479041063,13.008304597359459,0.05629055669225935,25
94,13.008304597359459,13.171139289541935,0.35246205438652844,13.008304597359459,0.05525708163393872,25
95,13.008304597359459,13.165526881647192,0.3517857823549721,13.008304597359459,0.054234428502788756,25
96,13.008304597359459,13.159054411022003,0.36624561819814067,13.008304597359459,0.05322237300407823,25
97,13.008304597359459,13.14279003929252,0.43207532492919143,13.008304597359459,0.0522206977446984,25
98,13.008304597359459,13.13858372701378,0.43381291566328256,13.008304597359459,0.05122919195288139,25
99,13.008304597359459,13.161190016338516,0.48027117389259555,13.008304597359459,0.050247651212004085,25
100,13.008304597359459,13.079943844116393,0.1521031738238174,13.008304597359459,0.04927587720763693,25
101,13.008304597359459,13.03344081392569,0.049493661501601394,13.008304597359459,0.0483136774870529,25
102,13.008304597359459,13.06957230434464,0.2447931914311824,13.008304597359459,0.047360865230468896,25
103,13.008304597359459,13.017474137623513,0.027508620792162302,13.008304597359459,0.046417259033339486,25
104,13.008304597359459,13.015751169741238,0.025261692387491926,13.008304597359459,0.04548268269906619,25
105,13.008304597359459,13.008304597359459,0.0,13.008304597359459,0.044556965041532726,25
106,13.008304597359459,13.008304597359459,0.0,13.008304597359459,0.043639939696910546,25
107,13.008304597359459,13.024422308552007,0.08420990083957193,13.008304597359459,0.04273144494421849,25
108,13.008304597359459,13.02326782534477,0.10474259589718322,13.008304597359459,0.041831323534151865,25
109,13.008304597359459,13.027807133586398,0.10883394063141556,13.008304597359459,0.04093942252572724,25
110,13.008304597359459,13.02326782534477,0.10474259589718322,13.008304597359459,0.04005559313032031,25
111,13.008304597359459,13.050266605350766,0.2937340559391647,13.008304597359459,0.03917969056269671,25
112,13.008304597359459,13.008304597359459,0.0,13.008304597359459,0.03831157389866463,25
113,13.008304597359459,13.016049223085894,0.04306983724753008,13.008304597359459,0.037451105938998974,25
114,13.008304597359459,13.04198978337751,0.16749339647445097,13.008304597359459,0.036598153079306306,25
115,13.008304597359459,13.119169607503425,0.5294836692220057,13.008304597359459,0.03575258518552521,25
116,13.008304597359459,13.100649933836916,0.5054981861752637,13.008304597359459,0.034914275474769274,25
117,13.008304597359459,13.089047828330655,0.5008055165820636,13.008304597359459,0.03408310040124124,25
118,13.008304597359459,13.017961574462845,0.06759883972370467,13.008304597359459,0.03325893954696074,25
119,13.008304597359459,13.008304597359459,0.0,13.008304597359459,0.03244167551706445,25
120,13.008304597359459,13.019414868806244,0.07777190012747774,13.008304597359459,0.0316311938394504,25
121,13.008304597359459,13.01870421912644,0.07279735236887552,13.008304597359459,0.0308273828685533,25
122,13.008304597359459,13.049479863848873,0.17285521772051893,13.008304597359459,0.0300301336930463,25
123,13.008304597359459,13.018753056917594,0.07313921690695094,13.008304597359459,0.029239340047280238,25
124,13.008304597359459,13.01870421912644,0.07279735236887552,13.008304597359459,0.02845489822627978,25
125,13.008304597359459,13.01870421912644,0.07279735236887552,13.008304597359459,0.027676707004126444,25
126,13.008304597359459,13.083876179140862,0.4349166277663963,13.008304597359459,0.02690466755556653,25
127,13.008304597359459,13.068912951155554,0.42425847657264815,13.008304597359459,0.026138683380694916,25
128,13.008304597359459,13.068912951155554,0.42425847657264815,13.008304597359459,0.025378660232568573,25
129,13.008304597359459,13.024846818420396,0.1157955474265524,13.008304597359459,0.02462450604761518,25
130,13.008304597359459,13.050462580207006,0.21022067645677397,13.008304597359459,0.023876130878708435,25
131,13.008304597359459,13.053141979208421,0.2615756446248158,13.008304597359459,0.023133446830787552,25
132,13.008304597359459,13.044926259239064,0.2563516331572498,13.008304597359459,0.022396367998906985,25
133,13.008304597359459,13.044926259239064,0.2563516331572498,13.008304597359459,0.02166481040860574,25
134,13.008304597359459,13.008304597359459,0.0,13.008304597359459,0.020938691958494182,25
135,13.008304597359459,13.017379504115898,0.06352434729506225,13.008304597359459,0.020217932364959,25
136,13.008304597359459,13.008304597359459,0.0,13.008304597359459,0.019502453108893703,25
137,13.008304597359459,13.008304597359459,0.0,13.008304597359459,0.01879217738436656,25
138,13.008304597359459,13.016520317328814,0.057510039785496694,13.008304597359459,0.018087030049141528,25
139,13.008304597359459,13.039726749767826,0.1259972745234001,13.008304597359459,0.017386937576972405,25
140,13.008304597359459,13.065783018702955,0.2625118175851736,13.008304597359459,0.0166918280115953,25
141,13.008304597359459,13.053686857710726,0.25068070966854594,13.008304597359459,0.016001630922346743,25
142,13.008304597359459,13.073968541090208,0.3220084611588621,13.008304597359459,0.015316277361338337,25
143,13.008304597359459,13.008304597359459,0.0,13.008304597359459,0.014635699822124648,25
144,13.008304597359459,13.008304597359459,0.0,13.008304597359459,0.013959832199800903,25
145,13.008304597359459,13.008304597359459,0.0,13.008304597359459,0.01328860975247148,25
146,13.008304597359459,13.008304597359459,0.0,13.008304597359459,0.0126219690640344,25
147,13.008304597359459,13.008304597359459,0.0,13.008304597359459,0.011959848008226526,25
148,13.008304597359459,13.008304597359459,0.0,13.008304597359459,0.011302185713879864,25
149,13.008304597359459,13.008304597359459,0.0,13.008304597359459,0.010648922531340144,25
150,13.008304597359459,13.008304597359459,0.0,13.008304597359459,0.010000000000000009,25
0,18.70332963783729,20.7977919304045,1.0774243862526074,18.70332963783729,0.5,26
1,16.676871642217915,20.226589385678274,1.1198647299296818,16.676871642217915,0.4323055261972421,26
2,16.676871642217915,19.652678125268352,1.1184801566493454,16.676871642217915,0.39270679751657805,26
3,15.75277655408689,18.98706979942025,1.3030608496371219,15.75277655408689,0.3646110523944842,26
4,15.75277655408689,18.192191101345273,1.3270105109906403,15.75277655408689,0.34281829940875996,26
5,15.75277655408689,17.60974869081981,1.205688179548466,15.75277655408689,0.3250123237138202,26
6,15.608607914449797,17.105135797485733,0.8460204398716146,15.608607914449797,0.3099575857737281,26
7,15.608607914449797,16.766471392975003,0.7376380957984163,15.608607914449797,0.2969165785917264,26
8,15.557641145488901,16.59808946706017,0.6994667738205476,15.557641145488901,0.2854135950331561,26
9,15.410844001658269,16.35195852147391,0.7041494282464886,15.410844001658269,0.275123825606002,26
10,15.410844001658269,16.111343103860378,0.5045316313358904,15.410844001658269,0.2658155969197252,26
11,15.077902338672773,15.972231723206143,0.5137027015079794,15.077902338672773,0.2573178499110623,26
12,15.077902338672773,15.809745376721645,0.5019475649214701,15.077902338672773,0.24950068044161305,26
13,15.073644135332772,15.638950774276843,0.4649071273491781,15.073644135332772,0.24226311197097028,26
14,15.073644135332772,15.535887807329722,0.43529512981997176,15.073644135332772,0.23552509692533802,26
15,14.989979919597747,15.428739228203654,0.28659144110854057,14.989979919597747,0.22922210478896848,26
16,14.739607805437114,15.315808465669,0.2550924270991226,14.739607805437114,0.22330135377323262,26
17,14.739607805437114,15.381689867796899,0.40677982808288893,14.739607805437114,0.21771912123039833,26
18,14.64476105895272,15.296573601410078,0.40326479864519704,14.64476105895272,0.2124387822251788,26
19,14.64476105895272,15.22894788926118,0.4420950591252359,14.64476105895272,0.20742935180324423,26
20,14.530727575266251,15.063607897045406,0.29876815395068296,14.530727575266251,0.20266438329030623,26
21,14.530727575266251,15.05013437324563,0.35968122047053536,14.530727575266251,0.19812112311696733,26
22,14.530727575266251,14.979922373551704,0.3986512583518653,14.530727575266251,0.1937798536705464,26
23,14.14355957741627,14.859950848484521,0.3347367883560199,14.14355957741627,0.18962337610830443,26
24,14.14355957741627,14.742707588489855,0.2430210068247191,14.14355957741627,0.18563659881751993,26
25,14.14355957741627,14.723747670874042,0.30079866799511573,14.14355957741627,0.18180620663885522,26
26,14.14355957741627,14.666974927100423,0.3646779462260963,14.14355957741627,0.17812039254973427,26
27,14.14355957741627,14.600958014046059,0.4021392313417783,14.14355957741627,0.17456863816821244,26
28,14.14355957741627,14.496904740988066,0.3067442010337949,14.14355957741627,0.17114153279104094,26
29,14.1,14.423801213859674,0.4430791174195805,14.1,0.16783062312258012,26
30,14.1,14.368426507521972,0.4544305964314172,14.1,0.1646282876527959,26
31,14.1,14.29234922199594,0.3008867960198146,14.1,0.16152763098621065,26
32,14.1,14.261364943639585,0.32550524537908776,14.1,0.15852239443630328,26
33,14.1,14.284582029881955,0.35614304522158097,14.1,0.1556068799704748,26
34,14.01657508881031,14.21987850301393,0.24295685059140262,14.01657508881031,0.15277588518248814,26
35,14.01657508881031,14.191509181739116,0.195610039601686,14.01657508881031,0.15002464742764043,26
36,14.01657508881031,14.168346837561677,0.20546409032827623,14.01657508881031,0.14734879561374226,26
37,14.01657508881031,14.196676394970371,0.24671210865089716,14.01657508881031,0.14474430842242098,26
38,14.01657508881031,14.166426872799656,0.2207102494558032,14.01657508881031,0.14220747795819122,26
39,14.01657508881031,14.14902153449225,0.18522490257068125,14.01657508881031,0.13973487800048634,26
40,14.01657508881031,14.104667549852493,0.06142664793860507,14.01657508881031,0.1373233361764682,26
41,14.01657508881031,14.121604431332958,0.1233772320344279,14.01657508881031,0.1349699094875484,26
42,14.005547008526777,14.12222675993448,0.1461616708450533,14.005547008526777,0.13267186271599046,26
43,14.005547008526777,14.106983662265828,0.18191707418815925,14.005547008526777,0.1304266493142095,26
44,13.991153452528778,14.09588030456914,0.30589280368524685,13.991153452528778,0.12823189444191613,26
45,13.991153452528778,14.07817272738941,0.21672652015620833,13.991153452528778,0.1260853798677885,26
46,13.988409872672513,14.087353276569795,0.2446360811704694,13.988409872672513,0.12398503049501725,26
47,13.988409872672513,14.124054628647105,0.37572300507674333,13.988409872672513,0.1219289023055466,26
48,13.988409872672513,14.070533882881284,0.3243407895576589,13.988409872672513,0.11991517154745629,26
49,13.988409872672513,14.088816232699049,0.3380613425402156,13.988409872672513,0.11794212501476203,26
50,13.988409872672513,14.050379583561128,0.17795853877360937,13.988409872672513,0.11600815128981068,26
51,13.988409872672513,14.030089574626851,0.15708685107262174,13.988409872672513,0.11411173283609738,26
52,13.988409872672513,14.046096134592482,0.1670041028401774,13.988409872672513,0.11225143884429051,26
53,13.988409872672513,14.114718502754805,0.3325196799978693,13.988409872672513,0.11042591874697638,26
54,13.988409872672513,14.074090199926854,0.3025058825745501,13.988409872672513,0.10863389632848514,26
55,13.988409872672513,14.158358604581425,0.46054602332932293,13.988409872672513,0.10687416436545444,26
56,13.988409872672513,14.123034233324615,0.40645083576007307,13.988409872672513,0.10514557974175692,26
57,13.988409872672513,14.10976576307446,0.43524221886612846,13.988409872672513,0.10344705898828305,26
58,13.988409872672513,14.083985506321046,0.3652138511132156,13.988409872672513,0.10177757420399913,26
59,13.988409872672513,14.084871229204044,0.36338734192098804,13.988409872672513,0.10013614931982229,26
60,13.988409872672513,14.042292300521563,0.17465010097506284,13.988409872672513,0.09852185667131119,26
61,13.988409872672513,14.06412552264344,0.31120851678565903,13.988409872672513,0.09693381385003808,26
62,13.988409872672513,14.01585989213503,0.11284711560296909,13.988409872672513,0.09537118080688434,26
63,13.988409872672513,14.062360897161128,0.32360925691728765,13.988409872672513,0.09383315718345281,26
64,13.988409872672513,14.009132915350934,0.12158034748400819,13.988409872672513,0.09231897985037307,26
65,13.878404875209021,14.003347602610047,0.09879068322775444,13.878404875209021,0.09082792063354544,26
66,13.878404875209021,14.013314429371404,0.1465393813948041,13.878404875209021,0.08935928421136363,26
67,13.878404875209021,14.05891088742549,0.36272561921988183,13.878404875209021,0.08791240616771684,26
68,13.878404875209021,14.030033147276658,0.217484412805539,13.878404875209021,0.0864866511871244,26
69,13.878404875209021,14.051057150866283,0.3505753232847413,13.878404875209021,0.08508141137973013,26
70,13.878404875209021,13.999177056203266,0.24391436204280065,13.878404875209021,0.08369610472510458,26
71,13.878404875209021,14.001147219038776,0.368426497952854,13.878404875209021,0.08233017362488254,26
72,13.878404875209021,13.905316017693048,0.046760617310058095,13.878404875209021,0.08098308355522937,26
73,13.878404875209021,13.927284533310226,0.1427368863158845,13.878404875209021,0.07965432181098431,26
74,13.878404875209021,13.95691198388487,0.3208221711580368,13.878404875209021,0.07834339633409798,26
75,13.878404875209021,13.983527548230605,0.4029725008500804,13.878404875209021,0.07704983461966303,26
76,13.878404875209021,13.918614644525952,0.1801344315281147,13.878404875209021,0.07577318269345334,26
77,13.878404875209021,13.929763051141608,0.18617444106829395,13.878404875209021,0.07451300415543333,26
78,13.878404875209021,13.93888302232463,0.32292737180978875,13.878404875209021,0.07326887928419568,26
79,13.878404875209021,13.954760239191543,0.3354830818406541,13.878404875209021,0.0720404041977285,26
80,13.878404875209021,13.878404875209021,0.0,13.878404875209021,0.07082719006631227,26
81,13.878404875209021,13.920076782429032,0.16268535848975924,13.878404875209021,0.0696288623737103,26
82,13.878404875209021,13.943020768502825,0.3250229025456374,13.878404875209021,0.06844506022313707,26
83,13.868438714135813,13.904374240874136,0.10667039050316805,13.868438714135813,0.0672754356847905,26
84,13.868438714135813,13.91549488535208,0.15526220071498856,13.868438714135813,0.06611965318199253,26
85,13.868438714135813,13.901495878698533,0.13040156559047472,13.868438714135813,0.06497738891323263,26
86,13.868438714135813,13.931048947966465,0.28238990608520753,13.868438714135813,0.063848330307619,26
87,13.868438714135813,13.94325650787408,0.290381457258984,13.868438714135813,0.06273217551145155,26
88,13.868438714135813,13.902990804139765,0.14409508617018477,13.868438714135813,0.06162863290380183,26
89,13.868438714135813,13.939477351870828,0.3002707822876602,13.868438714135813,0.060537420639158235,26
90,13.868438714135813,13.891922295533814,0.11727866949896501,13.868438714135813,0.05945826621534128,26
91,13.868438714135813,13.925641367150725,0.3168313671813318,13.868438714135813,0.05839090606503061,26
92,13.868438714135813,13.919720668927155,0.31591479576569936,13.868438714135813,0.05733508516937402,26
93,13.868438714135813,13.903686522693077,0.17335447138921803,13.868438714135813,0.05629055669225935,26
94,13.843908891458577,13.891634874481287,0.1659129132166575,13.843908891458577,0.05525708163393872,26
95,13.843908891458577,13.923694378195332,0.2792838224927612,13.843908891458577,0.054234428502788756,26
96,13.843908891458577,13.898951878894616,0.17616001514336085,13.843908891458577,0.05322237300407823,26
97,13.843908891458577,13.877823327436365,0.09415513445685125,13.843908891458577,0.0522206977446984,26
98,13.843908891458577,13.871155164090224,0.04806330603831147,13.843908891458577,0.05122919195288139,26
99,13.843908891458577,13.88795595366724,0.17622630196151132,13.843908891458577,0.050247651212004085,26
100,13.843908891458577,13.877442958806691,0.17206048732752136,13.843908891458577,0.04927587720763693,26
101,13.843908891458577,13.889692585331757,0.20025650343100018,13.843908891458577,0.0483136774870529,26
102,13.843908891458577,13.894912758999856,0.20610947131956292,13.843908891458577,0.047360865230468896,26
103,13.843908891458577,13.884786620796309,0.20101612521178236,13.843908891458577,0.046417259033339486,26
104,13.843908891458577,13.867223854067625,0.09631827411081634,13.843908891458577,0.04548268269906619,26
105,13.843908891458577,13.867555850470936,0.12402650684610743,13.843908891458577,0.044556965041532726,26
106,13.843908891458577,13.86016214105775,0.11377274719419886,13.843908891458577,0.043639939696910546,26
107,13.843908891458577,13.864982829711135,0.1180095216828712,13.843908891458577,0.04273144494421849,26
108,13.843908891458577,13.848729580111963,0.03374482057370801,13.843908891458577,0.041831323534151865,26
109,13.843908891458577,13.843908891458577,0.0,13.843908891458577,0.04093942252572724,26
110,13.843908891458577,13.843908891458577,0.0,13.843908891458577,0.04005559313032031,26
111,13.843908891458577,13.90474004857537,0.3246845280590677,13.843908891458577,0.03917969056269671,26
112,13.843908891458577,13.879075203897433,0.17918027594598276,13.843908891458577,0.03831157389866463,26
113,13.843908891458577,13.866416986819704,0.15755666752789207,13.843908891458577,0.037451105938998974,26
114,13.843908891458577,13.872721329554482,0.16275072385745767,13.843908891458577,0.036598153079306306,26
115,13.843908891458577,13.92356614783619,0.38759831464616207,13.843908891458577,0.03575258518552521,26
116,13.843908891458577,13.863230381402575,0.13525042960798672,13.843908891458577,0.034914275474769274,26
117,13.843908891458577,13.863230381402575,0.13525042960798672,13.843908891458577,0.03408310040124124,26
118,13.843908891458577,13.843908891458577,0.0,13.843908891458577,0.03325893954696074,26
119,13.843908891458577,13.89356113201418,0.34756568388920167,13.843908891458577,0.03244167551706445,26
120,13.843908891458577,13.901896587908322,0.3512529970237618,13.843908891458577,0.0316311938394504,26
121,13.843908891458577,13.889304485702059,0.2952383648380774,13.843908891458577,0.0308273828685533,26
122,13.843908891458577,13.907908983381892,0.3064382931634561,13.843908891458577,0.0300301336930463,26
123,13.843908891458577,13.871176854476165,0.10008785480700477,13.843908891458577,0.029239340047280238,26
124,13.843908891458577,13.862973713848259,0.08386344392038496,13.843908891458577,0.02845489822627978,26
125,13.843908891458577,13.864983348151199,0.09075431482161785,13.843908891458577,0.027676707004126444,26
126,13.843908891458577,13.847188281686083,0.022955731592543886,13.843908891458577,0.02690466755556653,26
127,13.843908891458577,13.86040091922701,0.09483892962645855,13.843908891458577,0.026138683380694916,26
128,13.843908891458577,13.843908891458577,0.0,13.843908891458577,0.025378660232568573,26
129,13.843908891458577,13.856953733572395,0.09131389479672014,13.843908891458577,0.02462450604761518,26
130,13.843908891458577,13.857093183141593,0.0922900417811144,13.843908891458577,0.023876130878708435,26
131,13.843908891458577,13.843908891458577,0.0,13.843908891458577,0.023133446830787552,26
132,13.843908891458577,13.843908891458577,0.0,13.843908891458577,0.022396367998906985,26
133,13.493737745050923,13.848072653725312,0.07971655980181855,13.493737745050923,0.02166481040860574,26
134,13.493737745050923,13.829902045602271,0.06861925050753391,13.493737745050923,0.020938691958494182,26
135,13.493737745050923,13.815895199745965,0.09499905062023907,13.493737745050923,0.020217932364959,26
136,13.493737745050923,13.814406532201401,0.14723868385605515,13.493737745050923,0.019502453108893703,26
137,13.493737745050923,13.766871239248895,0.1450571030071912,13.493737745050923,0.01879217738436656,26
138,13.493737745050923,13.734689513660387,0.1953736050541468,13.493737745050923,0.018087030049141528,26
139,13.493737745050923,13.652410424545172,0.17567153570560012,13.493737745050923,0.017386937576972405,26
140,13.493737745050923,13.61600565456708,0.20179504656493855,13.493737745050923,0.0166918280115953,26
141,13.493737745050923,13.550178485720194,0.13282732139853295,13.493737745050923,0.016001630922346743,26
142,13.493737745050923,13.504925185809912,0.05659097158761397,13.493737745050923,0.015316277361338337,26
143,13.493737745050923,13.493737745050923,0.0,13.493737745050923,0.014635699822124648,26
144,13.493737745050923,13.493737745050923,0.0,13.493737745050923,0.013959832199800903,26
145,13.493737745050923,13.493737745050923,0.0,13.493737745050923,0.01328860975247148,26
146,13.493737745050923,13.493737745050923,0.0,13.493737745050923,0.0126219690640344,26
147,13.493737745050923,13.493737745050923,0.0,13.493737745050923,0.011959848008226526,26
148,13.493737745050923,13.493737745050923,0.0,13.493737745050923,0.011302185713879864,26
149,13.493737745050923,13.493737745050923,0.0,13.493737745050923,0.010648922531340144,26
150,13.493737745050923,13.493737745050923,0.0,13.493737745050923,0.010000000000000009,26
0,18.843559577416272,20.838510872804612,0.9771654928793344,18.843559577416272,0.5,27
1,16.10208288141719,20.25186096653163,1.2682721269825543,16.10208288141719,0.4323055261972421,27
2,16.10208288141719,19.459803455468265,1.50763952533992,16.10208288141719,0.39270679751657805,27
3,15.373592452822642,18.75140357168258,1.7354749531773679,15.373592452822642,0.3646110523944842,27
4,15.373592452822642,17.988103067393336,1.662351539551489,15.373592452822642,0.34281829940875996,27
5,15.373592452822642,17.084794195922512,1.3935127874749913,15.373592452822642,0.3250123237138202,27
6,15.306750598570128,16.419812839242308,0.9391139439793611,15.306750598570128,0.3099575857737281,27
7,14.97624151769984,15.996007657221314,0.758142371014952,14.97624151769984,0.2969165785917264,27
8,14.97624151769984,15.72719251425996,0.5684075905159693,14.97624151769984,0.2854135950331561,27
9,14.949705872175155,15.608072158324694,0.48477236437350524,14.949705872175155,0.275123825606002,27
10,14.949705872175155,15.474183056924414,0.39076480926355334,14.949705872175155,0.2658155969197252,27
11,14.949705872175155,15.405374533285645,0.3711297615867988,14.949705872175155,0.2573178499110623,27
12,14.949705872175155,15.364034073348225,0.5189941381455603,14.949705872175155,0.24950068044161305,27
13,14.949705872175155,15.223040024818129,0.32145651290125216,14.949705872175155,0.24226311197097028,27
14,14.78608421540822,15.133500645261822,0.2336245347888742,14.78608421540822,0.23552509692533802,27
15,14.78608421540822,15.142612546349396,0.318375244949909,14.78608421540822,0.22922210478896848,27
16,14.700000000000001,15.134750361651305,0.33146179572895074,14.700000000000001,0.22330135377323262,27
17,14.700000000000001,15.094838870111492,0.31515269597279416,14.700000000000001,0.21771912123039833,27
18,14.700000000000001,15.069422507193254,0.40408032667783794,14.700000000000001,0.2124387822251788,27
19,14.692415526630866,15.022626150594128,0.3930592394268216,14.692415526630866,0.20742935180324423,27
20,14.692415526630866,15.023336022698818,0.5040276883708797,14.692415526630866,0.20266438329030623,27
21,14.692415526630866,14.926268585772977,0.3046086278990164,14.692415526630866,0.19812112311696733,27
22,14.692415526630866,14.889806205877091,0.3161508883769408,14.692415526630866,0.1937798536705464,27
23,14.692415526630866,14.861748588076136,0.29092793975862247,14.692415526630866,0.18962337610830443,27
24,14.074021572639982,14.780607183895533,0.2503596586409786,14.074021572639982,0.18563659881751993,27
25,14.074021572639982,14.744650981163254,0.3770922005771783,14.074021572639982,0.18180620663885522,27
26,13.937715508089905,14.701508168998089,0.3024579125798833,13.937715508089905,0.17812039254973427,27
27,13.937715508089905,14.66889424323268,0.38502366664284987,13.937715508089905,0.17456863816821244,27
28,13.937715508089905,14.571953448232524,0.3988187611866888,13.937715508089905,0.17114153279104094,27
29,13.937715508089905,14.430570568604619,0.33208990829583585,13.937715508089905,0.16783062312258012,27
30,13.937715508089905,14.299854984941282,0.31083298681069027,13.937715508089905,0.1646282876527959,27
31,13.880972058177587,14.231013091845842,0.3425907500095788,13.880972058177587,0.16152763098621065,27
32,13.880972058177587,14.12412730595113,0.2425573727530965,13.880972058177587,0.15852239443630328,27
33,13.6,14.07564605596123,0.2458243238976762,13.6,0.1556068799704748,27
34,13.6,14.016308970528272,0.24224807882244812,13.6,0.15277588518248814,27
35,13.6,14.01248908728948,0.32480716587727687,13.6,0.15002464742764043,27
36,13.6,13.976970812673374,0.3192093510610285,13.6,0.14734879561374226,27
37,13.43238075793812,13.92604458363847,0.3311632620710235,13.43238075793812,0.14474430842242098,27
38,13.43238075793812,13.889278064668142,0.37163296124810324,13.43238075793812,0.14220747795819122,27
39,13.43238075793812,13.788833710647136,0.32618606433048564,13.43238075793812,0.13973487800048634,27
40,13.43238075793812,13.76512766132513,0.3273964427278573,13.43238075793812,0.1373233361764682,27
41,13.43238075793812,13.684496573951275,0.2918279755874198,13.43238075793812,0.1349699094875484,27
42,13.43238075793812,13.662153679484081,0.3131561244062317,13.43238075793812,0.13267186271599046,27
43,13.43238075793812,13.604968947400655,0.3371268564547876,13.43238075793812,0.1304266493142095,27
44,13.207130750570547,13.537838151341775,0.28974648714978546,13.207130750570547,0.12823189444191613,27
45,13.207130750570547,13.512511203017711,0.3009376340588982,13.207130750570547,0.1260853798677885,27
46,13.207130750570547,13.494501740050964,0.316406372533235,13.207130750570547,0.12398503049501725,27
47,13.207130750570547,13.51824236037137,0.37651557049648327,13.207130750570547,0.1219289023055466,27
48,13.207130750570547,13.489269362861878,0.3763296928193352,13.207130750570547,0.11991517154745629,27
49,13.207130750570547,13.4881709152109,0.4674928380530158,13.207130750570547,0.11794212501476203,27
50,13.207130750570547,13.373748898507438,0.24201817291762798,13.207130750570547,0.11600815128981068,27
51,13.207130750570547,13.373556695987157,0.40950544940630235,13.207130750570547,0.11411173283609738,27
52,13.207130750570547,13.3570712744176,0.2956932388002791,13.207130750570547,0.11225143884429051,27
53,13.207130750570547,13.383838605226188,0.5677176560590906,13.207130750570547,0.11042591874697638,27
54,13.207130750570547,13.40739263696521,0.5774647952070464,13.207130750570547,0.10863389632848514,27
55,13.207130750570547,13.353417371173087,0.5392743297929273,13.207130750570547,0.10687416436545444,27
56,13.207130750570547,13.410278565662624,0.7044614009363364,13.207130750570547,0.10514557974175692,27
57,13.207130750570547,13.285487162378496,0.38007099526812466,13.207130750570547,0.10344705898828305,27
58,13.207130750570547,13.241452038091463,0.1503854064241902,13.207130750570547,0.10177757420399913,27
59,13.207130750570547,13.252600970134443,0.17142843209497738,13.207130750570547,0.10013614931982229,27
60,13.207130750570547,13.265302444588487,0.22521958880523818,13.207130750570547,0.09852185667131119,27
61,13.207130750570547,13.262780382253702,0.21543644736705486,13.207130750570547,0.09693381385003808,27
62,13.207130750570547,13.266180956540884,0.20916511096797016,13.207130750570547,0.09537118080688434,27
63,13.207130750570547,13.268984875243683,0.3381479179894364,13.207130750570547,0.09383315718345281,27
64,13.207130750570547,13.334076236695928,0.411508076885663,13.207130750570547,0.09231897985037307,27
65,13.207130750570547,13.28487803348311,0.32024099287873675,13.207130750570547,0.09082792063354544,27
66,13.207130750570547,13.304729230507878,0.4168664349605691,13.207130750570547,0.08935928421136363,27
67,13.207130750570547,13.368811271850744,0.48443958096783163,13.207130750570547,0.08791240616771684,27
68,13.207130750570547,13.260844303679283,0.32624815003410546,13.207130750570547,0.0864866511871244,27
69,13.207130750570547,13.207130750570546,1.7763568394002505e-15,13.207130750570547,0.08508141137973013,27
70,13.207130750570547,13.346639465834365,0.4827537960821614,13.207130750570547,0.08369610472510458,27
71,13.207130750570547,13.278677003913753,0.21889719685341105,13.207130750570547,0.08233017362488254,27
72,13.207130750570547,13.304225726452875,0.2713100522436098,13.207130750570547,0.08098308355522937,27
73,13.207130750570547,13.325083211035817,0.42213156132776875,13.207130750570547,0.07965432181098431,27
74,13.207130750570547,13.330593896165228,0.4107825723534508,13.207130750570547,0.07834339633409798,27
75,13.207130750570547,13.245030177665617,0.15314395235390277,13.207130750570547,0.07704983461966303,27
76,13.207130750570547,13.37760438203789,0.43023881481611015,13.207130750570547,0.07577318269345334,27
77,13.207130750570547,13.26280346130653,0.2352523224121807,13.207130750570547,0.07451300415543333,27
78,13.207130750570547,13.30178437098746,0.30023759646589704,13.207130750570547,0.07326887928419568,27
79,13.207130750570547,13.276409643228767,0.24316762668225692,13.207130750570547,0.0720404041977285,27
80,13.207130750570547,13.234734294888954,0.13523034087511132,13.207130750570547,0.07082719006631227,27
81,13.207130750570547,13.226714900312443,0.1041998500093552,13.207130750570547,0.0696288623737103,27
82,13.207130750570547,13.244770445702361,0.18927206351838755,13.207130750570547,0.06844506022313707,27
83,13.207130750570547,13.23021908081502,0.16161831171132837,13.207130750570547,0.0672754356847905,27
84,13.207130750570547,13.207130750570546,1.7763568394002505e-15,13.207130750570547,0.06611965318199253,27
85,13.207130750570547,13.249334684035484,0.17682181314861745,13.207130750570547,0.06497738891323263,27
86,13.207130750570547,13.274187720544036,0.26470198791369665,13.207130750570547,0.063848330307619,27
87,13.207130750570547,13.211635750717896,0.03153500103146011,13.207130750570547,0.06273217551145155,27
88,13.207130750570547,13.231958689702783,0.09832390784678094,13.207130750570547,0.06162863290380183,27
89,13.207130750570547,13.21516029384813,0.056206802943094936,13.207130750570547,0.060537420639158235,27
90,13.207130750570547,13.257979757029734,0.27062747942600984,13.207130750570547,0.05945826621534128,27
91,13.207130750570547,13.221979660374146,0.10394236862519672,13.207130750570547,0.05839090606503061,27
92,13.207130750570547,13.262993741220582,0.23319411404511242,13.207130750570547,0.05733508516937402,27
93,13.207130750570547,13.275899773475993,0.36200164902770493,13.207130750570547,0.05629055669225935,27
94,13.207130750570547,13.321808724971282,0.47540763065124,13.207130750570547,0.05525708163393872,27
95,13.207130750570547,13.220988135559134,0.09700169492012342,13.207130750570547,0.054234428502788756,27
96,13.207130750570547,13.229320631366242,0.15532916556987936,13.207130750570547,0.05322237300407823,27
97,13.207130750570547,13.211154513874304,0.028166343126307607,13.207130750570547,0.0522206977446984,27
98,13.207130750570547,13.207130750570546,1.7763568394002505e-15,13.207130750570547,0.05122919195288139,27
99,13.207130750570547,13.207130750570546,1.7763568394002505e-15,13.207130750570547,0.050247651212004085,27
100,13.207130750570547,13.229693119688095,0.11526864249592006,13.207130750570547,0.04927587720763693,27
101,13.207130750570547,13.274901314140736,0.22046401950477076,13.207130750570547,0.0483136774870529,27
102,13.207130750570547,13.249028292472554,0.18801989044412412,13.207130750570547,0.047360865230468896,27
103,13.207130750570547,13.240325990338361,0.16560054154705328,13.207130750570547,0.046417259033339486,27
104,13.207130750570547,13.220876909900364,0.09622311530873275,13.207130750570547,0.04548268269906619,27
105,13.207130750570547,13.207130750570546,1.7763568394002505e-15,13.207130750570547,0.044556965041532726,27
106,13.207130750570547,13.260956646390287,0.2664511577902985,13.207130750570547,0.043639939696910546,27
107,13.207130750570547,13.232581418500827,0.14298137310719033,13.207130750570547,0.04273144494421849,27
108,13.207130750570547,13.241383417198627,0.1568619061997534,13.207130750570547,0.041831323534151865,27
109,13.207130750570547,13.230878417051276,0.14034671253606915,13.207130750570547,0.04093942252572724,27
110,13.207130750570547,13.226854653747518,0.13806732223880458,13.207130750570547,0.04005559313032031,27
111,13.207130750570547,13.237359653894869,0.15509862228701415,13.207130750570547,0.03917969056269671,27
112,13.207130750570547,13.26599232298853,0.23530774179936023,13.207130750570547,0.03831157389866463,27
113,13.207130750570547,13.233602687064458,0.1853035554573986,13.207130750570547,0.037451105938998974,27
114,13.207130750570547,13.207130750570546,1.7763568394002505e-15,13.207130750570547,0.036598153079306306,27
115,13.207130750570547,13.207130750570546,1.7763568394002505e-15,13.207130750570547,0.03575258518552521,27
116,13.207130750570547,13.217635750717896,0.07353500103146023,13.207130750570547,0.034914275474769274,27
117,13.207130750570547,13.224147440049341,0.11911682635156803,13.207130750570547,0.03408310040124124,27
118,13.207130750570547,13.249650963139082,0.2125838706568756,13.207130750570547,0.03325893954696074,27
119,13.207130750570547,13.220319358169423,0.06790481473793097,13.207130750570547,0.03244167551706445,27
120,13.207130750570547,13.215206688815224,0.053042300690922056,13.207130750570547,0.0316311938394504,27
121,13.207130750570547,13.220988135559134,0.09700169492012342,13.207130750570547,0.0308273828685533,27
122,13.207130750570547,13.214701688667871,0.05299656668127892,13.207130750570547,0.0300301336930463,27
123,13.207130750570547,13.244578854686939,0.18135613461812783,13.207130750570547,0.029239340047280238,27
124,13.207130750570547,13.231775695350114,0.10910210258748203,13.207130750570547,0.02845489822627978,27
125,13.207130750570547,13.231504742614367,0.13737894398227266,13.207130750570547,0.027676707004126444,27
126,13.207130750570547,13.257231507367676,0.223719246243576,13.207130750570547,0.02690466755556653,27
127,13.207130750570547,13.207130750570546,1.7763568394002505e-15,13.207130750570547,0.026138683380694916,27
128,13.207130750570547,13.207130750570546,1.7763568394002505e-15,13.207130750570547,0.025378660232568573,27
129,13.207130750570547,13.207130750570546,1.7763568394002505e-15,13.207130750570547,0.02462450604761518,27
130,13.207130750570547,13.207130750570546,1.7763568394002505e-15,13.207130750570547,0.023876130878708435,27
131,13.207130750570547,13.207130750570546,1.7763568394002505e-15,13.207130750570547,0.023133446830787552,27
132,13.207130750570547,13.207130750570546,1.7763568394002505e-15,13.207130750570547,0.022396367998906985,27
133,13.207130750570547,13.207130750570546,1.7763568394002505e-15,13.207130750570547,0.02166481040860574,27
134,13.207130750570547,13.207130750570546,1.7763568394002505e-15,13.207130750570547,0.020938691958494182,27
135,13.207130750570547,13.207130750570546,1.7763568394002505e-15,13.207130750570547,0.020217932364959,27
136,13.207130750570547,13.234287446428393,0.19009687100492972,13.207130750570547,0.019502453108893703,27
137,13.207130750570547,13.234287446428393,0.1900968710049297,13.207130750570547,0.01879217738436656,27
138,13.207130750570547,13.234287446428393,0.19009687100492972,13.207130750570547,0.018087030049141528,27
139,13.160107523773828,13.206190286034612,0.006583251751540721,13.160107523773828,0.017386937576972405,27
140,13.160107523773828,13.236149888147786,0.15211430956802693,13.160107523773828,0.0166918280115953,27
141,13.160107523773828,13.219289569111076,0.10585448485376042,13.160107523773828,0.016001630922346743,27
142,13.160107523773828,13.202428427890874,0.014106968039015831,13.160107523773828,0.015316277361338337,27
143,13.160107523773828,13.19960703428307,0.017238999697363415,13.160107523773828,0.014635699822124648,27
144,13.160107523773828,13.193964247067463,0.021113376467266996,13.160107523773828,0.013959832199800903,27
145,13.160107523773828,13.185500066244055,0.023436255469262302,13.160107523773828,0.01328860975247148,27
146,13.160107523773828,13.174214491812842,0.021548749621704267,13.160107523773828,0.0126219690640344,27
147,13.160107523773828,13.166690775525371,0.01631644987576758,13.160107523773828,0.011959848008226526,27
148,13.160107523773828,13.162928917381633,0.011167397620412295,13.160107523773828,0.011302185713879864,27
149,13.160107523773828,13.16010752377383,1.7763568394002505e-15,13.160107523773828,0.010648922531340144,27
150,13.160107523773828,13.16010752377383,1.7763568394002505e-15,13.160107523773828,0.010000000000000009,27
0,18.134698994937583,20.520610486534018,1.0058338589445555,18.134698994937583,0.5,28
1,16.526368339802364,19.957489992869192,1.1979205635087808,16.526368339802364,0.4323055261972421,28
2,15.728270376461449,19.174290289276392,1.245866656982548,15.728270376461449,0.39270679751657805,28
3,15.728270376461449,18.530854105220413,1.384605571006723,15.728270376461449,0.3646110523944842,28
4,15.515756805667781,17.923327066791124,1.4496546963702903,15.515756805667781,0.34281829940875996,28
5,15.515756805667781,17.342120429950736,1.3332827992755278,15.515756805667781,0.3250123237138202,28
6,15.093584466786357,16.825099648571662,1.1889031825086722,15.093584466786357,0.3099575857737281,28
7,15.093584466786357,16.30639379685253,0.8531569654939429,15.093584466786357,0.2969165785917264,28
8,15.093584466786357,16.000376639505454,0.7249681620781286,15.093584466786357,0.2854135950331561,28
9,14.752272056851645,15.774905400960074,0.6670944714396605,14.752272056851645,0.275123825606002,28
10,14.752272056851645,15.546546892758817,0.48033541746724173,14.752272056851645,0.2658155969197252,28
11,14.752272056851645,15.42322618234321,0.4495530671406713,14.752272056851645,0.2573178499110623,28
12,14.485677655436824,15.301111508543984,0.444143728006448,14.485677655436824,0.24950068044161305,28
13,14.485677655436824,15.169798222289492,0.38746093521274977,14.485677655436824,0.24226311197097028,28
14,14.485677655436824,15.101151690783054,0.36558077181132953,14.485677655436824,0.23552509692533802,28
15,14.485677655436824,14.999042625144579,0.3295950440435097,14.485677655436824,0.22922210478896848,28
16,14.485677655436824,14.873219027684888,0.2743996190579503,14.485677655436824,0.22330135377323262,28
17,14.485677655436824,14.841878415570266,0.3665105897166565,14.485677655436824,0.21771912123039833,28
18,14.485677655436824,14.790373513704294,0.37642208545799644,14.485677655436824,0.2124387822251788,28
19,14.485677655436824,14.709317173476366,0.2559331776544301,14.485677655436824,0.20742935180324423,28
20,14.485677655436824,14.667760463881415,0.24298503746977143,14.485677655436824,0.20266438329030623,28
21,14.417800560721073,14.625329986723223,0.31563336929683006,14.417800560721073,0.19812112311696733,28
22,14.417800560721073,14.61616019142644,0.3522443131763265,14.417800560721073,0.1937798536705464,28
23,14.417800560721073,14.614797700295812,0.3862762481901494,14.417800560721073,0.18962337610830443,28
24,14.417800560721073,14.571699959747278,0.2558109162275767,14.417800560721073,0.18563659881751993,28
25,14.417800560721073,14.523726073929657,0.15173682316905768,14.417800560721073,0.18180620663885522,28
26,14.417800560721073,14.534266951098653,0.2072220529834164,14.417800560721073,0.17812039254973427,28
27,14.417800560721073,14.506958012388454,0.14861104255214788,14.417800560721073,0.17456863816821244,28
28,14.417800560721073,14.552618293552179,0.22153757534017438,14.417800560721073,0.17114153279104094,28
29,14.049509756796393,14.487194959684402,0.1473231974944409,14.049509756796393,0.16783062312258012,28
30,14.049509756796393,14.499027533301511,0.19958238572704787,14.049509756796393,0.1646282876527959,28
31,14.049509756796393,14.498433971714576,0.24692993030814983,14.049509756796393,0.16152763098621065,28
32,14.049509756796393,14.425604115248188,0.19802612494325766,14.049509756796393,0.15852239443630328,28
33,14.049509756796393,14.388048295144042,0.22659138601322804,14.049509756796393,0.1556068799704748,28
34,14.049509756796393,14.339817999899457,0.20267096237070023,14.049509756796393,0.15277588518248814,28
35,14.049509756796393,14.335207073057608,0.3233281686955715,14.049509756796393,0.15002464742764043,28
36,14.049509756796393,14.230744143727966,0.22100714720748563,14.049509756796393,0.14734879561374226,28
37,14.049509756796393,14.196729068587398,0.2302179479272153,14.049509756796393,0.14474430842242098,28
38,14.049509756796393,14.20496900233209,0.30256100285157617,14.049509756796393,0.14220747795819122,28
39,14.049509756796393,14.106172179286313,0.13066635751862782,14.049509756796393,0.13973487800048634,28
40,14.049509756796393,14.138109992345454,0.2604788236629642,14.049509756796393,0.1373233361764682,28
41,14.049509756796393,14.117073321479436,0.28316260267477106,14.049509756796393,0.1349699094875484,28
42,14.049509756796393,14.113055975417042,0.2778350209931035,14.049509756796393,0.13267186271599046,28
43,14.049509756796393,14.138331140620398,0.31905207770112165,14.049509756796393,0.1304266493142095,28
44,14.049509756796393,14.140011922369801,0.25290753324275417,14.049509756796393,0.12823189444191613,28
45,14.049509756796393,14.093592092446395,0.14587280300131922,14.049509756796393,0.1260853798677885,28
46,14.049509756796393,14.082266053413896,0.15698177541211653,14.049509756796393,0.12398503049501725,28
47,14.049509756796393,14.101512514589054,0.18672820314801214,14.049509756796393,0.1219289023055466,28
48,14.049509756796393,14.08024456198359,0.14971178083047038,14.049509756796393,0.11991517154745629,28
49,14.049509756796393,14.078777381086347,0.112328248602841,14.049509756796393,0.11794212501476203,28
50,14.049509756796393,14.134639374432806,0.2462422558727138,14.049509756796393,0.11600815128981068,28
51,14.049509756796393,14.190081694992438,0.3246106758617891,14.049509756796393,0.11411173283609738,28
52,14.049509756796393,14.151416153138298,0.2785252671977512,14.049509756796393,0.11225143884429051,28
53,14.029822128134704,14.135065771437747,0.24401376136800643,14.029822128134704,0.11042591874697638,28
54,14.029822128134704,14.113055392481224,0.21228455004055508,14.029822128134704,0.10863389632848514,28
55,14.029822128134704,14.097325674546875,0.17929040346728126,14.029822128134704,0.10687416436545444,28
56,14.029822128134704,14.13347029074945,0.2270596498128244,14.029822128134704,0.10514557974175692,28
57,14.029822128134704,14.130992605838374,0.23158884255009315,14.029822128134704,0.10344705898828305,28
58,14.029822128134704,14.10802273407525,0.2040391126063293,14.029822128134704,0.10177757420399913,28
59,13.866431913239847,14.125213410560423,0.23484756919999317,13.866431913239847,0.10013614931982229,28
60,13.866431913239847,14.160910332926399,0.3605982525611335,13.866431913239847,0.09852185667131119,28
61,13.866431913239847,14.065415638948128,0.1670520809058632,13.866431913239847,0.09693381385003808,28
62,13.795829710142188,14.041677536325574,0.16368065626676578,13.795829710142188,0.09537118080688434,28
63,13.795829710142188,14.021641581744785,0.18629335914938222,13.795829710142188,0.09383315718345281,28
64,13.795829710142188,13.99987528078178,0.19282639092890363,13.795829710142188,0.09231897985037307,28
65,13.795829710142188,13.959320277294774,0.18876591029185755,13.795829710142188,0.09082792063354544,28
66,13.795829710142188,13.934885476484073,0.19952400792228395,13.795829710142188,0.08935928421136363,28
67,13.795829710142188,13.861891605341695,0.09479416212019133,13.795829710142188,0.08791240616771684,28
68,13.795829710142188,13.860219274797473,0.14512450538298477,13.795829710142188,0.0864866511871244,28
69,13.795829710142188,13.908185912392065,0.30878347669288075,13.795829710142188,0.08508141137973013,28
70,13.71084400165827,13.911974555487356,0.3612108045828519,13.71084400165827,0.08369610472510458,28
71,13.71084400165827,13.868524606663946,0.2619521227818974,13.71084400165827,0.08233017362488254,28
72,13.71084400165827,13.86436660178969,0.2897607005489096,13.71084400165827,0.08098308355522937,28
73,13.71084400165827,13.805970015138882,0.12174456776205828,13.71084400165827,0.07965432181098431,28
74,13.71084400165827,13.805130436484758,0.13470835626139757,13.71084400165827,0.07834339633409798,28
75,13.71084400165827,13.803581457191283,0.12080580489918807,13.71084400165827,0.07704983461966303,28
76,13.71084400165827,13.802061035400584,0.1369585095473471,13.71084400165827,0.07577318269345334,28
77,13.71084400165827,13.77484170274136,0.11202427377430883,13.71084400165827,0.07451300415543333,28
78,13.593468988235944,13.77759687877327,0.19867373615744519,13.593468988235944,0.07326887928419568,28
79,13.593468988235944,13.716347286139449,0.0372491354065635,13.593468988235944,0.0720404041977285,28
80,13.593468988235944,13.725867767324903,0.1412888094154433,13.593468988235944,0.07082719006631227,28
81,13.593468988235944,13.745437215326238,0.23056214318196094,13.593468988235944,0.0696288623737103,28
82,13.593468988235944,13.69607385863011,0.14145873028640696,13.593468988235944,0.06844506022313707,28
83,13.593468988235944,13.678995610491768,0.13016027117365664,13.593468988235944,0.0672754356847905,28
84,13.593468988235944,13.665195408491186,0.2117401291616967,13.593468988235944,0.06611965318199253,28
85,13.593468988235944,13.628339594605983,0.11804118360866271,13.593468988235944,0.06497738891323263,28
86,13.593468988235944,13.627475428276432,0.14734777243576608,13.593468988235944,0.063848330307619,28
87,13.593468988235944,13.63408621697345,0.17195464362835564,13.593468988235944,0.06273217551145155,28
88,13.593468988235944,13.624560959306429,0.14076018862891587,13.593468988235944,0.06162863290380183,28
89,13.593468988235944,13.678478199493782,0.2959098072679824,13.593468988235944,0.060537420639158235,28
90,13.593468988235944,13.653099141178018,0.30517653638140285,13.593468988235944,0.05945826621534128,28
91,13.593468988235944,13.593468988235943,1.7763568394002505e-15,13.593468988235944,0.05839090606503061,28
92,13.593468988235944,13.601488382812454,0.05613576203557737,13.593468988235944,0.05733508516937402,28
93,13.593468988235944,13.597643066204109,0.029218545777165303,13.593468988235944,0.05629055669225935,28
94,13.593468988235944,13.597643066204109,0.029218545777165303,13.593468988235944,0.05525708163393872,28
95,13.593468988235944,13.593468988235943,1.7763568394002505e-15,13.593468988235944,0.054234428502788756,28
96,13.593468988235944,13.597516202674068,0.028330501066874136,13.593468988235944,0.05322237300407823,28
97,13.593468988235944,13.597516202674068,0.028330501066874136,13.593468988235944,0.0522206977446984,28
98,13.593468988235944,13.62244199538019,0.12204768195196315,13.593468988235944,0.05122919195288139,28
99,13.593468988235944,13.625501010806047,0.16460760593355064,13.593468988235944,0.050247651212004085,28
100,13.593468988235944,13.610660978941974,0.12034393494220681,13.593468988235944,0.04927587720763693,28
101,13.593468988235944,13.616287367960503,0.1597286580719135,13.593468988235944,0.0483136774870529,28
102,13.593468988235944,13.6405680832504,0.1896105779957701,13.593468988235944,0.047360865230468896,28
103,13.593468988235944,13.621000132408167,0.13337679187136378,13.593468988235944,0.046417259033339486,28
104,13.593468988235944,13.653235024831448,0.19220759866220694,13.593468988235944,0.04548268269906619,28
105,13.593468988235944,13.618893710387654,0.14911605382360923,13.593468988235944,0.044556965041532726,28
106,13.593468988235944,13.624456843217398,0.15967038288474786,13.593468988235944,0.043639939696910546,28
107,13.593468988235944,13.615060128675436,0.10580411194227858,13.593468988235944,0.04273144494421849,28
108,13.593468988235944,13.646019980144832,0.3016982900465335,13.593468988235944,0.041831323534151865,28
109,13.593468988235944,13.593468988235943,1.7763568394002505e-15,13.593468988235944,0.04093942252572724,28
110,13.593468988235944,13.593468988235943,1.7763568394002505e-15,13.593468988235944,0.04005559313032031,28
111,13.593468988235944,13.593468988235943,1.7763568394002505e-15,13.593468988235944,0.03917969056269671,28
112,13.593468988235944,13.593468988235943,1.7763568394002505e-15,13.593468988235944,0.03831157389866463,28
113,13.593468988235944,13.622942940811418,0.14646447593022432,13.593468988235944,0.037451105938998974,28
114,13.593468988235944,13.623624659285811,0.14923710372491533,13.593468988235944,0.036598153079306306,28
115,13.593468988235944,13.626166216654633,0.12378987632358557,13.593468988235944,0.03575258518552521,28
116,13.593468988235944,13.604514634692514,0.07731952519601037,13.593468988235944,0.034914275474769274,28
117,13.593468988235944,13.645130409069845,0.2013158885942017,13.593468988235944,0.03408310040124124,28
118,13.593468988235944,13.66737391725108,0.2474349463554723,13.593468988235944,0.03325893954696074,28
119,13.593468988235944,13.625445886768189,0.14722700535624111,13.593468988235944,0.03244167551706445,28
120,13.593468988235944,13.607238303055187,0.09638520373471185,13.593468988235944,0.0316311938394504,28
121,13.593468988235944,13.614455364349475,0.14690463279470817,13.593468988235944,0.0308273828685533,28
122,13.593468988235944,13.614455364349475,0.1469046327947082,13.593468988235944,0.0300301336930463,28
123,13.593468988235944,13.629884838494045,0.254910951806721,13.593468988235944,0.029239340047280238,28
124,13.593468988235944,13.629884838494045,0.254910951806721,13.593468988235944,0.02845489822627978,28
125,13.593468988235944,13.593468988235943,1.7763568394002505e-15,13.593468988235944,0.027676707004126444,28
126,13.593468988235944,13.593468988235943,1.7763568394002505e-15,13.593468988235944,0.02690466755556653,28
127,13.593468988235944,13.601115961112264,0.05352881013423825,13.593468988235944,0.026138683380694916,28
128,13.593468988235944,13.609559592458414,0.11263422955727818,13.593468988235944,0.025378660232568573,28
129,13.593468988235944,13.593468988235943,1.7763568394002505e-15,13.593468988235944,0.02462450604761518,28
130,13.593468988235944,13.593468988235943,1.7763568394002505e-15,13.593468988235944,0.023876130878708435,28
131,13.593468988235944,13.622946946170732,0.2063457055435341,13.593468988235944,0.023133446830787552,28
132,13.593468988235944,13.635228908040181,0.22191425971832962,13.593468988235944,0.022396367998906985,28
133,13.593468988235944,13.658151684384201,0.2703306533733981,13.593468988235944,0.02166481040860574,28
134,13.593468988235944,13.597643066204109,0.029218545777165303,13.593468988235944,0.020938691958494182,28
135,13.593468988235944,13.605290039080428,0.06045840561664861,13.593468988235944,0.020217932364959,28
136,13.593468988235944,13.600211767291066,0.033994007391548633,13.593468988235944,0.019502453108893703,28
137,13.593468988235944,13.609640204627771,0.08835272843808023,13.593468988235944,0.01879217738436656,28
138,13.593468988235944,13.626452502773136,0.1677201639801524,13.593468988235944,0.018087030049141528,28
139,13.593468988235944,13.605466126659607,0.08397996896564897,13.593468988235944,0.017386937576972405,28
140,13.593468988235944,13.593468988235943,1.7763568394002505e-15,13.593468988235944,0.0166918280115953,28
141,13.593468988235944,13.593468988235943,1.7763568394002505e-15,13.593468988235944,0.016001630922346743,28
142,13.593468988235944,13.607238303055187,0.09638520373471185,13.593468988235944,0.015316277361338337,28
143,13.593468988235944,13.612201983399025,0.10178743807357951,13.593468988235944,0.014635699822124648,28
144,13.593468988235944,13.607238303055187,0.09638520373471185,13.593468988235944,0.013959832199800903,28
145,13.593468988235944,13.593468988235943,1.7763568394002505e-15,13.593468988235944,0.01328860975247148,28
146,13.593468988235944,13.593468988235943,1.7763568394002505e-15,13.593468988235944,0.0126219690640344,28
147,13.593468988235944,13.608410176954449,0.07520408407974906,13.593468988235944,0.011959848008226526,28
148,13.593468988235944,13.593468988235943,1.7763568394002505e-15,13.593468988235944,0.011302185713879864,28
149,13.593468988235944,13.593468988235943,1.7763568394002505e-15,13.593468988235944,0.010648922531340144,28
150,13.593468988235944,13.593468988235943,1.7763568394002505e-15,13.593468988235944,0.010000000000000009,28
0,19.0,20.762932305450807,0.7955450330052437,19.0,0.5,29
1,18.32763633939717,20.246051984058656,0.9267093311039929,18.32763633939717,0.4323055261972421,29
2,16.406137047074843,19.65444556259004,1.1663118342063403,16.406137047074843,0.39270679751657805,29
3,16.117461885320132,18.83462068567117,1.3316637884522946,16.117461885320132,0.3646110523944842,29
4,16.06767050061961,18.29579183784274,1.3114267167761289,16.06767050061961,0.34281829940875996,29
5,16.06767050061961,17.62951534083006,1.1888148039270032,16.06767050061961,0.3250123237138202,29
6,15.70199920063936,17.058218245940335,0.9794330335223603,15.70199920063936,0.3099575857737281,29
7,15.70199920063936,16.799413511771203,0.8540468339355834,15.70199920063936,0.2969165785917264,29
8,15.70199920063936,16.450592828649484,0.5716687086031976,15.70199920063936,0.2854135950331561,29
9,15.270540018881466,16.256918871148283,0.4815666977935814,15.270540018881466,0.275123825606002,29
10,14.937663853655728,16.101360029744356,0.4954386337513026,14.937663853655728,0.2658155969197252,29
11,15.141186241925155,15.909863991064396,0.4023842840149543,14.937663853655728,0.2573178499110623,29
12,15.141186241925155,15.754783406396559,0.354946775864418,14.937663853655728,0.24950068044161305,29
13,14.617935662402834,15.623379255621778,0.3713264948846603,14.617935662402834,0.24226311197097028,29
14,14.617935662402834,15.483993251667671,0.400850007405035,14.617935662402834,0.23552509692533802,29
15,14.617935662402834,15.400746296950935,0.439442766083982,14.617935662402834,0.22922210478896848,29
16,14.617935662402834,15.287107886212384,0.39169012122921515,14.617935662402834,0.22330135377323262,29
17,14.588435821108957,15.188240219487854,0.411088875397811,14.588435821108957,0.21771912123039833,29
18,14.588435821108957,15.050119637575119,0.37717925855514833,14.588435821108957,0.2124387822251788,29
19,14.496150997149435,14.922279780965432,0.3625115054406158,14.496150997149435,0.20742935180324423,29
20,14.417800560721073,14.860171662805813,0.4803103583806471,14.417800560721073,0.20266438329030623,29
21,14.337211521390788,14.857510005751008,0.5883118594374436,14.337211521390788,0.19812112311696733,29
22,14.190890230020663,14.764063827784565,0.5502521033050145,14.190890230020663,0.1937798536705464,29
23,14.190890230020663,14.754757920411464,0.5806530355644535,14.190890230020663,0.18962337610830443,29
24,13.93469899493758,14.688404064769415,0.5808813073197843,13.93469899493758,0.18563659881751993,29
25,13.93469899493758,14.611362494719748,0.5414926616196754,13.93469899493758,0.18180620663885522,29
26,13.93469899493758,14.523524341461052,0.4777086076632451,13.93469899493758,0.17812039254973427,29
27,13.93469899493758,14.35487836467575,0.2730932170880398,13.93469899493758,0.17456863816821244,29
28,13.93469899493758,14.374407579620442,0.49222708526589865,13.93469899493758,0.17114153279104094,29
29,13.93469899493758,14.250693469816316,0.33448166058175344,13.93469899493758,0.16783062312258012,29
30,13.93469899493758,14.181447263946838,0.2945579487992309,13.93469899493758,0.1646282876527959,29
31,13.897366596101028,14.202063994659468,0.44847007349961493,13.897366596101028,0.16152763098621065,29
32,13.897366596101028,14.05138966043786,0.19318549158975806,13.897366596101028,0.15852239443630328,29
33,13.754723699099141,14.029963719692669,0.19617276380664195,13.754723699099141,0.1556068799704748,29
34,13.754723699099141,14.070505685506413,0.31968000825800935,13.754723699099141,0.15277588518248814,29
35,13.754723699099141,13.9943403120657,0.26442177385491716,13.754723699099141,0.15002464742764043,29
36,13.754723699099141,13.969582907729407,0.17939997075214476,13.754723699099141,0.14734879561374226,29
37,13.754723699099141,13.971112382094258,0.18156121803960068,13.754723699099141,0.14474430842242098,29
38,13.754723699099141,13.988093108401813,0.21171402666532493,13.754723699099141,0.14220747795819122,29
39,13.754723699099141,13.953251892170567,0.24808188885505494,13.754723699099141,0.13973487800048634,29
40,13.524807680927193,13.932255473020055,0.31244880609191394,13.524807680927193,0.1373233361764682,29
41,13.524807680927193,13.87953155489803,0.20225797134165727,13.524807680927193,0.1349699094875484,29
42,13.524807680927193,13.876968674867403,0.28502584970362976,13.524807680927193,0.13267186271599046,29
43,13.524807680927193,13.817362600838473,0.1970856121672777,13.524807680927193,0.1304266493142095,29
44,13.524807680927193,13.747614277730836,0.15434525551703668,13.524807680927193,0.12823189444191613,29
45,13.524807680927193,13.702957121083337,0.2238988492527636,13.524807680927193,0.1260853798677885,29
46,13.429705854077836,13.658060400421368,0.2539868519029071,13.429705854077836,0.12398503049501725,29
47,13.429705854077836,13.675681575881272,0.4324404618390656,13.429705854077836,0.1219289023055466,29
48,13.429705854077836,13.613261451443734,0.2505632947569869,13.429705854077836,0.11991517154745629,29
49,13.429705854077836,13.552774728988544,0.1328808875172584,13.429705854077836,0.11794212501476203,29
50,13.429705854077836,13.541479111244836,0.16323473129212399,13.429705854077836,0.11600815128981068,29
51,13.429705854077836,13.559039977308982,0.21097157113052972,13.429705854077836,0.11411173283609738,29
52,13.429705854077836,13.540848627690114,0.2042515257922972,13.429705854077836,0.11225143884429051,29
53,13.429705854077836,13.581359418244238,0.3925230379301734,13.429705854077836,0.11042591874697638,29
54,13.429705854077836,13.549453847656087,0.4205515957612128,13.429705854077836,0.10863389632848514,29
55,13.429705854077836,13.526001421583896,0.31300089929720887,13.429705854077836,0.10687416436545444,29
56,13.429705854077836,13.498441081990347,0.20227249044174153,13.429705854077836,0.10514557974175692,29
57,13.135270009440731,13.495997087636727,0.32791437372035653,13.135270009440731,0.10344705898828305,29
58,13.135270009440731,13.511686489764049,0.30266743350802805,13.135270009440731,0.10177757420399913,29
59,13.135270009440731,13.429307596575818,0.18770818329151037,13.135270009440731,0.10013614931982229,29
60,13.135270009440731,13.45061150682249,0.3374431512858728,13.135270009440731,0.09852185667131119,29
61,13.135270009440731,13.361224520735199,0.1744590584339602,13.135270009440731,0.09693381385003808,29
62,13.135270009440731,13.459977438598141,0.538856321444094,13.135270009440731,0.09537118080688434,29
63,13.135270009440731,13.297833808772038,0.36339953109604756,13.135270009440731,0.09383315718345281,29
64,13.135270009440731,13.264021779538943,0.35892704138647985,13.135270009440731,0.09231897985037307,29
65,13.135270009440731,13.195679389867529,0.1271515461946955,13.135270009440731,0.09082792063354544,29
66,13.135270009440731,13.295925558434368,0.5305432710324655,13.135270009440731,0.08935928421136363,29
67,13.135270009440731,13.35243986531618,0.6285850256236103,13.135270009440731,0.08791240616771684,29
68,13.12664991614216,13.238397457321758,0.32847630704807773,13.12664991614216,0.0864866511871244,29
69,13.12664991614216,13.167152315431629,0.12958502061890134,13.12664991614216,0.08508141137973013,29
70,13.12664991614216,13.17167020901505,0.13404709838825848,13.12664991614216,0.08369610472510458,29
71,13.12664991614216,13.217246900079981,0.3309104501904909,13.12664991614216,0.08233017362488254,29
72,13.12664991614216,13.135232551091136,0.008875300569916554,13.12664991614216,0.08098308355522937,29
73,13.12664991614216,13.135220369851735,0.014889121447329002,13.12664991614216,0.07965432181098431,29
74,13.12664991614216,13.147591078212077,0.1047929375427626,13.12664991614216,0.07834339633409798,29
75,13.12664991614216,13.168836014737627,0.16523168887138842,13.12664991614216,0.07704983461966303,29
76,13.12664991614216,13.14889689990548,0.09592036125546209,13.12664991614216,0.07577318269345334,29
77,13.12664991614216,13.128373934801873,0.003448037319428465,13.12664991614216,0.07451300415543333,29
78,13.12664991614216,13.15031076009714,0.10229538081715443,13.12664991614216,0.07326887928419568,29
79,13.12664991614216,13.130002897699944,0.019882080874782534,13.12664991614216,0.0720404041977285,29
80,13.12664991614216,13.144565190728919,0.1070078882285169,13.12664991614216,0.07082719006631227,29
81,13.12664991614216,13.160778664874988,0.20032472029762696,13.12664991614216,0.0696288623737103,29
82,13.12664991614216,13.14282523082744,0.11322720279697442,13.12664991614216,0.06844506022313707,29
83,13.12664991614216,13.164393797834052,0.15851128471242884,13.12664991614216,0.0672754356847905,29
84,13.12664991614216,13.163213721154413,0.15235222091846432,13.12664991614216,0.06611965318199253,29
85,13.12664991614216,13.134086778342116,0.04703687758291065,13.12664991614216,0.06497738891323263,29
86,13.12664991614216,13.140735930679917,0.09860210176429868,13.12664991614216,0.063848330307619,29
87,13.12664991614216,13.181274200485655,0.24274938288674464,13.12664991614216,0.06273217551145155,29
88,13.12664991614216,13.13647563106737,0.06878000447649439,13.12664991614216,0.06162863290380183,29
89,13.12664991614216,13.207946276476875,0.34357887519375546,13.12664991614216,0.060537420639158235,29
90,13.12664991614216,13.181413911954888,0.28780372263724635,13.12664991614216,0.05945826621534128,29
91,13.12664991614216,13.181413911954888,0.2878037226372464,13.12664991614216,0.05839090606503061,29
92,13.12664991614216,13.132711034900872,0.042427831310994694,13.12664991614216,0.05733508516937402,29
93,13.119803902718557,13.198429485160439,0.27291362580283457,13.119803902718557,0.05629055669225935,29
94,13.119803902718557,13.19771011823498,0.27854930541789874,13.119803902718557,0.05525708163393872,29
95,13.119803902718557,13.137172558075262,0.076609730797524,13.119803902718557,0.054234428502788756,29
96,13.119803902718557,13.13647791677243,0.07469705984693219,13.119803902718557,0.05322237300407823,29
97,13.119803902718557,13.137146888342484,0.08232266085113481,13.119803902718557,0.0522206977446984,29
98,12.988409872672513,13.133560565862261,0.08501341174060004,12.988409872672513,0.05122919195288139,29
99,12.988409872672513,13.138070385780072,0.11871070851907926,12.988409872672513,0.050247651212004085,29
100,12.988409872672513,13.133968582606705,0.1010138324936266,12.988409872672513,0.04927587720763693,29
101,12.988409872672513,13.13216474011923,0.188285981386656,12.988409872672513,0.0483136774870529,29
102,12.988409872672513,13.083561255379552,0.05936538943468389,12.988409872672513,0.047360865230468896,29
103,12.988409872672513,13.087195973433602,0.15016741195563166,12.988409872672513,0.046417259033339486,29
104,12.988409872672513,13.03833960409001,0.06377688100431159,12.988409872672513,0.04548268269906619,29
105,12.988409872672513,13.04872519353345,0.18703331314951793,12.988409872672513,0.044556965041532726,29
106,12.988409872672513,13.029183146790356,0.16443757340142262,12.988409872672513,0.043639939696910546,29
107,12.988409872672513,12.996293514475278,0.03120435321922532,12.988409872672513,0.04273144494421849,29
108,12.988409872672513,13.025276707513093,0.16820761328227754,12.988409872672513,0.041831323534151865,29
109,12.988409872672513,13.054571362339843,0.31356699777977853,12.988409872672513,0.04093942252572724,29
110,12.988409872672513,13.013345732868029,0.13077530891020736,12.988409872672513,0.04005559313032031,29
111,12.988409872672513,13.051913635696467,0.3028563043507139,12.988409872672513,0.03917969056269671,29
112,12.988409872672513,13.043742028710064,0.2969981833862437,12.988409872672513,0.03831157389866463,29
113,12.988409872672513,13.043742028710064,0.2969981833862437,12.988409872672513,0.037451105938998974,29
114,12.988409872672513,13.03904840047785,0.26669303343573914,12.988409872672513,0.036598153079306306,29
115,12.988409872672513,13.03904840047785,0.26669303343573914,12.988409872672513,0.03575258518552521,29
116,12.880624847486569,13.099845634280046,0.40081043229351526,12.880624847486569,0.034914275474769274,29
117,12.880624847486569,13.016731489587848,0.1623184919739374,12.880624847486569,0.03408310040124124,29
118,12.880624847486569,12.979787070657638,0.02924134432202155,12.880624847486569,0.03325893954696074,29
119,12.880624847486569,12.973319969146482,0.03740000592489095,12.880624847486569,0.03244167551706445,29
120,12.880624847486569,12.966461868167,0.07848149475964848,12.880624847486569,0.0316311938394504,29
121,12.880624847486569,12.94314016209442,0.05319821612606849,12.880624847486569,0.0308273828685533,29
122,12.880624847486569,12.971459247561851,0.25482467935498165,12.880624847486569,0.0300301336930463,29
123,12.880624847486569,12.920905836849906,0.09439057020197945,12.880624847486569,0.029239340047280238,29
124,12.880624847486569,12.908809907009463,0.11058547381222013,12.880624847486569,0.02845489822627978,29
125,12.880624847486569,12.882780547990292,0.01508990352603213,12.880624847486569,0.027676707004126444,29
126,12.880624847486569,12.93504280594158,0.30563374903427576,12.880624847486569,0.02690466755556653,29
127,12.880624847486569,12.892887105437858,0.08583580565900963,12.880624847486569,0.026138683380694916,29
128,12.880624847486569,12.909333381219978,0.1421899010097151,12.880624847486569,0.025378660232568573,29
129,12.880624847486569,12.90933338121998,0.14218990100971513,12.880624847486569,0.02462450604761518,29
130,12.880624847486569,12.90933338121998,0.14218990100971513,12.880624847486569,0.023876130878708435,29
131,12.880624847486569,12.892887105437858,0.08583580565900963,12.880624847486569,0.023133446830787552,29
132,12.880624847486569,12.892887105437858,0.08583580565900963,12.880624847486569,0.022396367998906985,29
133,12.880624847486569,12.899149363389148,0.09558129809849499,12.880624847486569,0.02166481040860574,29
134,12.880624847486569,12.886887105437859,0.04383580565900953,12.880624847486569,0.020938691958494182,29
135,12.880624847486569,12.897071123268693,0.1151239304748499,12.880624847486569,0.020217932364959,29
136,12.880624847486569,12.90933338121998,0.14218990100971513,12.880624847486569,0.019502453108893703,29
137,12.880624847486569,12.892887105437858,0.08583580565900963,12.880624847486569,0.01879217738436656,29
138,12.880624847486569,12.880624847486573,3.552713678800501e-15,12.880624847486569,0.018087030049141528,29
139,12.880624847486569,12.914167867903336,0.16906522439121088,12.880624847486569,0.017386937576972405,29
140,12.880624847486569,12.893421651605014,0.08957762882907389,12.880624847486569,0.0166918280115953,29
141,12.880624847486569,12.893421651605014,0.08957762882907389,12.880624847486569,0.016001630922346743,29
142,12.880624847486569,12.91180915465528,0.15530763725546348,12.880624847486569,0.015316277361338337,29
143,12.880624847486569,12.899012350536841,0.12871252135188044,12.880624847486569,0.014635699822124648,29
144,12.880624847486569,12.903022630188794,0.1311772461044566,12.880624847486569,0.013959832199800903,29
145,12.880624847486569,12.884635127138527,0.028071957563666816,12.880624847486569,0.01328860975247148,29
146,12.880624847486569,12.884635127138525,0.028071957563666816,12.880624847486569,0.0126219690640344,29
147,12.880624847486569,12.884635127138525,0.028071957563666816,12.880624847486569,0.011959848008226526,29
148,12.880624847486569,12.880624847486573,3.552713678800501e-15,12.880624847486569,0.011302185713879864,29
149,12.880624847486569,12.883343852313047,0.019033033785323707,12.880624847486569,0.010648922531340144,29
150,12.880624847486569,12.880624847486573,3.552713678800501e-15,12.880624847486569,0.010000000000000009,29
0,19.09544511501033,20.868412513535958,0.9947689350846427,19.09544511501033,0.5,30
1,18.56287388383278,20.46010601932061,0.9248848891507033,18.56287388383278,0.4323055261972421,30
2,16.036877428271623,19.966104399187323,1.2121022869416573,16.036877428271623,0.39270679751657805,30
3,15.776575213227444,19.081939186440227,1.5331606415650547,15.776575213227444,0.3646110523944842,30
4,15.776575213227444,18.196071500217712,1.4943398297225208,15.776575213227444,0.34281829940875996,30
5,15.776575213227444,17.474966636894877,1.3863845594709017,15.776575213227444,0.3250123237138202,30
6,15.707130750570547,16.856966756434748,1.0454118419274379,15.707130750570547,0.3099575857737281,30
7,15.707130750570547,16.404182074280865,0.6164723565869349,15.707130750570547,0.2969165785917264,30
8,15.427566688249707,16.165018199385273,0.38470147849903,15.427566688249707,0.2854135950331561,30
9,15.427566688249707,16.082639027780424,0.3879026549294606,15.427566688249707,0.275123825606002,30
10,15.427566688249707,15.91310504848977,0.33050753230287666,15.427566688249707,0.2658155969197252,30
11,14.799999999999999,15.87450377865007,0.4823140431720097,14.799999999999999,0.2573178499110623,30
12,14.799999999999999,15.741770186934696,0.3964370588100434,14.799999999999999,0.24950068044161305,30
13,14.799999999999999,15.613906412026244,0.4068656898455707,14.799999999999999,0.24226311197097028,30
14,14.799999999999999,15.489893795066092,0.5765573519804517,14.799999999999999,0.23552509692533802,30
15,14.799999999999999,15.387829876406034,0.6353582265397774,14.799999999999999,0.22922210478896848,30
16,14.307878402833891,15.275488900046938,0.5997829673550332,14.307878402833891,0.22330135377323262,30
17,14.307878402833891,15.174003645608243,0.5575696957200139,14.307878402833891,0.21771912123039833,30
18,14.088409872672514,14.952721052069549,0.5250587168867982,14.088409872672514,0.2124387822251788,30
19,14.088409872672514,14.875663332897295,0.5285000828879974,14.088409872672514,0.20742935180324423,30
20,14.088409872672514,14.787246487268671,0.5590513747074182,14.088409872672514,0.20266438329030623,30
21,13.927566688249707,14.608195586122726,0.5336116086374009,13.927566688249707,0.19812112311696733,30
22,13.927566688249707,14.401101580388431,0.3102092670933865,13.927566688249707,0.1937798536705464,30
23,13.6431676725155,14.420953169319171,0.4686811591408903,13.6431676725155,0.18962337610830443,30
24,13.6431676725155,14.325580622374927,0.4243860751600353,13.6431676725155,0.18563659881751993,30
25,13.6431676725155,14.232183370611704,0.3046673670195504,13.6431676725155,0.18180620663885522,30
26,13.6431676725155,14.205635210371446,0.3408533462514209,13.6431676725155,0.17812039254973427,30
27,13.492838827718412,14.118647915074508,0.348873622161627,13.492838827718412,0.17456863816821244,30
28,13.492838827718412,14.014369402579526,0.3273212301757937,13.492838827718412,0.17114153279104094,30
29,13.492838827718412,13.932008679127323,0.310046241869509,13.492838827718412,0.16783062312258012,30
30,13.336229149573722,13.941600274790426,0.37974891075496137,13.336229149573722,0.1646282876527959,30
31,13.336229149573722,13.969310744527279,0.6686647254567737,13.336229149573722,0.16152763098621065,30
32,13.336229149573722,13.83523458973272,0.5723353188871283,13.336229149573722,0.15852239443630328,30
33,13.336229149573722,13.774519330549504,0.39977550835136966,13.336229149573722,0.1556068799704748,30
34,13.336229149573722,13.70877011318106,0.3897249938990082,13.336229149573722,0.15277588518248814,30
35,13.336229149573722,13.679430146735388,0.352547963573005,13.336229149573722,0.15002464742764043,30
36,13.336229149573722,13.734575772532047,0.6325894711836101,13.336229149573722,0.14734879561374226,30
37,13.30384048104053,13.676869361957921,0.5818689318849005,13.30384048104053,0.14474430842242098,30
38,13.30384048104053,13.530414222800639,0.2676991374084619,13.30384048104053,0.14220747795819122,30
39,13.30384048104053,13.507363314184918,0.3437119756808148,13.30384048104053,0.13973487800048634,30
40,13.30384048104053,13.429275177115976,0.1878960784117317,13.30384048104053,0.1373233361764682,30
41,13.30384048104053,13.54477892364085,0.6713512357483269,13.30384048104053,0.1349699094875484,30
42,13.30384048104053,13.48612973592648,0.6026535872219482,13.30384048104053,0.13267186271599046,30
43,13.30384048104053,13.439064720083136,0.2801004414697114,13.30384048104053,0.1304266493142095,30
44,13.299999999999999,13.391893501864788,0.19137808438073475,13.299999999999999,0.12823189444191613,30
45,13.299999999999999,13.396759231519844,0.24316266552910273,13.299999999999999,0.1260853798677885,30
46,13.299999999999999,13.41681377458054,0.39165552736045944,13.299999999999999,0.12398503049501725,30
47,13.299999999999999,13.432936059907359,0.42727785058501855,13.299999999999999,0.1219289023055466,30
48,13.299999999999999,13.514987773645544,0.620698592640199,13.299999999999999,0.11991517154745629,30
49,13.299999999999999,13.428606864967346,0.4839571898685562,13.299999999999999,0.11794212501476203,30
50,13.299999999999999,13.42312383424053,0.6204227147844317,13.299999999999999,0.11600815128981068,30
51,13.299999999999999,13.447566654258399,0.6240241167900638,13.299999999999999,0.11411173283609738,30
52,13.299999999999999,13.484906543802744,0.6516516348534476,13.299999999999999,0.11225143884429051,30
53,13.256465996625053,13.438226912560294,0.5063509153752535,13.256465996625053,0.11042591874697638,30
54,13.256465996625053,13.363675041957299,0.19999695274151766,13.256465996625053,0.10863389632848514,30
55,13.256465996625053,13.354742079676885,0.187948107276924,13.256465996625053,0.10687416436545444,30
56,13.256465996625053,13.345174559981306,0.16659216580465702,13.256465996625053,0.10514557974175692,30
57,13.256465996625053,13.342826983613454,0.20905148365283938,13.256465996625053,0.10344705898828305,30
58,13.179795897113271,13.441957619572726,0.4361476129659687,13.179795897113271,0.10177757420399913,30
59,13.179795897113271,13.365541015733152,0.31503976451880117,13.179795897113271,0.10013614931982229,30
60,13.179795897113271,13.292937833347377,0.13456548650219846,13.179795897113271,0.09852185667131119,30
61,13.179795897113271,13.409469533265753,0.5077730060115209,13.179795897113271,0.09693381385003808,30
62,13.179795897113271,13.489436811969915,0.69199967611417,13.179795897113271,0.09537118080688434,30
63,13.179795897113271,13.389644607822065,0.520963693533076,13.179795897113271,0.09383315718345281,30
64,13.179795897113271,13.30515497985097,0.2984709116164737,13.179795897113271,0.09231897985037307,30
65,13.179795897113271,13.330660411727907,0.4756729536277876,13.179795897113271,0.09082792063354544,30
66,12.774596669241483,13.288472101181297,0.33477524280441295,12.774596669241483,0.08935928421136363,30
67,12.774596669241483,13.233184051605447,0.2585518012526636,12.774596669241483,0.08791240616771684,30
68,12.774596669241483,13.242361191525198,0.3427828702998755,12.774596669241483,0.0864866511871244,30
69,12.774596669241483,13.17730774109416,0.42916399712464903,12.774596669241483,0.08508141137973013,30
70,12.774596669241483,13.024919436978632,0.19123268128975351,12.774596669241483,0.08369610472510458,30
71,12.774596669241483,12.975958466889189,0.2319627666189064,12.774596669241483,0.08233017362488254,30
72,12.774596669241483,12.949511356404143,0.2914278961089982,12.774596669241483,0.08098308355522937,30
73,12.774596669241483,12.89445974953473,0.19974845920194087,12.774596669241483,0.07965432181098431,30
74,12.774596669241483,12.858831689148337,0.16794385381512722,12.774596669241483,0.07834339633409798,30
75,12.774596669241483,12.819824571077124,0.1338922335780267,12.774596669241483,0.07704983461966303,30
76,12.774596669241483,12.846152787993706,0.22608580442931056,12.774596669241483,0.07577318269345334,30
77,12.774596669241483,12.888583341537,0.3286723941211939,12.774596669241483,0.07451300415543333,30
78,12.774596669241483,12.830647972767387,0.2585508647480443,12.774596669241483,0.07326887928419568,30
79,12.774596669241483,12.834188045533724,0.20261823170094143,12.774596669241483,0.0720404041977285,30
80,12.774596669241483,12.796413370948176,0.11049746781159078,12.774596669241483,0.07082719006631227,30
81,12.774596669241483,12.794028067706073,0.09654876659111392,12.774596669241483,0.0696288623737103,30
82,12.774596669241483,12.833125085115553,0.2524253692090775,12.774596669241483,0.06844506022313707,30
83,12.774596669241483,12.84262694969134,0.31015206989858446,12.774596669241483,0.0672754356847905,30
84,12.774596669241483,12.828273201745196,0.29493691288457,12.774596669241483,0.06611965318199253,30
85,12.774596669241483,12.860954966435534,0.35854973535216544,12.774596669241483,0.06497738891323263,30
86,12.774596669241483,12.805541330304608,0.200197839057787,12.774596669241483,0.063848330307619,30
87,12.48309518948453,12.817899566510283,0.2485170769936981,12.48309518948453,0.06273217551145155,30
88,12.48309518948453,12.783521486287187,0.15654433439525392,12.48309518948453,0.06162863290380183,30
89,12.48309518948453,12.847718796642262,0.36758901758666035,12.48309518948453,0.060537420639158235,30
90,12.48309518948453,12.776947930529495,0.25764564401162804,12.48309518948453,0.05945826621534128,30
91,12.48309518948453,12.693956315514187,0.14952091350938115,12.48309518948453,0.05839090606503061,30
92,12.48309518948453,12.714144787132414,0.3879511125110732,12.48309518948453,0.05733508516937402,30
93,12.48309518948453,12.593519965775604,0.15197982093588228,12.48309518948453,0.05629055669225935,30
94,12.48309518948453,12.56859829137059,0.15862413257130628,12.48309518948453,0.05525708163393872,30
95,12.48309518948453,12.539448143394898,0.14422007204846524,12.48309518948453,0.054234428502788756,30
96,12.48309518948453,12.525563360605938,0.1592055492991466,12.48309518948453,0.05322237300407823,30
97,12.48309518948453,12.48892521907967,0.04081020716597336,12.48309518948453,0.0522206977446984,30
98,12.48309518948453,12.497499878451585,0.1008328227693865,12.48309518948453,0.05122919195288139,30
99,12.48309518948453,12.48309518948453,0.0,12.48309518948453,0.050247651212004085,30
100,12.48309518948453,12.498731506976187,0.10945422244159508,12.48309518948453,0.04927587720763693,30
101,12.48309518948453,12.540809031006216,0.4039968906518016,12.48309518948453,0.0483136774870529,30
102,12.48309518948453,12.540809031006216,0.40399689065180167,12.48309518948453,0.047360865230468896,30
103,12.48309518948453,12.556413626377946,0.4163459520720628,12.48309518948453,0.046417259033339486,30
104,12.48309518948453,12.521285957875842,0.19032444832174536,12.48309518948453,0.04548268269906619,30
105,12.48309518948453,12.513585118057561,0.14941282179609366,12.48309518948453,0.044556965041532726,30
106,12.48309518948453,12.50564242647552,0.11621324285073212,12.48309518948453,0.043639939696910546,30
107,12.48309518948453,12.51669978485626,0.13901421205214629,12.48309518948453,0.04273144494421849,30
108,12.48309518948453,12.497980522685829,0.10419733240910564,12.48309518948453,0.041831323534151865,30
109,12.48309518948453,12.507801933669686,0.12365775229700804,12.48309518948453,0.04093942252572724,30
110,12.48309518948453,12.543763867151831,0.30020220638038714,12.48309518948453,0.04005559313032031,30
111,12.48309518948453,12.52295086256357,0.16877649183827453,12.48309518948453,0.03917969056269671,30
112,12.48309518948453,12.616994963491257,0.5601868946320122,12.48309518948453,0.03831157389866463,30
113,12.48309518948453,12.570086486876967,0.5078276666817,12.48309518948453,0.037451105938998974,30
114,12.48309518948453,12.585015843369252,0.5159582245151194,12.48309518948453,0.036598153079306306,30
115,12.48309518948453,12.51390330141566,0.15100294108811083,12.48309518948453,0.03575258518552521,30
116,12.48309518948453,12.512422173211647,0.2052888860898216,12.48309518948453,0.034914275474769274,30
117,12.48309518948453,12.48309518948453,0.0,12.48309518948453,0.03408310040124124,30
118,12.48309518948453,12.48309518948453,0.0,12.48309518948453,0.03325893954696074,30
119,12.48309518948453,12.539384615541826,0.3059821939283783,12.48309518948453,0.03244167551706445,30
120,12.48309518948453,12.539384615541826,0.3059821939283783,12.48309518948453,0.0316311938394504,30
121,12.48309518948453,12.551655970846328,0.3156300521126094,12.48309518948453,0.0308273828685533,30
122,12.48309518948453,12.530392400488617,0.2581333187639978,12.48309518948453,0.0300301336930463,30
123,12.48309518948453,12.491599377642029,0.05952931710248983,12.48309518948453,0.029239340047280238,30
124,12.48309518948453,12.498973944923378,0.11115128807193193,12.48309518948453,0.02845489822627978,30
125,12.48309518948453,12.522668001096495,0.16243972639602966,12.48309518948453,0.027676707004126444,30
126,12.48309518948453,12.512747636907848,0.14564753901216174,12.48309518948453,0.02690466755556653,30
127,12.48309518948453,12.512411628213396,0.14389275444730257,12.48309518948453,0.026138683380694916,30
128,12.48309518948453,12.51584815944248,0.22927078970565146,12.48309518948453,0.025378660232568573,30
129,12.48309518948453,12.587438601467786,0.5468179531598769,12.48309518948453,0.02462450604761518,30
130,12.48309518948453,12.524568067569335,0.23605019026410906,12.48309518948453,0.023876130878708435,30
131,12.48309518948453,12.491815097611385,0.061039356887986715,12.48309518948453,0.023133446830787552,30
132,12.48309518948453,12.544179802647584,0.4275922921413836,12.48309518948453,0.022396367998906985,30
133,12.48309518948453,12.48309518948453,0.0,12.48309518948453,0.02166481040860574,30
134,12.48309518948453,12.48309518948453,0.0,12.48309518948453,0.020938691958494182,30
135,12.48309518948453,12.495433285694839,0.08636667347216576,12.48309518948453,0.020217932364959,30
136,12.48309518948453,12.48309518948453,0.0,12.48309518948453,0.019502453108893703,30
137,12.48309518948453,12.48309518948453,0.0,12.48309518948453,0.01879217738436656,30
138,12.48309518948453,12.49343328569484,0.07236667347216581,12.48309518948453,0.018087030049141528,30
139,12.48309518948453,12.49343328569484,0.07236667347216581,12.48309518948453,0.017386937576972405,30
140,12.48309518948453,12.49343328569484,0.07236667347216581,12.48309518948453,0.0166918280115953,30
141,12.48309518948453,12.499029203637106,0.11153809906802398,12.48309518948453,0.016001630922346743,30
142,12.48309518948453,12.48309518948453,0.0,12.48309518948453,0.015316277361338337,30
143,12.48309518948453,12.48309518948453,0.0,12.48309518948453,0.014635699822124648,30
144,12.48309518948453,12.490757093274219,0.05363332652783423,12.48309518948453,0.013959832199800903,30
145,12.48309518948453,12.490757093274219,0.05363332652783423,12.48309518948453,0.01328860975247148,30
146,12.48309518948453,12.490757093274219,0.05363332652783423,12.48309518948453,0.0126219690640344,30
147,12.48309518948453,12.490757093274219,0.05363332652783423,12.48309518948453,0.011959848008226526,30
148,12.48309518948453,12.491883230015482,0.06151628371667159,12.48309518948453,0.011302185713879864,30
149,12.48309518948453,12.491883230015482,0.06151628371667158,12.48309518948453,0.010648922531340144,30
150,12.48309518948453,12.498138685883653,0.10530447479386837,12.48309518948453,0.010000000000000009,30
