generation,best_fitness,mean_fitness,std_fitness,best_so_far,run
0,18.274165738677393,20.638774023056854,1.1615059153322291,18.274165738677393,1
1,18.01657508881031,20.86843702861203,1.1232502347258482,18.01657508881031,1
2,18.908304597359457,21.02877050226101,1.0377467214413911,18.01657508881031,1
3,19.2,21.28232022623624,1.1020227354193548,18.01657508881031,1
4,19.54928556845359,21.2242960816192,0.88143326704082,18.01657508881031,1
5,18.919803902718556,20.427599537565296,1.064454531696981,18.01657508881031,1
6,19.372004514666937,20.97692309739555,0.8221970212533184,18.01657508881031,1
7,17.61980390271856,20.625006841418706,1.0504647546892307,17.61980390271856,1
8,19.13527000944073,20.78850594758656,0.8508535255955726,17.61980390271856,1
9,19.229563014098698,21.047488086545467,0.9756957416022382,17.61980390271856,1
10,18.09666295470958,20.639811398621557,1.1103994711518945,17.61980390271856,1
11,18.36619037896906,20.60686407494451,1.049388311767821,17.61980390271856,1
12,18.488409872672513,20.652227184637685,0.9674153924967536,17.61980390271856,1
13,18.836660026534076,20.73577050396622,0.9530661200082883,17.61980390271856,1
14,19.02664991614216,20.661853878107717,1.1186599715440773,17.61980390271856,1
15,18.288854381999833,21.006532985991004,1.0519820598591378,17.61980390271856,1
16,17.292838827718413,20.625758757182904,1.1383111650386377,17.292838827718413,1
17,19.55758369027902,21.18514908424775,0.805849931333842,17.292838827718413,1
18,17.77979589711327,20.780035117638246,1.1029101854726078,17.292838827718413,1
19,18.380624847486573,20.366717283314628,0.8900277382072199,17.292838827718413,1
20,18.8295630140987,20.909811869826388,1.158154446748518,17.292838827718413,1
21,18.929705854077834,20.914536280381046,0.8023584670696465,17.292838827718413,1
22,18.869535971483266,20.827267077868814,0.7778458030855777,17.292838827718413,1
23,19.13527000944073,20.774284354199775,0.9460978218588817,17.292838827718413,1
24,18.640967364599085,21.014826545044432,0.9819694004166527,17.292838827718413,1
25,19.33390796058137,20.999473339576642,0.9382514901558119,17.292838827718413,1
26,18.868438714135813,20.676458658114708,0.9348147111559049,17.292838827718413,1
27,17.588409872672514,20.57934167330215,1.2094584842469058,17.292838827718413,1
28,18.82828568570857,21.048317582810473,1.0677495964454822,17.292838827718413,1
29,18.09666295470958,20.635787377529045,1.0473431186171251,17.292838827718413,1
30,18.54880884817015,20.864899838919868,1.1323856078739072,17.292838827718413,1
31,18.2,20.460144152879852,1.000735107818099,17.292838827718413,1
32,19.173320053068153,20.49031380151904,1.0083780358371668,17.292838827718413,1
33,19.22089730686545,20.691184541118844,0.8259271951437271,17.292838827718413,1
34,19.623243291566197,21.182530003894787,0.9879992734896106,17.292838827718413,1
35,18.724807680927192,20.767190821501412,0.8340634137788436,17.292838827718413,1
36,18.93238075793812,21.036176635917357,0.8209560238266161,17.292838827718413,1
37,19.01657508881031,20.48529019142718,0.7483957567363179,17.292838827718413,1
38,18.757583690279024,20.965963443592884,1.0161019822599089,17.292838827718413,1
39,18.822497216032183,20.715543676926394,1.0496372744596005,17.292838827718413,1
40,18.36619037896906,20.58059617026184,1.1952151951982553,17.292838827718413,1
41,18.80332963783729,20.448458163378245,0.9355222635070646,17.292838827718413,1
42,18.400000000000002,20.714296831528543,1.1402789723414268,17.292838827718413,1
43,19.140967364599085,20.7395067436883,0.8747188423518995,17.292838827718413,1
44,19.113112646970897,20.709856553068192,0.8147090064524378,17.292838827718413,1
45,19.322497216032183,21.08132647795963,0.8682743699600263,17.292838827718413,1
46,18.260681686165903,20.778601718660028,1.0368386534795557,17.292838827718413,1
47,19.169693845669904,21.045267548972152,0.9433248776532936,17.292838827718413,1
48,19.01657508881031,20.82515452928726,1.134985132865165,17.292838827718413,1
49,18.22474487139159,20.862051374095724,1.230950036380083,17.292838827718413,1
50,18.492838827718412,20.70843015171114,0.9844911324653439,17.292838827718413,1
51,18.422497216032184,20.935864647186676,0.9411923546663693,17.292838827718413,1
52,19.08113883008419,20.573063372496502,0.8509348645448511,17.292838827718413,1
53,18.378232998312527,20.77119599634128,1.1925805348770602,17.292838827718413,1
54,18.92756668824971,20.66264891615237,0.8862105350022185,17.292838827718413,1
55,18.991153452528778,20.74126283150972,0.8824734439281796,17.292838827718413,1
56,18.99373774505092,20.487790497976324,0.6836019176304093,17.292838827718413,1
57,18.43238075793812,20.46070863869569,0.8494954152034192,17.292838827718413,1
58,19.21909059582729,21.190334018852106,0.8933776556168891,17.292838827718413,1
59,18.18321595661992,20.268704186231524,1.067739288056382,17.292838827718413,1
60,17.640175425099137,20.389600190828293,1.2892565607901945,17.292838827718413,1
61,19.04939015319192,20.70664817193892,0.9125318682948695,17.292838827718413,1
62,19.02664991614216,20.748927548993933,1.1019775303741597,17.292838827718413,1
63,19.08522995463527,20.889632237243703,0.9010249532392495,17.292838827718413,1
64,19.2,20.90586458966202,0.9658506466183838,17.292838827718413,1
65,18.140175425099137,20.648940010926918,0.8235960818824888,17.292838827718413,1
66,18.488409872672513,20.5670917525684,1.1974179644334622,17.292838827718413,1
67,18.988409872672513,21.026201563698166,1.1175864184628888,17.292838827718413,1
68,18.7,20.996735980338002,1.017325381313714,17.292838827718413,1
69,18.709901951359278,20.55597498918269,0.9340384585061442,17.292838827718413,1
70,19.013552872566002,20.796074454048462,0.9867379760019382,17.292838827718413,1
71,18.900000000000002,20.596075894412035,0.8778172587960374,17.292838827718413,1
72,19.06953597148327,21.016310171563088,0.9505164584210168,17.292838827718413,1
73,18.563818169698585,20.35564156198041,0.9244208395535193,17.292838827718413,1
74,19.660107523773828,20.920248427683248,0.7207902152357077,17.292838827718413,1
75,17.76023252670426,20.605117160581376,1.0957574144682736,17.292838827718413,1
76,18.8295630140987,20.461251051575317,0.8704405309226215,17.292838827718413,1
77,18.71909059582729,20.86496210656618,1.0832597308644472,17.292838827718413,1
78,17.914213562373096,20.590057985197202,0.8871149219476205,17.292838827718413,1
79,18.61245154965971,20.857932255102185,1.13573872585667,17.292838827718413,1
80,18.012403840463595,21.112945032869543,1.096273910519455,17.292838827718413,1
81,18.44935886896179,20.780088701366537,0.9089626566200111,17.292838827718413,1
82,18.919803902718556,20.620158703410457,1.1561160507524297,17.292838827718413,1
83,17.8295630140987,20.68403799519449,1.2287244659813306,17.292838827718413,1
84,18.8295630140987,21.033286717516642,1.107447303802789,17.292838827718413,1
85,18.76843871413581,20.82217428551798,1.1087149584855653,17.292838827718413,1
86,18.30990195135928,20.75989057565449,1.0963364400679616,17.292838827718413,1
87,18.756465996625053,20.67218447548284,0.8489061264378105,17.292838827718413,1
88,19.372004514666937,21.213982826714783,0.794571744934257,17.292838827718413,1
89,19.840967364599088,20.96472372860413,0.7735829019830175,17.292838827718413,1
90,19.109975124224178,21.06806714295495,1.1906602824663133,17.292838827718413,1
91,19.50830459735946,20.940815973071476,0.7889635041386389,17.292838827718413,1
92,18.897366596101026,20.694552367891163,1.006782687252288,17.292838827718413,1
93,19.09666295470958,20.868292412028744,0.9405412315369424,17.292838827718413,1
94,18.3,20.40030699441178,1.1953273082272133,17.292838827718413,1
95,18.336660026534076,20.7561081909847,0.9046122557641626,17.292838827718413,1
96,19.08113883008419,20.94773840652901,0.8885756997399112,17.292838827718413,1
97,19.048999599679682,20.69874773281846,1.1440057604990945,17.292838827718413,1
98,18.05758369027902,20.893750777489625,1.071481911978692,17.292838827718413,1
99,18.822497216032183,20.842223628432937,1.0946158681001532,17.292838827718413,1
100,18.341640786499873,20.294639614883497,0.8803853939827201,17.292838827718413,1
101,18.448331477354788,20.39360116800891,0.8083373573087071,17.292838827718413,1
102,19.254723699099138,20.946482920244154,1.0546157026052727,17.292838827718413,1
103,19.841640786499873,21.291012232070695,0.942275638548453,17.292838827718413,1
104,18.683095189484533,20.750369718658217,1.3231967746766593,17.292838827718413,1
105,19.3,20.97498147333739,0.7738200215241084,17.292838827718413,1
106,18.735270009440733,20.770479504024653,1.1181557952619203,17.292838827718413,1
107,18.30384048104053,20.71251103473951,0.9602684365668035,17.292838827718413,1
108,18.785229954635273,20.62883377639884,0.8609252032934853,17.292838827718413,1
109,18.560107523773826,21.132001353727798,1.2103736149415039,17.292838827718413,1
110,19.27979589711327,20.747730165586216,0.6952515709501803,17.292838827718413,1
111,19.43469899493758,20.747208416872486,0.8902623998545527,17.292838827718413,1
112,18.408304597359457,20.64893392438744,1.2181836845206166,17.292838827718413,1
113,19.140175425099137,20.9421841100047,0.8446306551767047,17.292838827718413,1
114,18.992838827718412,20.815098865536907,0.9338859967217775,17.292838827718413,1
115,19.164688270438848,20.962470839886187,1.0890844049940662,17.292838827718413,1
116,18.52664991614216,20.687595219352602,0.8444921279285396,17.292838827718413,1
117,19.09544511501033,20.8138472090855,0.7885693648201041,17.292838827718413,1
118,19.26023252670426,20.632445206951886,0.9226313719582423,17.292838827718413,1
119,18.599999999999998,20.590558901235543,1.0922369380974646,17.292838827718413,1
120,18.55758369027902,20.792181132138747,1.0058888434290143,17.292838827718413,1
121,18.61980390271856,20.688054765791467,1.188980124092437,17.292838827718413,1
122,18.55758369027902,20.72927209455152,1.055910232290662,17.292838827718413,1
123,18.991153452528778,20.798973206501394,0.8061976055929897,17.292838827718413,1
124,18.878232998312527,20.674160024280486,0.8455818920139236,17.292838827718413,1
125,18.612403840463596,20.453805208358915,1.1098356708306358,17.292838827718413,1
126,19.162049935181333,21.20109535152494,1.0494867107037305,17.292838827718413,1
127,18.80990195135928,21.127206569736018,1.1610073587377332,17.292838827718413,1
128,17.900000000000002,20.77202336822489,1.1645416418714294,17.292838827718413,1
129,18.693737745050925,20.48042655627726,0.9514954392370671,17.292838827718413,1
130,19.50554700852678,20.9142718677129,1.0358060085431662,17.292838827718413,1
131,19.70293863659264,20.737505675041486,0.660396766960065,17.292838827718413,1
132,18.62736184954957,20.846006583997067,0.9498595433480072,17.292838827718413,1
133,19.03072757526625,20.74670879958268,0.9004322869559768,17.292838827718413,1
134,18.316515138991168,20.73677390516799,1.2090148152678433,17.292838827718413,1
135,18.460232526704264,20.748818262291113,1.0670078069974278,17.292838827718413,1
136,19.12736184954957,20.973421975035837,1.094533133589529,17.292838827718413,1
137,19.359591794226542,21.125723283905305,0.9303053346935517,17.292838827718413,1
138,18.68062484748657,20.565268667983684,0.9585721493162017,17.292838827718413,1
139,19.397366596101026,20.826684529503268,0.789358364220627,17.292838827718413,1
140,19.227566688249706,20.58761579283458,0.8818637693454678,17.292838827718413,1
141,18.671779788708136,20.631240948173424,1.206959613069029,17.292838827718413,1
142,18.599999999999998,20.630892942849496,1.0371308120973906,17.292838827718413,1
143,18.727566688249706,20.81688834745403,1.1562630236623275,17.292838827718413,1
144,19.669693845669904,21.012734183682337,0.8201236111634119,17.292838827718413,1
145,19.140967364599085,20.85598538221778,1.0565963019700502,17.292838827718413,1
146,19.58113883008419,20.889128398638665,0.9674386301132946,17.292838827718413,1
147,19.377032961426902,20.660609978501977,0.7975324031502693,17.292838827718413,1
148,20.140175425099137,21.283450813378977,0.8010777120956426,17.292838827718413,1
149,18.868438714135813,20.5548540007536,0.8135537112022825,17.292838827718413,1
150,18.908304597359457,21.20257865919191,0.9238159281218786,17.292838827718413,1
0,18.63527000944073,20.70239265072595,1.1324407336486848,18.63527000944073,2
1,18.50830459735946,20.757337242745944,1.102370512980535,18.50830459735946,2
2,18.900000000000002,21.219922294971422,0.9810423048783274,18.50830459735946,2
3,18.713552872566005,20.955800409283366,1.011751053577087,18.50830459735946,2
4,18.09666295470958,20.821409214336104,0.9985627337522053,18.09666295470958,2
5,19.588409872672514,21.00421586998564,0.9848195660822193,18.09666295470958,2
6,18.640967364599085,20.754370477365793,0.9029639330888305,18.09666295470958,2
7,18.66770782520313,20.868911190461713,1.0014630484692546,18.09666295470958,2
8,19.049193338482965,20.77015917380376,1.0178435100854246,18.09666295470958,2
9,18.46619037896906,20.976569462210524,1.0461572898226903,18.09666295470958,2
10,19.20332963783729,20.765159300241695,0.7531215484676855,18.09666295470958,2
11,19.0,20.823101143889783,0.869811574505569,18.09666295470958,2
12,19.22736184954957,21.035572818715767,1.1917592231831373,18.09666295470958,2
13,18.841640786499873,20.733044368673408,1.2490858244816505,18.09666295470958,2
14,18.20293863659264,20.723237830914655,1.1589616114711423,18.09666295470958,2
15,18.134846922834953,21.04886043308449,1.1897942024103394,18.09666295470958,2
16,18.869535971483266,20.9863061562012,1.1352853295281045,18.09666295470958,2
17,18.51651513899117,20.988593289403656,1.1004789938439121,18.09666295470958,2
18,18.409975124224175,20.904875196592997,0.9906607421875229,18.09666295470958,2
19,18.409975124224175,20.71967014624936,1.1111507802366427,18.09666295470958,2
20,19.49373774505092,21.042389100587382,0.9022162448869199,18.09666295470958,2
21,19.055294535724684,21.18377874729808,1.1550725134652418,18.09666295470958,2
22,19.659126028197402,20.779614417092176,0.7445897770196964,18.09666295470958,2
23,19.04880884817015,20.91364148435166,1.1306033729838338,18.09666295470958,2
24,18.862873883832776,20.471735744312017,1.0678770795014099,18.09666295470958,2
25,18.908304597359457,20.61026154736187,1.0647764179351629,18.09666295470958,2
26,18.96619037896906,20.685382616928553,0.8447536306357207,18.09666295470958,2
27,18.960232526704264,20.83370927981291,1.0134936399882757,18.09666295470958,2
28,19.257583690279024,20.757883656855583,0.8184326295569653,18.09666295470958,2
29,18.400000000000002,20.36002963611171,1.1674675242745118,18.09666295470958,2
30,18.862873883832776,20.944041913386,1.0502725494510512,18.09666295470958,2
31,18.919090595827292,21.02051375140902,1.0522745616680715,18.09666295470958,2
32,18.7770329614269,20.81080623487118,1.0984891150669505,18.09666295470958,2
33,19.29283882771841,20.68549982520278,0.8436512487210065,18.09666295470958,2
34,18.68679622641132,20.924385380161613,0.9420639515910376,18.09666295470958,2
35,17.862873883832776,20.562417565339324,0.9267755400905727,17.862873883832776,2
36,18.2,21.0351516551106,1.0599373393032352,17.862873883832776,2
37,18.37840487520902,20.602245299881062,0.9939704315608385,17.862873883832776,2
38,18.76023252670426,21.08571449482902,0.9385819856748178,17.862873883832776,2
39,19.013552872566002,20.687734272389005,0.985548673986598,17.862873883832776,2
40,19.162049935181333,21.06996693696137,0.8596482101251016,17.862873883832776,2
41,19.2131126469709,21.082917260174046,1.0525199581072777,17.862873883832776,2
42,18.94928556845359,20.815301562075643,0.8269035408520855,17.862873883832776,2
43,18.533907960581374,20.546509744525604,1.138281171094863,17.862873883832776,2
44,19.13907194296653,20.914559636569003,0.8776994046149257,17.862873883832776,2
45,18.73622914957372,20.698771555488747,1.0438050565756654,17.862873883832776,2
46,18.400000000000002,20.871133888219294,1.1142728919921436,17.862873883832776,2
47,17.8295630140987,20.79368770218399,1.0277299690791082,17.8295630140987,2
48,19.513552872566002,20.934274316029914,0.9069499545329692,17.8295630140987,2
49,18.140175425099137,20.58813340485363,1.1137985272104016,17.8295630140987,2
50,18.919090595827292,20.681506722044272,1.064712302086737,17.8295630140987,2
51,18.478232998312528,21.01702571838145,0.9305145090901785,17.8295630140987,2
52,18.908304597359457,20.852567858680917,1.0348888323336574,17.8295630140987,2
53,17.61980390271856,20.809569077255983,1.0864131912645998,17.61980390271856,2
54,17.114642819948227,20.471217316148657,1.1284575250144997,17.114642819948227,2
55,18.878232998312527,20.80094437800035,1.04643723294542,17.114642819948227,2
56,18.811871208194287,20.51226736367106,1.0629492652158332,17.114642819948227,2
57,19.00830459735946,20.68334243874583,0.7728841382649118,17.114642819948227,2
58,18.659126028197402,20.80482315516207,1.0258546137698288,17.114642819948227,2
59,19.059591794226545,20.78617353569311,1.0027041066185947,17.114642819948227,2
60,18.159126028197402,20.675762775212508,0.9799635711255258,17.114642819948227,2
61,18.20293863659264,20.734889825876717,1.0183654709520447,17.114642819948227,2
62,18.71909059582729,20.469454510503073,0.9625616873548567,17.114642819948227,2
63,18.3295630140987,21.070548006333308,0.9630071413985881,17.114642819948227,2
64,19.05758369027902,20.790963485040848,0.8856746895352036,17.114642819948227,2
65,18.834846922834956,21.18298800897288,0.8744907049411164,17.114642819948227,2
66,18.830950643030008,20.857632779135184,1.1613643661393929,17.114642819948227,2
67,18.229563014098698,20.463812288689272,0.8363186369221866,17.114642819948227,2
68,19.013552872566002,20.904435046947725,0.9579184492632603,17.114642819948227,2
69,19.340967364599088,21.141283341661012,0.9830778338348581,17.114642819948227,2
70,18.460232526704264,20.902175769593676,1.1124237800752372,17.114642819948227,2
71,19.33390796058137,20.76781116324069,0.7544021452502688,17.114642819948227,2
72,18.599999999999998,20.97763551771562,1.1050492321494763,17.114642819948227,2
73,19.23622914957372,20.80322951545235,0.9553192079808762,17.114642819948227,2
74,18.757583690279024,21.098601258437526,1.2304127166195356,17.114642819948227,2
75,19.21909059582729,21.02613500231986,0.9584044230322621,17.114642819948227,2
76,18.71909059582729,20.56942912754562,0.8508498834633006,17.114642819948227,2
77,18.30384048104053,20.50542610841722,1.0905602643622925,17.114642819948227,2
78,18.61980390271856,21.218796038461456,1.1283744381405065,17.114642819948227,2
79,19.456465996625056,20.97793790430204,0.7402087190602449,17.114642819948227,2
80,18.571779788708135,20.906873666186403,1.1160086854176356,17.114642819948227,2
81,18.164688270438848,20.38795664021956,1.161167306273931,17.114642819948227,2
82,17.448331477354788,20.301888194544524,1.2461550152227192,17.114642819948227,2
83,18.96204993518133,20.725623481801346,0.9829096076214123,17.114642819948227,2
84,19.02664991614216,20.663929663139943,0.8547710307299995,17.114642819948227,2
85,19.140967364599085,20.80769611664847,0.8975337846495457,17.114642819948227,2
86,19.330950643030008,20.988408650185132,1.0371291499808557,17.114642819948227,2
87,18.20293863659264,20.77656228178371,1.027662367336571,17.114642819948227,2
88,19.555294535724684,20.723660867408288,0.6957105796435764,17.114642819948227,2
89,18.012403840463595,20.807689571171252,1.1048559869063481,17.114642819948227,2
90,19.414213562373096,20.73210910736619,0.7907428150560218,17.114642819948227,2
91,18.2,20.756877674077387,1.061486188328889,17.114642819948227,2
92,19.099999999999998,20.553373907520736,1.0924204813869305,17.114642819948227,2
93,19.341640786499873,20.995783369410695,0.9891098662423506,17.114642819948227,2
94,18.73622914957372,20.875913372261692,1.1767795745910652,17.114642819948227,2
95,19.20332963783729,20.737179021504108,0.923369695221962,17.114642819948227,2
96,18.62664991614216,20.754642456649538,1.1833310181683536,17.114642819948227,2
97,18.967707825203128,21.063955694416503,1.1783392282813805,17.114642819948227,2
98,17.64476105895272,20.85501136787111,1.0289681360641854,17.114642819948227,2
99,19.20332963783729,20.599145997297494,0.854923420685169,17.114642819948227,2
100,17.960232526704264,20.54242044653314,1.4065204309176678,17.114642819948227,2
101,18.64355957741627,20.657699198815514,1.212257721059264,17.114642819948227,2
102,18.87840487520902,21.22974303291427,0.8283107259759078,17.114642819948227,2
103,18.822497216032183,20.584748916225177,1.1647207608776255,17.114642819948227,2
104,18.80332963783729,20.88990707646764,1.1073327541266742,17.114642819948227,2
105,18.420465053408524,20.67026124694949,1.0620885837750547,17.114642819948227,2
106,19.40831891575846,20.931634273878327,0.9769593882690778,17.114642819948227,2
107,18.683095189484533,20.64209948429698,0.8885137851319128,17.114642819948227,2
108,18.781934729198174,20.65712592580931,1.1070029589004604,17.114642819948227,2
109,18.629705854077837,20.623337856405552,1.0215138339356578,17.114642819948227,2
110,18.80384048104053,20.861949213780452,1.1103401774318877,17.114642819948227,2
111,19.012403840463595,20.711765731835943,0.8644418089098925,17.114642819948227,2
112,19.45870331449229,21.259456185626608,0.9256843900698678,17.114642819948227,2
113,18.891153452528776,20.823505694236882,1.0512811882871116,17.114642819948227,2
114,19.22736184954957,20.793423823264366,0.831321570804189,17.114642819948227,2
115,18.79283882771841,20.706922776726817,1.1661352327442356,17.114642819948227,2
116,18.822497216032183,20.638267752360232,0.9940764721160028,17.114642819948227,2
117,18.6431676725155,20.68631293634185,1.1050433991032622,17.114642819948227,2
118,18.72736184954957,20.92766819941016,1.1132600242666406,17.114642819948227,2
119,18.38494332412792,20.389122150354925,1.0317636507666121,17.114642819948227,2
120,17.978232998312528,20.870577685917926,1.0751892741098763,17.114642819948227,2
121,19.340967364599088,20.828155925450886,0.9941599786170862,17.114642819948227,2
122,17.96204993518133,20.63252876785901,1.0088588816431696,17.114642819948227,2
123,19.54928556845359,20.78976172957098,0.9579440442135332,17.114642819948227,2
124,19.281488772222676,20.668169473630623,0.9198700444280604,17.114642819948227,2
125,19.337211521390785,20.929837888011864,0.9047699505438264,17.114642819948227,2
126,19.02664991614216,21.386778889329495,1.2456660415302874,17.114642819948227,2
127,19.224807680927192,20.694381416665077,0.9907567347917302,17.114642819948227,2
128,18.22474487139159,20.708603656595766,1.118730716561588,17.114642819948227,2
129,17.61980390271856,20.21407903613634,1.111150292698895,17.114642819948227,2
130,17.816515138991168,20.543904469012826,0.9647252296875375,17.114642819948227,2
131,18.55758369027902,20.811513238537298,1.2018719990785307,17.114642819948227,2
132,18.908304597359457,20.71787041179847,1.0073303112088092,17.114642819948227,2
133,18.06953597148327,20.60903821933745,1.2093432808452416,17.114642819948227,2
134,18.79283882771841,21.059074003095102,0.9922980404110073,17.114642819948227,2
135,18.22736184954957,20.800748612005375,1.1371986670744088,17.114642819948227,2
136,18.870828693386972,20.68102312164527,0.8826341759323482,17.114642819948227,2
137,18.55758369027902,20.644079744387856,0.8891399651187675,17.114642819948227,2
138,19.173320053068153,20.71986344988635,0.6590500202450683,17.114642819948227,2
139,18.207106781186546,20.46523810182468,1.295478662365662,17.114642819948227,2
140,18.336660026534076,20.693068517034803,1.0791461378182896,17.114642819948227,2
141,18.98309518948453,20.94469378977234,0.9015012490885127,17.114642819948227,2
142,18.099999999999998,20.84679543620754,0.9191678956671113,17.114642819948227,2
143,18.961324772583616,20.689125551272323,0.7402702922618797,17.114642819948227,2
144,18.822497216032183,20.567575390838403,0.9312478845545203,17.114642819948227,2
145,18.588409872672514,20.757054686880565,1.147081798843713,17.114642819948227,2
146,18.43095064303001,20.716769560956052,1.1555188089309434,17.114642819948227,2
147,19.34390889145858,20.74706216718764,0.8811459604090465,17.114642819948227,2
148,17.822497216032183,20.64688298582938,0.9401233194209789,17.114642819948227,2
149,18.60554700852678,20.705479696539655,0.9737738144941602,17.114642819948227,2
150,19.163818169698587,20.651620623307107,0.9704255974053696,17.114642819948227,2
0,18.949545416973503,20.703709157735183,0.9472739511528281,18.949545416973503,3
1,19.012403840463595,20.81147544274376,0.8136147883439653,18.949545416973503,3
2,18.919803902718556,20.70951218981137,0.984310338469283,18.919803902718556,3
3,19.084943324127924,20.930364903450865,1.0619356809437557,18.919803902718556,3
4,18.929705854077834,20.71011168411479,0.9526923331528355,18.919803902718556,3
5,18.7131126469709,21.292904438342003,0.9019078920341134,18.7131126469709,3
6,19.10554700852678,20.925009511694654,0.9504749896852017,18.7131126469709,3
7,19.140175425099137,20.86099475044683,0.9819603962456699,18.7131126469709,3
8,17.274165738677393,20.740569500942822,1.3049254032529518,17.274165738677393,3
9,19.419090595827292,21.01704058823177,0.7703216758858682,17.274165738677393,3
10,18.61980390271856,20.754792068584656,1.0362085237363754,17.274165738677393,3
11,19.193737745050925,20.649388830651585,0.8058647090583828,17.274165738677393,3
12,17.889897948556634,20.75327067359872,1.0177940374464771,17.274165738677393,3
13,19.140967364599085,20.833669587426087,1.1739235323267248,17.274165738677393,3
14,18.612403840463596,20.786678613819394,1.1154176476593927,17.274165738677393,3
15,18.908304597359457,20.484801582157328,0.9427139780449078,17.274165738677393,3
16,19.140175425099137,20.931538723368877,1.1174305780773597,17.274165738677393,3
17,19.172004514666934,21.00587683724724,0.7752326326663123,17.274165738677393,3
18,19.02664991614216,20.75529103177411,0.9770673925191163,17.274165738677393,3
19,19.3295630140987,20.709807598828245,0.8384257867833306,17.274165738677393,3
20,19.04880884817015,21.107868999492524,1.0086719761835246,17.274165738677393,3
21,19.256465996625053,21.118992577832415,0.7838414475074049,17.274165738677393,3
22,18.560107523773826,20.69185141570188,0.906855872589413,17.274165738677393,3
23,19.29283882771841,20.811195266805957,0.8367168382785319,17.274165738677393,3
24,19.254723699099138,21.019506200819674,1.0537089851693189,17.274165738677393,3
25,18.207106781186546,20.688197301627117,1.0462959968749002,17.274165738677393,3
26,18.66770782520313,20.887365965010684,0.9390122447517278,17.274165738677393,3
27,19.36619037896906,20.682226821393424,0.7190232173674239,17.274165738677393,3
28,19.6431676725155,21.16546277165006,0.8434189154600534,17.274165738677393,3
29,19.362873883832776,20.834511548857243,0.9852143771279791,17.274165738677393,3
30,19.429705854077834,20.98443936127165,0.7951554782768864,17.274165738677393,3
31,18.689974874213238,20.711727086598277,0.8433412182100247,17.274165738677393,3
32,19.531300056749533,20.78282546370051,0.9172708521119323,17.274165738677393,3
33,18.889897948556634,20.730844768854393,1.095133857498179,17.274165738677393,3
34,18.887467277262665,21.029452224350116,1.0240990827745344,17.274165738677393,3
35,18.460232526704264,20.67562903057288,1.189558436875871,17.274165738677393,3
36,18.693737745050925,20.733391152591242,1.0454675867156575,17.274165738677393,3
37,18.04880884817015,20.872207121679505,1.0141338161097773,17.274165738677393,3
38,18.920465053408524,20.564353676260087,1.1021122670678656,17.274165738677393,3
39,18.134846922834953,20.40863241844328,1.2720146702362503,17.274165738677393,3
40,18.900000000000002,20.63579679376969,0.9813439535128742,17.274165738677393,3
41,18.483239697419133,20.87968777777853,0.9784861681795629,17.274165738677393,3
42,18.840967364599088,20.944995801777367,1.0683310105715524,17.274165738677393,3
43,18.57763888346312,20.924647015925714,1.0170482032454973,17.274165738677393,3
44,18.669693845669904,20.90943173793863,0.86872685627079,17.274165738677393,3
45,19.32842712474619,20.763556132494568,0.8851543622616782,17.274165738677393,3
46,18.55758369027902,20.395916067899186,0.9087486743988882,17.274165738677393,3
47,18.50830459735946,20.569570472170476,1.2574120263649224,17.274165738677393,3
48,18.908304597359457,20.74608567417184,1.1929529223619624,17.274165738677393,3
49,18.369535971483266,20.654086537122527,1.1162991106050169,17.274165738677393,3
50,18.162049935181333,20.532213451098063,0.7423241711770232,17.274165738677393,3
51,18.60554700852678,20.773528057671882,1.0666990320772138,17.274165738677393,3
52,20.163818169698587,21.380410876146573,0.7999139672916933,17.274165738677393,3
53,19.79283882771841,20.878040946268857,0.6605899855211765,17.274165738677393,3
54,19.369535971483266,20.804105580616696,0.9514571908616393,17.274165738677393,3
55,18.629705854077837,20.57969006319838,0.8619820021214617,17.274165738677393,3
56,19.7131126469709,20.86897234274873,0.7619626967052997,17.274165738677393,3
57,18.7,20.66880945177878,1.1112679330618187,17.274165738677393,3
58,19.088409872672514,20.892528970423623,0.9545363381094947,17.274165738677393,3
59,19.171779788708136,20.469307071827668,0.9359926211631898,17.274165738677393,3
60,18.129705854077837,20.351022653943264,1.1286195617197796,17.274165738677393,3
61,19.51657508881031,21.266681591815352,1.0009700314689554,17.274165738677393,3
62,19.548999599679682,20.65624517835408,0.7750766204468892,17.274165738677393,3
63,19.00830459735946,20.884465936118033,1.0893222894948893,17.274165738677393,3
64,19.26843871413581,21.025284612952515,0.8923882266505163,17.274165738677393,3
65,19.10554700852678,20.612197232928153,0.9337113077703929,17.274165738677393,3
66,19.09666295470958,21.149273864116523,0.8470586202237774,17.274165738677393,3
67,17.960232526704264,20.70524003525073,0.9831369736012259,17.274165738677393,3
68,18.948331477354788,21.001045835433676,0.7792944839102218,17.274165738677393,3
69,18.66770782520313,20.881042079599297,1.190414450717371,17.274165738677393,3
70,18.66770782520313,20.881761939999727,0.9232508049241036,17.274165738677393,3
71,18.52664991614216,20.904952630560796,0.9827166765448798,17.274165738677393,3
72,18.56287388383278,21.12850948926387,0.9932632331046359,17.274165738677393,3
73,18.8295630140987,20.92174607251798,0.8130209218133444,17.274165738677393,3
74,18.507878402833892,20.38340260678436,0.8086530670672986,17.274165738677393,3
75,18.834846922834956,20.803522141111717,0.9749148832656664,17.274165738677393,3
76,19.060107523773826,20.690170124449214,1.1155681713925218,17.274165738677393,3
77,18.58113883008419,21.117210924127743,1.2502590370471798,17.274165738677393,3
78,18.88910462845192,20.89977135065125,1.036820978412128,17.274165738677393,3
79,19.256465996625053,20.84345172434187,1.0983073399669665,17.274165738677393,3
80,18.12736184954957,20.62869736153518,1.3171290304485155,17.274165738677393,3
81,19.00554700852678,20.381525779953137,0.8193964831418571,17.274165738677393,3
82,18.991153452528778,20.810848994972137,1.0768306573746569,17.274165738677393,3
83,18.822497216032183,21.001891265641493,1.2586620697675652,17.274165738677393,3
84,18.488409872672513,20.712531940282883,1.0154862282085837,17.274165738677393,3
85,17.922497216032184,20.441460483424148,0.9619368518502224,17.274165738677393,3
86,18.735270009440733,20.811217211123843,1.1274496161989462,17.274165738677393,3
87,18.988409872672513,20.823728592542878,0.9362337252643426,17.274165738677393,3
88,18.30384048104053,20.945686691416892,0.9508332437162517,17.274165738677393,3
89,18.588409872672514,20.60548909970908,1.1421531657028328,17.274165738677393,3
90,18.98309518948453,20.68509687567491,1.1821758639281783,17.274165738677393,3
91,18.38494332412792,20.777168088655618,1.2493699894603836,17.274165738677393,3
92,18.560107523773826,20.503990825564173,1.0403219054165131,17.274165738677393,3
93,19.20332963783729,20.51807366199424,0.9655943283624919,17.274165738677393,3
94,18.76023252670426,20.627692524342567,0.8639685236670452,17.274165738677393,3
95,18.77979589711327,21.208877734319064,0.9924255804938525,17.274165738677393,3
96,19.235270009440733,21.12690468259345,0.8647300021037503,17.274165738677393,3
97,19.56287388383278,21.071259975950248,0.9276849776684932,17.274165738677393,3
98,19.27488738510232,21.073917145485343,1.0008978104900226,17.274165738677393,3
99,18.80332963783729,20.822751412083406,0.9260152457575538,17.274165738677393,3
100,19.29283882771841,20.592136978625902,0.6877007302302248,17.274165738677393,3
101,19.588409872672514,21.0677307481052,0.7862897057390824,17.274165738677393,3
102,18.6431676725155,20.809360310527172,1.2341703932055252,17.274165738677393,3
103,18.816590212458493,20.68102432757177,1.0522761126773374,17.274165738677393,3
104,18.96619037896906,20.465114154975957,1.0237359476870982,17.274165738677393,3
105,18.67979589711327,20.403583428725707,0.9503709472895769,17.274165738677393,3
106,18.785229954635273,20.86611221012525,1.1105159174523511,17.274165738677393,3
107,18.8295630140987,20.792155216546593,0.9249442245278977,17.274165738677393,3
108,17.26332495807108,20.73187514551128,1.2025764775376606,17.26332495807108,3
109,18.693737745050925,20.771671296378575,0.9891929197814409,17.26332495807108,3
110,18.59544511501033,20.606614595654435,0.9542189069865681,17.26332495807108,3
111,18.193737745050925,20.855709499697564,1.300894025171026,17.26332495807108,3
112,18.788854381999833,21.091242277637193,0.9793200771298234,17.26332495807108,3
113,17.57763888346312,20.474839867309914,0.8969977826307822,17.26332495807108,3
114,18.322497216032183,20.528461174414243,1.1840512633540758,17.26332495807108,3
115,18.012403840463595,20.739484934019686,1.044421503127003,17.26332495807108,3
116,19.758317958127243,21.031936073353823,0.8927378636328922,17.26332495807108,3
117,19.260681686165903,20.73217820088873,0.9211062934863539,17.26332495807108,3
118,19.13527000944073,20.74366412343462,0.8482702209177703,17.26332495807108,3
119,18.56953597148327,20.705338601049608,1.1821923885073689,17.26332495807108,3
120,17.834846922834956,20.70074034980628,1.2128534310876324,17.26332495807108,3
121,18.169693845669904,20.479367715025827,1.3154292864898849,17.26332495807108,3
122,18.3,20.70422576669156,1.2282921395806101,17.26332495807108,3
123,18.735270009440733,20.8577425918609,0.9435817195587086,17.26332495807108,3
124,18.3,20.76119947561826,1.127699550283939,17.26332495807108,3
125,17.599999999999998,20.70121819150032,1.009351422383603,17.26332495807108,3
126,17.340967364599088,20.581536801559597,1.1241442309137297,17.26332495807108,3
127,19.14131112314674,20.8935286653699,1.0743009079986412,17.26332495807108,3
128,19.11980390271856,20.792082931253237,0.8728361072062547,17.26332495807108,3
129,18.50830459735946,20.786765463656995,1.1224445617580932,17.26332495807108,3
130,17.868438714135813,20.885138389877692,1.1719231796596805,17.26332495807108,3
131,18.840967364599088,20.857464229631862,0.9406724394069567,17.26332495807108,3
132,19.408304597359457,20.8097552003436,0.9562790295993774,17.26332495807108,3
133,17.764911064067352,20.4445471186775,1.168745063089523,17.26332495807108,3
134,18.707106781186546,20.680824949776824,0.9177369810699858,17.26332495807108,3
135,17.7,20.624255643080364,1.4029766007230802,17.26332495807108,3
136,19.662049935181333,20.822421877569322,0.7954001983722393,17.26332495807108,3
137,18.448331477354788,20.811605905157574,1.0631937809670668,17.26332495807108,3
138,18.86619037896906,20.82638878223891,1.1464611937278073,17.26332495807108,3
139,18.269693845669906,20.52660040911986,1.1120644131133073,17.26332495807108,3
140,19.114642819948223,20.884479822435836,1.0002380544245326,17.26332495807108,3
141,18.640967364599085,21.030305530527627,1.0437315835956427,17.26332495807108,3
142,18.397366596101026,20.315438142608446,0.9381105605284444,17.26332495807108,3
143,18.478232998312528,20.840315457275654,0.8759909601392012,17.26332495807108,3
144,18.63527000944073,20.59288085307898,0.9642925811452464,17.26332495807108,3
145,19.372004514666937,20.88413305620094,1.0888635595653453,17.26332495807108,3
146,18.94899959967968,20.75657467151366,1.1705342400299834,17.26332495807108,3
147,18.50830459735946,20.602928738515683,0.8323822739634048,17.26332495807108,3
148,19.334846922834956,20.937642001829882,1.077432912365053,17.26332495807108,3
149,19.235270009440733,20.84332190281122,0.7052036953693132,17.26332495807108,3
150,18.73622914957372,20.901912544372678,1.2315970638608467,17.26332495807108,3
0,18.822497216032183,20.94296674313333,0.9990650324047304,18.822497216032183,4
1,18.555294535724684,20.745792939716747,0.9817356246440964,18.555294535724684,4
2,18.089897948556636,20.490198221687194,1.2217064243392008,18.089897948556636,4
3,18.048999599679682,20.728314971137653,0.9444668529516105,18.048999599679682,4
4,18.394427190999917,20.58541387670385,1.0305906722954277,18.048999599679682,4
5,19.391153452528776,20.59509785683643,0.8352387717717916,18.048999599679682,4
6,19.11245154965971,20.717392463854704,0.8275710102397577,18.048999599679682,4
7,18.26023252670426,20.81792692211798,1.217452055073159,18.048999599679682,4
8,19.322497216032183,21.006913906906284,0.9610579830754584,18.048999599679682,4
9,18.048999599679682,20.64025155043066,1.073829572679294,18.048999599679682,4
10,19.11980390271856,20.57824680633911,0.7907025813574761,18.048999599679682,4
11,18.877032961426902,20.78365126565335,1.259443058697447,18.048999599679682,4
12,18.340967364599088,20.46687292596924,0.9252310317028373,18.048999599679682,4
13,18.23205080756888,20.63397306150245,0.8110067039984303,18.048999599679682,4
14,19.419090595827292,20.784294179050608,0.8629825239919203,18.048999599679682,4
15,19.380624847486573,20.812927282227538,1.10171986514807,18.048999599679682,4
16,18.56287388383278,20.834751428487483,0.8191631502608153,18.048999599679682,4
17,18.640967364599085,20.784853842808076,0.9278886911147715,18.048999599679682,4
18,18.683095189484533,20.590117596910982,1.0634778837068797,18.048999599679682,4
19,18.334846922834956,20.94331391355163,0.894642922742884,18.048999599679682,4
20,18.922497216032184,20.74629737336272,0.8107033526823777,18.048999599679682,4
21,19.229563014098698,20.735547700039795,0.8852921627202157,18.048999599679682,4
22,18.73622914957372,20.7283405400259,1.0758792517383213,18.048999599679682,4
23,18.95870331449229,20.6254544522645,1.0633844616772719,18.048999599679682,4
24,17.919090595827292,20.82838395843469,1.2080783115196185,17.919090595827292,4
25,18.06953597148327,20.770835098324238,1.1862780177619223,17.919090595827292,4
26,18.8,20.665053177991126,0.847275966753758,17.919090595827292,4
27,19.05758369027902,20.901402441929825,0.8674650142963459,17.919090595827292,4
28,19.76468827043885,21.07087523833675,0.9048379758776136,17.919090595827292,4
29,18.735270009440733,20.98712215889877,1.010237446086701,17.919090595827292,4
30,19.56953597148327,20.930023612471008,1.0863699697682527,17.919090595827292,4
31,18.894427190999917,20.846785555424415,0.894732808327163,17.919090595827292,4
32,18.322497216032183,20.71818902339076,0.9562832402048489,17.919090595827292,4
33,17.99373774505092,20.859918144741883,1.0654191547821072,17.919090595827292,4
34,19.114642819948223,20.86122977199673,1.0032275354205502,17.919090595827292,4
35,18.814642819948226,20.785645043367037,1.0295959134580175,17.919090595827292,4
36,18.672004514666934,20.66021331931459,0.9948591062593563,17.919090595827292,4
37,17.8295630140987,20.641631970405616,1.258168032581062,17.8295630140987,4
38,18.814944167960988,20.821990636134753,0.9965593882885153,17.8295630140987,4
39,19.05758369027902,20.783133801074033,0.9625667562060125,17.8295630140987,4
40,18.478232998312528,20.658595974338326,0.9158388563754285,17.8295630140987,4
41,19.840967364599088,21.188288491221154,0.6650283006595527,17.8295630140987,4
42,19.05758369027902,21.00027637019105,1.0292819172838275,17.8295630140987,4
43,19.46619037896906,20.978460416383978,0.8420885473427241,17.8295630140987,4
44,18.908304597359457,20.848033135778095,0.8209467600620532,17.8295630140987,4
45,18.988409872672513,21.108590862397516,0.9202307310286965,17.8295630140987,4
46,17.334846922834956,20.669805048101,1.077059636625195,17.334846922834956,4
47,19.048999599679682,20.99779782623379,1.0175655077418335,17.334846922834956,4
48,19.264911064067352,20.90559588978242,0.9292235315605375,17.334846922834956,4
49,18.671779788708136,20.943506266027175,1.0126004192066667,17.334846922834956,4
50,18.513552872566002,20.796299505358274,1.246763448947621,17.334846922834956,4
51,18.880624847486573,20.75087828739154,1.0006087479098178,17.334846922834956,4
52,19.12736184954957,20.890700833576933,1.0329858317098783,17.334846922834956,4
53,18.729563014098698,20.57509920996292,1.0097317424175576,17.334846922834956,4
54,19.18910462845192,20.851289047778195,0.9995630005884056,17.334846922834956,4
55,18.72736184954957,20.881107276696227,0.9974874003160763,17.334846922834956,4
56,19.256465996625053,20.567835920072216,0.793788694022331,17.334846922834956,4
57,18.5576411454889,21.055294561496183,0.9825733611073941,17.334846922834956,4
58,17.55758369027902,20.371369107591633,1.105334251520037,17.334846922834956,4
59,18.66770782520313,20.34867448644411,0.9569346504373266,17.334846922834956,4
60,18.58113883008419,20.598037255084776,0.9417072361946324,17.334846922834956,4
61,18.80384048104053,20.859070109161262,0.9928561157295701,17.334846922834956,4
62,19.36619037896906,20.6507192426395,0.8454326120752733,17.334846922834956,4
63,18.362873883832776,21.10161953403954,1.049215833947714,17.334846922834956,4
64,18.822497216032183,20.989480679264517,1.307732631298578,17.334846922834956,4
65,19.012403840463595,20.696915469706923,0.9186007627753944,17.334846922834956,4
66,18.396662954709576,20.607078158283343,1.0208457382301113,17.334846922834956,4
67,18.336660026534076,20.978332431462963,1.036460066307538,17.334846922834956,4
68,19.32828568570857,21.027007090500977,1.0300379099782946,17.334846922834956,4
69,19.13527000944073,21.06665353903681,0.9852871641470339,17.334846922834956,4
70,18.729563014098698,20.942128777003795,1.0352914311474803,17.334846922834956,4
71,19.18062484748657,20.88166044582544,0.8559611192433315,17.334846922834956,4
72,18.533030277982334,20.632775178864346,1.004482595143743,17.334846922834956,4
73,18.3295630140987,20.85537419419853,0.9833474330236516,17.334846922834956,4
74,18.274596669241483,20.62774614701895,1.0305876893754236,17.334846922834956,4
75,19.04928556845359,20.717194498017605,0.8495557115134188,17.334846922834956,4
76,18.83390796058137,20.834695907101054,1.0142612228686514,17.334846922834956,4
77,18.7,21.017606279107127,1.2274839111227753,17.334846922834956,4
78,18.512403840463595,20.955091788119066,1.21134062965511,17.334846922834956,4
79,18.492838827718412,20.68970870186647,0.8739020708741433,17.334846922834956,4
80,18.44494897427832,20.54656096284789,1.1844510727894957,17.334846922834956,4
81,17.956465996625056,20.42660106593081,1.0710418986403407,17.334846922834956,4
82,19.224807680927192,21.024244367081824,0.957860226176684,17.334846922834956,4
83,19.02664991614216,20.927722009064485,1.0234905233578897,17.334846922834956,4
84,18.56953597148327,20.54683128367545,1.0111348856366662,17.334846922834956,4
85,19.896662954709576,21.30327688019321,0.7482071546585238,17.334846922834956,4
86,18.00830459735946,20.898717731044844,1.1379667694238642,17.334846922834956,4
87,19.239071942966532,20.791823369136864,0.9300285093144924,17.334846922834956,4
88,18.314944167960988,20.66350326594419,1.053983960788847,17.334846922834956,4
89,19.08113883008419,20.774159996906366,0.910181598420918,17.334846922834956,4
90,18.213552872566005,20.42589457237052,1.023528947784237,17.334846922834956,4
91,19.01657508881031,20.580463072860677,0.8148291117856445,17.334846922834956,4
92,19.51657508881031,20.99595221251005,1.0476465941518205,17.334846922834956,4
93,19.492838827718412,20.923186823808702,0.9560306053459812,17.334846922834956,4
94,18.449444375840397,20.85843353167694,0.9850568295680124,17.334846922834956,4
95,19.04833147735479,20.663073936065118,1.017926173450745,17.334846922834956,4
96,18.02828568570857,20.613581474017522,0.9988729867557626,17.334846922834956,4
97,19.56287388383278,20.99905560787985,0.9092615669585865,17.334846922834956,4
98,17.62664991614216,20.506491246211198,1.1198997698915516,17.334846922834956,4
99,18.894427190999917,21.07419722614171,0.9267527085877992,17.334846922834956,4
100,19.08113883008419,20.697090670142405,0.8250264787956663,17.334846922834956,4
101,19.630495168499706,20.771529534686934,0.5999369560647112,17.334846922834956,4
102,18.948683298050515,20.74743742530563,0.878258800438443,17.334846922834956,4
103,19.020465053408525,21.1647625922492,0.9902348267221465,17.334846922834956,4
104,18.612403840463596,20.53363137938475,1.249627339217899,17.334846922834956,4
105,18.369535971483266,20.981863404597437,1.0551372927729212,17.334846922834956,4
106,18.83622914957372,20.824570578143064,1.0682523140489661,17.334846922834956,4
107,18.843559577416272,20.6447024641288,0.8648899323522553,17.334846922834956,4
108,18.571779788708135,20.726096102999108,1.1620697872428718,17.334846922834956,4
109,18.991153452528778,20.7173567007309,0.8713373220332089,17.334846922834956,4
110,19.26023252670426,20.99385900120937,0.8398287643328359,17.334846922834956,4
111,17.422497216032184,20.624326892376384,1.1281678158458897,17.334846922834956,4
112,18.869535971483266,20.67421286490072,1.0498505308460775,17.334846922834956,4
113,18.764911064067352,20.83123586135081,1.001521388217713,17.334846922834956,4
114,19.6431676725155,21.212429201095727,0.950417284796886,17.334846922834956,4
115,18.400000000000002,20.903744210775997,1.0671592867515727,17.334846922834956,4
116,18.055294535724684,20.711225644948332,1.0546887216954068,17.334846922834956,4
117,18.83390796058137,20.73097242130743,1.048258335345356,17.334846922834956,4
118,19.253720459187964,20.774154244342352,0.8381071493119739,17.334846922834956,4
119,19.26843871413581,20.42201552751329,0.7498878413621436,17.334846922834956,4
120,18.974868417407585,20.65143001475342,0.7984223520141832,17.334846922834956,4
121,18.22474487139159,20.656704873552872,1.1710493138218552,17.334846922834956,4
122,19.70332963783729,21.201616741048444,0.7801232226910034,17.334846922834956,4
123,19.22474487139159,20.445467498887,0.7683618014540436,17.334846922834956,4
124,19.419803902718556,20.78203130065064,0.9438768435046607,17.334846922834956,4
125,17.978232998312528,20.79662051432963,1.0021220696320787,17.334846922834956,4
126,18.71909059582729,20.97950953927077,0.9981279056504584,17.334846922834956,4
127,17.877032961426902,21.24193890796243,1.281091755427721,17.334846922834956,4
128,18.86619037896906,20.89931780261355,0.9955421591809537,17.334846922834956,4
129,18.492838827718412,20.90293202546405,1.0957054377037838,17.334846922834956,4
130,18.727566688249706,20.777952633067414,1.007244531579813,17.334846922834956,4
131,17.868438714135813,20.471059816173547,1.1557343891356844,17.334846922834956,4
132,18.62664991614216,20.28270721176509,0.934534594601426,17.334846922834956,4
133,18.900000000000002,20.772686573117024,0.8598854042083426,17.334846922834956,4
134,18.612403840463596,20.892413988965604,1.1382477695555395,17.334846922834956,4
135,19.09544511501033,20.59704097509301,0.967306911307383,17.334846922834956,4
136,18.735270009440733,20.828849788898122,0.8964290217014913,17.334846922834956,4
137,18.967707825203128,20.68951601433479,0.8996410364136125,17.334846922834956,4
138,19.555294535724684,21.212670602145923,0.8615936816788851,17.334846922834956,4
139,17.68062484748657,20.46199791467438,1.1003966904854514,17.334846922834956,4
140,18.919803902718556,20.944397758182827,1.0721484950097275,17.334846922834956,4
141,19.1431676725155,20.84801740581423,1.0131796578578127,17.334846922834956,4
142,19.483239697419133,20.96873483704729,0.8353657675907221,17.334846922834956,4
143,19.03072757526625,20.7583910473689,0.8188992936984623,17.334846922834956,4
144,18.757583690279024,20.763459217292354,0.7874656614543356,17.334846922834956,4
145,18.54880884817015,20.50222789573161,1.0956940224631582,17.334846922834956,4
146,19.58113883008419,20.85787888203744,0.8701384866127321,17.334846922834956,4
147,19.411871208194288,20.754442611657314,0.8536567527673771,17.334846922834956,4
148,18.880624847486573,20.565819399523264,1.0371378394921438,17.334846922834956,4
149,17.922497216032184,20.748382867886388,1.2661006433242228,17.334846922834956,4
150,19.084943324127924,20.819331626211067,0.9497620624748835,17.334846922834956,4
0,18.72474487139159,20.797322019873782,0.9614431746575625,18.72474487139159,5
1,18.983239697419133,20.906172281253905,0.9320721473335032,18.72474487139159,5
2,18.920465053408524,20.799876099093506,1.0413226001429567,18.72474487139159,5
3,19.30332963783729,20.94414128643319,0.9327016471693493,18.72474487139159,5
4,18.68062484748657,21.284485915848624,1.1009000582542006,18.68062484748657,5
5,19.099999999999998,20.936713469332968,0.8290169265835851,18.68062484748657,5
6,19.316590212458493,20.69805214164296,0.773664072533754,18.68062484748657,5
7,18.63527000944073,21.104127945239686,1.190172187979169,18.63527000944073,5
8,18.54880884817015,20.70324112856032,0.8657024940197026,18.54880884817015,5
9,19.140175425099137,21.03727654444248,1.0161274128290751,18.54880884817015,5
10,19.3,21.01723195586023,0.946020692072365,18.54880884817015,5
11,18.34390889145858,20.563162331713567,1.1973574183744198,18.34390889145858,5
12,18.513552872566002,20.77539346687893,0.9678572178003708,18.34390889145858,5
13,19.257583690279024,20.71997919464358,0.7294348549840991,18.34390889145858,5
14,18.229563014098698,20.85268627636467,1.2672142929748147,18.229563014098698,5
15,17.72474487139159,20.456006057978364,0.9581892847350638,17.72474487139159,5
16,18.896662954709576,20.92528159931399,1.0952927768162368,17.72474487139159,5
17,17.948331477354788,20.66641224643864,1.2993429319652825,17.72474487139159,5
18,19.214944167960986,21.018313064344206,0.8883758400843509,17.72474487139159,5
19,18.3,20.56411069532767,0.9075385060395958,17.72474487139159,5
20,18.80384048104053,20.88670050172698,1.1291869500081433,17.72474487139159,5
21,19.481742422927145,20.69232932041812,0.7312460246221568,17.72474487139159,5
22,19.02828568570857,20.988354089639724,0.9873266563265184,17.72474487139159,5
23,17.50830459735946,20.653512849930475,1.294610588871362,17.50830459735946,5
24,17.80990195135928,20.715124435997847,1.0033685179457768,17.50830459735946,5
25,18.274165738677393,20.845407171725082,0.9415060823034612,17.50830459735946,5
26,18.55758369027902,20.74338690339754,1.1879723765746855,17.50830459735946,5
27,18.04833147735479,20.589347135073087,1.2211091978533841,17.50830459735946,5
28,19.235270009440733,20.873127791720375,0.775702326882557,17.50830459735946,5
29,18.8295630140987,20.624597076046832,0.9884294839475419,17.50830459735946,5
30,18.878232998312527,20.766508449814825,1.087259316132071,17.50830459735946,5
31,18.599999999999998,20.754837541663992,0.8159024737378208,17.50830459735946,5
32,18.563818169698585,20.673056998654882,0.8491863388757479,17.50830459735946,5
33,18.58522995463527,20.78273696010856,1.0610056276774136,17.50830459735946,5
34,18.414213562373096,21.088885989600218,1.268820440156158,17.50830459735946,5
35,18.381742422927143,20.633548107254445,1.1655676397055343,17.50830459735946,5
36,18.948683298050515,20.92642913971049,0.901666980451009,17.50830459735946,5
37,18.419090595827292,20.39283106333469,0.971328912355525,17.50830459735946,5
38,19.83622914957372,21.15000570213066,0.9846491987436828,17.50830459735946,5
39,18.369535971483266,20.707063094274442,0.9683713047178056,17.50830459735946,5
40,19.36397674405503,21.127011689203105,1.0505877098394611,17.50830459735946,5
41,19.173320053068153,20.63449018688642,0.9921856371185648,17.50830459735946,5
42,18.960232526704264,20.951741322478526,0.7487112174464702,17.50830459735946,5
43,19.02664991614216,20.69307699379767,0.884637232988832,17.50830459735946,5
44,19.099999999999998,21.03172284182803,1.036595595735631,17.50830459735946,5
45,17.900000000000002,20.609460079912463,1.5475912282875126,17.50830459735946,5
46,19.06953597148327,20.95479047916007,1.032202267643479,17.50830459735946,5
47,18.76023252670426,20.802907188980125,1.0585196017197307,17.50830459735946,5
48,18.68321595661992,20.69411857813655,1.0296768115948565,17.50830459735946,5
49,19.01651513899117,21.037948547708833,0.8571077860471594,17.50830459735946,5
50,18.729563014098698,20.74045937880048,1.0517862060774728,17.50830459735946,5
51,19.397366596101026,20.57775227754864,0.8095486195625475,17.50830459735946,5
52,18.183095189484533,20.73161365469588,0.9564473923413948,17.50830459735946,5
53,18.61980390271856,20.848111924776212,0.9783689806583351,17.50830459735946,5
54,19.207106781186546,20.81951144571559,1.033466807939475,17.50830459735946,5
55,19.055294535724684,20.620993216699457,0.9971925197480392,17.50830459735946,5
56,19.12736184954957,20.8508913967933,0.7615091465014306,17.50830459735946,5
57,19.58679622641132,21.113329571428704,1.0160643665919364,17.50830459735946,5
58,19.088409872672514,20.762968414870784,0.7218591689748045,17.50830459735946,5
59,19.2131126469709,20.71021743250567,0.9632109764410001,17.50830459735946,5
60,18.988409872672513,20.83530169233835,0.9344231327765841,17.50830459735946,5
61,18.862873883832776,20.720180122801867,0.9624003631617665,17.50830459735946,5
62,18.548999599679682,20.73623912211142,1.118195033573934,17.50830459735946,5
63,18.878232998312527,20.844329454084715,0.8059517126531214,17.50830459735946,5
64,18.836660026534076,21.181789293005043,1.0437738972696906,17.50830459735946,5
65,18.26023252670426,20.92465920223543,1.2690232397532681,17.50830459735946,5
66,17.61245154965971,20.66703854845457,1.1140595485414568,17.50830459735946,5
67,18.32828568570857,20.891525515454905,1.2232570918984982,17.50830459735946,5
68,18.948683298050515,20.584564749127352,0.9227232719890389,17.50830459735946,5
69,18.877032961426902,20.53144716679386,1.0552491098724022,17.50830459735946,5
70,19.780350850198275,21.16425910151801,0.7763487926627729,17.50830459735946,5
71,18.988409872672513,21.091800014984894,1.0164790977232192,17.50830459735946,5
72,19.91084400165827,21.24907645209299,0.8938370998654935,17.50830459735946,5
73,18.869535971483266,20.842707846373504,1.0547284004219664,17.50830459735946,5
74,18.140175425099137,20.825025245393043,1.2057005506644913,17.50830459735946,5
75,19.467707825203128,21.045313227757777,0.9483349894521748,17.50830459735946,5
76,18.448683298050515,20.64145401607345,1.3119854779396054,17.50830459735946,5
77,18.48309518948453,20.77394647262516,0.9618852014565835,17.50830459735946,5
78,18.18062484748657,20.644961982797188,0.9266417503695241,17.50830459735946,5
79,18.43095064303001,20.905500102185943,1.0685784062868855,17.50830459735946,5
80,19.2,20.43637289559703,0.7072401105096158,17.50830459735946,5
81,18.6431676725155,20.97838172877798,0.8842587597761846,17.50830459735946,5
82,18.08679622641132,20.418535161718278,1.0694195150655865,17.50830459735946,5
83,17.869535971483266,20.807558303179025,1.075450785898773,17.50830459735946,5
84,19.400000000000002,20.91230457284043,0.8933059435422736,17.50830459735946,5
85,18.992838827718412,21.04554774925563,0.9480076160658344,17.50830459735946,5
86,19.077902338672775,20.79444743130391,0.8659553072663102,17.50830459735946,5
87,18.51657508881031,20.61676070233017,0.9968085263720152,17.50830459735946,5
88,18.777154105707726,20.47961514283836,0.9479381395877129,17.50830459735946,5
89,18.56953597148327,20.52045765730462,0.9374125631512239,17.50830459735946,5
90,19.34390889145858,21.100485058327227,0.9162951531178768,17.50830459735946,5
91,19.660107523773828,20.906492989487287,0.8452261920738687,17.50830459735946,5
92,19.173320053068153,20.840148959376027,0.8756724179806191,17.50830459735946,5
93,18.448683298050515,20.51190639218862,1.089846657949857,17.50830459735946,5
94,18.96204993518133,20.66336340466607,1.028504471095859,17.50830459735946,5
95,19.314642819948226,20.610444946188622,0.8450894461076887,17.50830459735946,5
96,18.72736184954957,20.852946251709984,0.8693888174301013,17.50830459735946,5
97,19.099999999999998,20.66544737776941,1.0141902761744,17.50830459735946,5
98,18.59544511501033,21.167267580319812,1.202024955778993,17.50830459735946,5
99,18.419090595827292,20.821834278022763,1.4662181760334747,17.50830459735946,5
100,19.488409872672513,21.039119134132864,0.8686061229545493,17.50830459735946,5
101,19.51657508881031,21.139366873880636,0.9254174690133908,17.50830459735946,5
102,17.400000000000002,20.595974580255653,1.2281601661912234,17.400000000000002,5
103,18.919803902718556,20.479280668406403,0.8651344267219345,17.400000000000002,5
104,18.94928556845359,20.395202385386323,0.8305946580188991,17.400000000000002,5
105,19.423538406167136,20.86689391702565,0.6999888282635189,17.400000000000002,5
106,18.134846922834953,20.893544096103707,1.2412401755097675,17.400000000000002,5
107,18.7770329614269,20.89603053046183,1.0553164651801463,17.400000000000002,5
108,19.18062484748657,21.003915712567856,1.1305040788269032,17.400000000000002,5
109,18.29283882771841,20.88574179234169,1.0036506210045448,17.400000000000002,5
110,18.00830459735946,20.549930805343,1.2312997642041303,17.400000000000002,5
111,19.121320343559642,20.97517336171488,0.8907564867604155,17.400000000000002,5
112,19.693737745050925,20.752489217432466,0.7703754943781478,17.400000000000002,5
113,17.640175425099137,20.598692306333906,1.2169900675258898,17.400000000000002,5
114,19.129705854077837,20.83455226318285,0.9705604486898665,17.400000000000002,5
115,19.50454076850486,21.010207649424732,0.8479262386636782,17.400000000000002,5
116,18.54880884817015,20.53398155715328,1.0061072529320703,17.400000000000002,5
117,19.483266665599963,20.834408509296484,0.7579515695759911,17.400000000000002,5
118,17.919803902718556,20.726718162125806,1.055541358926823,17.400000000000002,5
119,19.391153452528776,20.925952644068072,0.8383123902112851,17.400000000000002,5
120,18.80990195135928,20.811148747237272,1.0915668684059372,17.400000000000002,5
121,18.891153452528776,20.63893456190864,1.0295159697366965,17.400000000000002,5
122,19.456465996625056,20.78482024191459,0.8388262341745156,17.400000000000002,5
123,18.3295630140987,20.909875376820782,0.9108914235285659,17.400000000000002,5
124,19.41084400165827,20.76310645170736,0.7947711251903959,17.400000000000002,5
125,18.048999599679682,20.286434985667857,1.0806455293049302,17.400000000000002,5
126,18.599999999999998,20.536467609694565,0.980827055321555,17.400000000000002,5
127,18.21909059582729,20.75156495635571,1.1381392422405237,17.400000000000002,5
128,19.214944167960986,21.13916485579438,0.9354542071686083,17.400000000000002,5
129,18.340967364599088,20.779348275743434,1.0734377968531763,17.400000000000002,5
130,19.461324772583616,20.842419401584014,0.9210336500586693,17.400000000000002,5
131,19.055294535724684,20.412676201722842,0.8656867244357579,17.400000000000002,5
132,18.86619037896906,20.84213543520244,0.9419733469969852,17.400000000000002,5
133,18.7,20.68526586310418,1.133210627544425,17.400000000000002,5
134,19.341640786499873,20.529596991329118,0.9565505315654871,17.400000000000002,5
135,18.86619037896906,20.481150023057484,0.8499539377903363,17.400000000000002,5
136,18.889897948556634,21.0663161773485,1.0923012953837328,17.400000000000002,5
137,19.30384048104053,21.094483121012946,0.8284878625468273,17.400000000000002,5
138,18.757583690279024,20.3340017708461,0.8553834879012793,17.400000000000002,5
139,19.06953597148327,20.63536160371714,0.907085451824472,17.400000000000002,5
140,18.788854381999833,21.139345443406945,1.2045670407893556,17.400000000000002,5
141,18.22736184954957,20.813642248652517,0.998025241692497,17.400000000000002,5
142,18.730727575266254,20.853424252790166,1.0009889361158375,17.400000000000002,5
143,18.683266665599966,20.6927520265243,1.0581520381832363,17.400000000000002,5
144,19.52664991614216,21.52159038043275,0.9931605395480201,17.400000000000002,5
145,17.634846922834953,21.00474830299322,1.098711493783331,17.400000000000002,5
146,19.020465053408525,20.609666384558533,0.8962803222641473,17.400000000000002,5
147,18.322497216032183,20.891426073201025,0.9962415723041423,17.400000000000002,5
148,18.693737745050925,21.153750435404685,1.0908706112239523,17.400000000000002,5
149,18.814642819948226,20.810190346476876,0.905292058324255,17.400000000000002,5
150,19.422497216032184,20.972815759156845,1.03005741015131,17.400000000000002,5
0,18.183266665599966,20.77560305615962,1.041728335259792,18.183266665599966,6
1,18.79283882771841,20.94902960485805,0.8274078268074105,18.183266665599966,6
2,18.7,21.1579579011472,1.2897039044953862,18.183266665599966,6
3,19.140967364599085,21.061364796473317,0.8775547695153129,18.183266665599966,6
4,18.5,20.811505700672537,1.02963408298479,18.183266665599966,6
5,18.50830459735946,20.657621648291293,1.0558162291394901,18.183266665599966,6
6,18.757583690279024,20.663731557354378,1.0019002495898335,18.183266665599966,6
7,18.60554700852678,20.564612756296313,0.9871689045331237,18.183266665599966,6
8,19.172004514666934,20.9163379306351,0.8658506381986816,18.183266665599966,6
9,18.76332495807108,21.072410609809445,1.0815201257489542,18.183266665599966,6
10,18.713552872566005,20.61907545397566,1.140234301506038,18.183266665599966,6
11,19.257583690279024,21.070521973890337,0.9691911261934366,18.183266665599966,6
12,18.79283882771841,20.65927638400977,1.0148903088598966,18.183266665599966,6
13,17.80384048104053,20.527034272697865,0.9120055730132401,17.80384048104053,6
14,20.031300056749533,21.215344475196336,0.8305656562403042,17.80384048104053,6
15,17.774165738677393,20.75890836659188,1.3226960925431963,17.774165738677393,6
16,18.67979589711327,20.679115366089828,1.0087927831982673,17.774165738677393,6
17,19.18321595661992,20.778904450045445,1.0487151237115362,17.774165738677393,6
18,18.369535971483266,20.805175505454006,1.1089429498882881,17.774165738677393,6
19,18.336660026534076,20.77335937333244,1.087940635430535,17.774165738677393,6
20,19.22736184954957,21.055762182175837,0.8867715781680781,17.774165738677393,6
21,18.077154105707724,20.31502955122171,0.9702230848753542,17.774165738677393,6
22,18.7,20.85242123789086,1.089874167919982,17.774165738677393,6
23,18.70713075057055,20.472744450623146,0.8745188969559274,17.774165738677393,6
24,19.46619037896906,20.607203434230303,0.9196153431312574,17.774165738677393,6
25,19.20332963783729,20.771751148412534,0.930618511450804,17.774165738677393,6
26,18.274165738677393,20.822112564047938,1.0790959866035912,17.774165738677393,6
27,18.38494332412792,20.902676610901537,1.0285794071086343,17.774165738677393,6
28,19.729563014098698,21.102801077143567,0.9121360707554854,17.774165738677393,6
29,18.7,20.804183164771832,1.0541422236378126,17.774165738677393,6
30,19.50554700852678,20.960358060095796,0.8123231302522252,17.774165738677393,6
31,18.11980390271856,20.570960988576946,1.2507814292074133,17.774165738677393,6
32,19.055294535724684,20.7755839469878,0.8212231261409075,17.774165738677393,6
33,18.11245154965971,20.81816643650183,1.2334354131368552,17.774165738677393,6
34,18.86619037896906,21.13233787571967,1.0836642337719733,17.774165738677393,6
35,18.04880884817015,20.630251261890223,1.063664729956386,17.774165738677393,6
36,19.183095189484533,20.91380714175933,0.8233399334266966,17.774165738677393,6
37,18.929705854077834,20.842495289641544,1.0002500273175514,17.774165738677393,6
38,19.033907960581374,20.569936000738952,0.7627569453510178,17.774165738677393,6
39,18.563818169698585,20.610858391955315,1.0509386050533527,17.774165738677393,6
40,19.00830459735946,20.605466285223965,0.8860179245360285,17.774165738677393,6
41,18.94899959967968,20.604269033828462,0.9810144100431543,17.774165738677393,6
42,18.93095064303001,20.752444827565544,0.9113397909745142,17.774165738677393,6
43,18.04833147735479,20.624131249995987,1.0861396656776752,17.774165738677393,6
44,18.46619037896906,20.54796452584313,0.8872937345153408,17.774165738677393,6
45,19.36619037896906,20.913605764465405,0.7951775422654883,17.774165738677393,6
46,18.12736184954957,20.71034281285974,0.9695382219019626,17.774165738677393,6
47,18.84390889145858,20.835308454083215,0.9747922492247841,17.774165738677393,6
48,18.80384048104053,20.99706050862099,1.1125588566042928,17.774165738677393,6
49,19.173320053068153,20.667976855525513,0.9186211174906641,17.774165738677393,6
50,17.869535971483266,20.910027990167176,1.1736666866292467,17.774165738677393,6
51,18.18062484748657,20.802942471585233,1.227423288182021,17.774165738677393,6
52,18.414213562373096,20.725438918238723,1.0608508816726996,17.774165738677393,6
53,18.869535971483266,20.79646694692946,0.8283332690568648,17.774165738677393,6
54,19.316590212458493,20.944669442491687,0.9182846513311281,17.774165738677393,6
55,18.47484176581315,21.049359991191572,0.9671972660302072,17.774165738677393,6
56,19.30384048104053,20.957044729895376,0.9246049489655103,17.774165738677393,6
57,18.274596669241483,20.818417827217132,1.1729157710844889,17.774165738677393,6
58,18.22736184954957,20.924199399054316,1.2615738236677252,17.774165738677393,6
59,19.419090595827292,20.87600051710501,1.0845090769915224,17.774165738677393,6
60,18.3,20.74400818464076,1.0451157359946999,17.774165738677393,6
61,18.55758369027902,20.792877608912047,1.0987852304793575,17.774165738677393,6
62,18.599999999999998,20.944791520794897,1.2438944626958568,17.774165738677393,6
63,18.908304597359457,20.604900595698336,1.0957801932722988,17.774165738677393,6
64,19.730727575266254,21.145577320142984,0.7160823281065349,17.774165738677393,6
65,18.66770782520313,20.803103575448308,1.1728074313476904,17.774165738677393,6
66,19.56287388383278,20.914492498300024,0.9687696413869966,17.774165738677393,6
67,19.26023252670426,20.67906050501254,0.9399866097573257,17.774165738677393,6
68,18.76023252670426,20.610444972367596,0.8712074189995779,17.774165738677393,6
69,19.30384048104053,20.67845195436696,0.8580227885047106,17.774165738677393,6
70,18.30384048104053,20.497825582775594,1.1446840285619273,17.774165738677393,6
71,18.80384048104053,20.93303445283162,1.0377463279616774,17.774165738677393,6
72,19.00830459735946,20.77952843713864,0.7356673770700923,17.774165738677393,6
73,19.429705854077834,20.897873862206662,0.8228282419728999,17.774165738677393,6
74,18.207106781186546,20.715340076643773,1.0884855931744615,17.774165738677393,6
75,18.948683298050515,20.914161998730435,1.0590499979307793,17.774165738677393,6
76,19.084943324127924,20.533520210540477,0.7129666950772802,17.774165738677393,6
77,18.757583690279024,20.85440415169607,0.9295821666438883,17.774165738677393,6
78,18.162049935181333,20.689535259972374,1.07971195026323,17.774165738677393,6
79,18.30384048104053,20.749903562201762,1.1552484666057652,17.774165738677393,6
80,18.8,20.672738064573526,0.8904978820155964,17.774165738677393,6
81,19.18062484748657,20.986741113032163,0.9038519509835192,17.774165738677393,6
82,18.960232526704264,20.65973086442891,0.9670986612118979,17.774165738677393,6
83,17.132455532033674,20.37579775504192,1.032079335792815,17.132455532033674,6
84,19.2,20.97376665440746,1.0655606465934828,17.132455532033674,6
85,19.20332963783729,20.852097002971323,0.9218381444412027,17.132455532033674,6
86,18.8295630140987,21.001994426043478,1.0142693989964986,17.132455532033674,6
87,18.316515138991168,20.976836721258,0.9596973904602275,17.132455532033674,6
88,18.163818169698587,20.5289553402873,1.0072870473174742,17.132455532033674,6
89,18.063324958071078,20.56662627169348,0.9891765263617402,17.132455532033674,6
90,19.29283882771841,20.77249822699704,0.7735028210991198,17.132455532033674,6
91,18.640967364599085,20.79068864404716,1.1755451076315797,17.132455532033674,6
92,19.13907194296653,20.637583487773483,0.6831436969448389,17.132455532033674,6
93,19.10554700852678,20.928169518591755,0.9610927715449239,17.132455532033674,6
94,19.788854381999833,21.081044018003062,0.8819395681977477,17.132455532033674,6
95,19.00554700852678,20.78649463940255,1.0340683022179493,17.132455532033674,6
96,18.816515138991168,20.886130976704155,1.025390668575428,17.132455532033674,6
97,17.960232526704264,20.991286746184013,1.335422661029007,17.132455532033674,6
98,19.16770782520313,20.768570616677575,1.1477570137560207,17.132455532033674,6
99,17.960232526704264,20.73744769047988,0.944968969263399,17.132455532033674,6
100,18.49373774505092,20.792740304163164,1.0661100831225643,17.132455532033674,6
101,18.140175425099137,20.733799027373525,1.0748344201469922,17.132455532033674,6
102,18.68062484748657,20.4221316370091,0.9531555490024641,17.132455532033674,6
103,18.640175425099137,20.624584641433998,0.8081164635385641,17.132455532033674,6
104,17.80384048104053,20.799873215641295,0.9644390155904928,17.132455532033674,6
105,18.17979589711327,20.9451898249698,1.1668918144531168,17.132455532033674,6
106,18.729563014098698,20.6782593021981,1.0267026947829667,17.132455532033674,6
107,18.8,20.579171413481486,0.9897971871933009,17.132455532033674,6
108,18.640175425099137,20.914076563972213,0.9092274851670233,17.132455532033674,6
109,18.56287388383278,20.633028736239932,0.8903135645217264,17.132455532033674,6
110,19.560107523773826,21.511462734791895,0.8502569036442307,17.132455532033674,6
111,19.16770782520313,20.923348987606797,0.8129827523155941,17.132455532033674,6
112,19.26468827043885,21.040285329169475,0.9678077029135785,17.132455532033674,6
113,18.599999999999998,20.812037593206117,1.2739338003224323,17.132455532033674,6
114,18.34390889145858,20.88066857789034,1.1668858704657799,17.132455532033674,6
115,18.336660026534076,20.678525073009514,1.1662622360843835,17.132455532033674,6
116,18.61980390271856,20.892250206664496,1.0523141920276076,17.132455532033674,6
117,19.007878402833892,21.014940463111444,0.8938953249466906,17.132455532033674,6
118,19.04880884817015,20.85872178521414,0.9643965063547385,17.132455532033674,6
119,18.72474487139159,20.917397261777968,1.068765941862788,17.132455532033674,6
120,18.378232998312527,20.645678157907394,1.1165661938020857,17.132455532033674,6
121,18.492838827718412,20.795115571006555,1.1002986529601213,17.132455532033674,6
122,19.5,20.565297733078236,0.6922786306152479,17.132455532033674,6
123,18.900000000000002,20.4040704803697,1.000835359221799,17.132455532033674,6
124,18.322497216032183,20.892423959398727,0.9998256410321988,17.132455532033674,6
125,19.37840487520902,20.72890248317966,0.904666507813291,17.132455532033674,6
126,18.949137674618942,20.925455782031033,1.002750615572214,17.132455532033674,6
127,18.713594362117867,20.81156381267551,0.8408909352124646,17.132455532033674,6
128,19.37840487520902,21.022428576179717,1.0740655049817402,17.132455532033674,6
129,18.063818169698585,20.783950698021712,0.9741575869504423,17.132455532033674,6
130,17.92756668824971,20.631991242812198,0.8749462713406276,17.132455532033674,6
131,18.79283882771841,20.64253094133801,0.8413999702199514,17.132455532033674,6
132,18.063818169698585,21.004719617831245,1.045215471166935,17.132455532033674,6
133,18.822497216032183,20.926086678651302,0.8765694411933338,17.132455532033674,6
134,17.948331477354788,20.96538710779132,1.0507057682295111,17.132455532033674,6
135,18.640175425099137,20.771738783553943,1.173447001392399,17.132455532033674,6
136,19.213594362117867,20.88806422193264,0.894971998279494,17.132455532033674,6
137,18.83390796058137,20.509090466899195,1.1139053558384224,17.132455532033674,6
138,19.456141357987224,20.902767493366316,0.9507150318980904,17.132455532033674,6
139,18.56953597148327,20.70560333701427,1.0126404713974828,17.132455532033674,6
140,17.960232526704264,20.706662853197955,0.9759248937528302,17.132455532033674,6
141,18.80332963783729,20.696569941655103,0.8922295700287922,17.132455532033674,6
142,18.82828568570857,21.059567828877963,1.141910758318004,17.132455532033674,6
143,18.96619037896906,20.817325309818482,0.8739491019433963,17.132455532033674,6
144,18.140175425099137,20.799714283683485,1.0788139457092012,17.132455532033674,6
145,18.513552872566002,20.69977200379575,1.1981967508239735,17.132455532033674,6
146,19.06287388383278,21.179296582043325,1.0361512349419173,17.132455532033674,6
147,19.04880884817015,20.743207213910782,1.0450672679922848,17.132455532033674,6
148,19.3,21.23414897343596,1.0906061350463199,17.132455532033674,6
149,18.94928556845359,20.703466845397287,1.1221290604568486,17.132455532033674,6
150,18.547722557505168,20.604967460602232,0.8819455160428662,17.132455532033674,6
0,19.169693845669904,20.861476433412935,0.8704830710910632,19.169693845669904,7
1,19.593468988235944,21.033729381502212,0.8609216106828351,19.169693845669904,7
2,19.507878402833892,21.014636995573266,0.8806221852974303,19.169693845669904,7
3,18.16770782520313,20.623102724779603,1.2120646146805314,18.16770782520313,7
4,19.35870331449229,20.93089063433213,0.9020502184447976,18.16770782520313,7
5,18.83622914957372,20.769006417739252,0.8305739814843245,18.16770782520313,7
6,18.679075450674063,20.77022627033053,0.9834067531950035,18.16770782520313,7
7,18.5,20.77291937528274,1.2037997586074602,18.16770782520313,7
8,18.20332963783729,20.60018438909167,1.0496968886275642,18.16770782520313,7
9,18.380624847486573,20.799728280179373,0.9484896747111156,18.16770782520313,7
10,18.735270009440733,20.692203548560457,1.0532538696666511,18.16770782520313,7
11,18.96619037896906,21.097184098880188,1.1786571755241033,18.16770782520313,7
12,19.37840487520902,20.727775992658678,0.8440191362176749,18.16770782520313,7
13,19.049509756796393,20.980191211678104,0.9872584950072996,18.16770782520313,7
14,19.492838827718412,20.89363884643461,0.896463898429492,18.16770782520313,7
15,18.66770782520313,20.622211476206967,0.9852258456196239,18.16770782520313,7
16,17.207106781186546,20.691574548397025,1.352509921873914,17.207106781186546,7
17,18.836660026534076,20.895213668040228,0.9459956528754565,17.207106781186546,7
18,18.408304597359457,20.64145426658833,0.9770095542966034,17.207106781186546,7
19,18.377032961426902,20.97412674633649,1.0767216903751724,17.207106781186546,7
20,19.80332963783729,21.049640627475767,0.9141951279113045,17.207106781186546,7
21,19.235270009440733,20.894305210224925,0.9943661434566661,17.207106781186546,7
22,19.449137674618942,21.17627998269025,0.8316306405687129,17.207106781186546,7
23,17.54494897427832,20.799675348345186,1.233894558191135,17.207106781186546,7
24,18.49373774505092,20.4975398695588,0.8429822809740858,17.207106781186546,7
25,19.09544511501033,20.900799608775124,0.742820818371801,17.207106781186546,7
26,19.280697580112786,20.883013631735476,0.9110829575731006,17.207106781186546,7
27,17.757583690279024,20.412648576772593,1.1682495535797326,17.207106781186546,7
28,19.112403840463596,21.0906492499812,1.0786586219448995,17.207106781186546,7
29,18.48309518948453,20.787591748932254,1.1443406017053492,17.207106781186546,7
30,18.919090595827292,20.698130996704794,1.0753551354443975,17.207106781186546,7
31,18.840967364599088,21.1526796162963,0.9474841289965473,17.207106781186546,7
32,17.62736184954957,20.465217426033604,0.9938832077325052,17.207106781186546,7
33,18.63907194296653,20.85518121837705,0.9822163330103758,17.207106781186546,7
34,19.00830459735946,20.3409938073817,0.9070146170956147,17.207106781186546,7
35,19.513552872566002,20.889971230430127,0.9362751842233705,17.207106781186546,7
36,18.112403840463596,20.777094880912205,0.9172433964063798,17.207106781186546,7
37,19.62664991614216,21.004383453231416,0.946152601880151,17.207106781186546,7
38,18.77979589711327,20.74575627090841,1.002694911269368,17.207106781186546,7
39,18.756465996625053,20.80475534209665,0.8393948860401563,17.207106781186546,7
40,19.071779788708135,20.806308545586873,0.9291999145514723,17.207106781186546,7
41,19.397366596101026,20.56063489893992,0.835754927198721,17.207106781186546,7
42,18.7,21.00529838521106,1.095086116856692,17.207106781186546,7
43,18.06287388383278,20.968210035442553,1.297510241512259,17.207106781186546,7
44,19.13527000944073,20.909539765114783,1.0412524725339947,17.207106781186546,7
45,19.3295630140987,21.067649530916725,0.9563700554104593,17.207106781186546,7
46,18.841640786499873,20.621050441093697,0.8246016527406288,17.207106781186546,7
47,19.411871208194288,20.835410471326426,0.6453904372862759,17.207106781186546,7
48,17.80990195135928,20.850824972170496,1.098056067307401,17.207106781186546,7
49,18.391153452528776,20.897189862983893,1.337291970561671,17.207106781186546,7
50,18.73606797749979,20.430223114317567,1.1142119218241615,17.207106781186546,7
51,17.7,20.308910655068633,1.1585553390198373,17.207106781186546,7
52,18.68062484748657,20.879528264759816,0.9700098429683502,17.207106781186546,7
53,19.5,21.247759852950338,1.005739446679542,17.207106781186546,7
54,19.919090595827292,21.026674632337972,0.6284181755756408,17.207106781186546,7
55,19.34390889145858,20.934629727683703,1.0822274163180774,17.207106781186546,7
56,18.422497216032184,21.05222372557755,1.2688947856123014,17.207106781186546,7
57,18.22474487139159,20.932585500865546,1.2233618862009024,17.207106781186546,7
58,18.55758369027902,20.929929037552558,0.9919610355594726,17.207106781186546,7
59,18.896662954709576,21.094954215404673,0.9991608988844531,17.207106781186546,7
60,17.513552872566002,20.334557022469642,1.0625597837219274,17.207106781186546,7
61,18.94899959967968,20.8256550032913,1.0403754640323561,17.207106781186546,7
62,19.314642819948226,21.041619976962505,1.0367298077711218,17.207106781186546,7
63,18.30990195135928,20.99578079878864,0.9869862994235338,17.207106781186546,7
64,19.560107523773826,21.18162533160456,0.8412782114266782,17.207106781186546,7
65,18.869535971483266,20.975749815586145,1.1293510958975677,17.207106781186546,7
66,18.900000000000002,20.78882510354278,1.0305858662698335,17.207106781186546,7
67,18.76023252670426,20.593908659019657,1.0161458918291333,17.207106781186546,7
68,18.478232998312528,20.703064971988056,1.0209718459021786,17.207106781186546,7
69,18.492838827718412,20.394382885625507,0.9817184511962335,17.207106781186546,7
70,19.25329983228432,20.60467189309113,0.7528088020737025,17.207106781186546,7
71,19.515167380558044,20.743764148741665,0.7916458029569379,17.207106781186546,7
72,18.36619037896906,20.453239668256856,1.1374737545706632,17.207106781186546,7
73,19.21909059582729,20.73801233959105,0.9122013785040489,17.207106781186546,7
74,19.227566688249706,20.661390686634917,0.8228825580344103,17.207106781186546,7
75,18.908304597359457,20.602006756783865,1.0803929444946694,17.207106781186546,7
76,18.22736184954957,20.86844339812697,1.21101686879079,17.207106781186546,7
77,19.255294535724687,21.162736994451638,0.8182877038199377,17.207106781186546,7
78,18.769693845669906,20.713851851343303,0.9707122709449275,17.207106781186546,7
79,19.394427190999917,20.85494134419398,1.0093109714496626,17.207106781186546,7
80,18.322497216032183,20.292078880911305,0.941373025684248,17.207106781186546,7
81,17.7770329614269,20.67538249408173,1.0212464328498907,17.207106781186546,7
82,18.8295630140987,20.69024630423635,1.0624487287856759,17.207106781186546,7
83,18.49373774505092,21.06571206013157,1.1704979868763372,17.207106781186546,7
84,18.163818169698587,20.785478571078485,1.090505435067425,17.207106781186546,7
85,18.673320053068153,20.903220980363972,1.1318709593466765,17.207106781186546,7
86,19.423538406167136,20.93063132307678,1.1320277402108339,17.207106781186546,7
87,18.26023252670426,20.98665079517196,1.1620093024971563,17.207106781186546,7
88,18.54833147735479,20.76995010326968,0.9032110543604488,17.207106781186546,7
89,19.633030277982336,21.153210996555405,0.8655190634497713,17.207106781186546,7
90,18.207106781186546,20.781219583984043,1.245665026230689,17.207106781186546,7
91,18.79283882771841,20.763424532971722,0.9703745394674425,17.207106781186546,7
92,19.047722557505168,20.943380522141375,1.128628981716318,17.207106781186546,7
93,18.50830459735946,20.638544583152107,1.0131050628510363,17.207106781186546,7
94,18.419090595827292,20.487216587824125,1.0865786907420747,17.207106781186546,7
95,19.20713075057055,21.096638320775146,0.9341972427285172,17.207106781186546,7
96,19.269693845669906,20.835475647390844,0.8561985507813392,17.207106781186546,7
97,17.612403840463596,21.136063285177624,1.2542276451577767,17.207106781186546,7
98,18.836660026534076,20.73294809290095,0.8690648575269676,17.207106781186546,7
99,18.400000000000002,20.81786385657755,0.8760281922669314,17.207106781186546,7
100,19.229563014098698,20.90267577325478,0.981747854995793,17.207106781186546,7
101,19.03072757526625,20.510355819822067,0.8274505283847744,17.207106781186546,7
102,18.76023252670426,20.539322825073434,1.0351431117817584,17.207106781186546,7
103,18.836660026534076,20.88379424037163,0.9890422925124318,17.207106781186546,7
104,19.4591260281974,20.884019655898815,0.9785417390349784,17.207106781186546,7
105,18.515167380558044,20.725512379612287,1.0760262186873624,17.207106781186546,7
106,18.664688270438848,20.97126736684068,1.1009311621814442,17.207106781186546,7
107,18.483239697419133,20.782637442839796,0.8994687414991746,17.207106781186546,7
108,18.755294535724687,20.851116074743747,1.0109514931879902,17.207106781186546,7
109,18.869535971483266,20.891673173149304,0.8754036643430323,17.207106781186546,7
110,18.67979589711327,20.37488016301543,1.1729715630554274,17.207106781186546,7
111,18.948683298050515,21.068293145448532,1.2091068573760035,17.207106781186546,7
112,18.3295630140987,20.715197722627078,1.1250149106601064,17.207106781186546,7
113,18.3295630140987,20.627779514847138,1.1848326631508095,17.207106781186546,7
114,19.16794833886788,20.84520669975801,1.0772921173754348,17.207106781186546,7
115,18.419090595827292,20.60213041074121,0.8269836624433069,17.207106781186546,7
116,17.95472369909914,20.687366880170597,0.8460829202586434,17.207106781186546,7
117,18.013552872566002,20.768349368547764,1.3276704151591268,17.207106781186546,7
118,19.38494332412792,21.030805355679213,1.0176351633604317,17.207106781186546,7
119,18.669693845669904,20.982027269848107,0.9506748791704033,17.207106781186546,7
120,17.756465996625053,20.610891522774097,1.1276890529552284,17.207106781186546,7
121,19.227566688249706,20.611419548462873,1.0013859718832496,17.207106781186546,7
122,19.14355957741627,20.9591674737069,0.730763180329146,17.207106781186546,7
123,17.063324958071078,20.890978585037203,1.1269415854605547,17.063324958071078,7
124,19.071779788708135,20.865754036391404,0.7416822694359052,17.063324958071078,7
125,17.757583690279024,20.5249091882134,1.2236984363023669,17.063324958071078,7
126,18.52710574513201,20.786022563466542,0.8384495311283853,17.063324958071078,7
127,19.02710574513201,20.809771316094892,0.6836788608319223,17.063324958071078,7
128,18.134846922834953,20.781876374703653,0.9595429600363272,17.063324958071078,7
129,19.409975124224175,20.98323080067235,0.7542745314443553,17.063324958071078,7
130,18.662049935181333,21.06551105074673,1.1404248241671249,17.063324958071078,7
131,18.896662954709576,20.674409144598187,0.9127942567177123,17.063324958071078,7
132,18.361324772583615,20.631312525160823,1.1596290291055065,17.063324958071078,7
133,18.322497216032183,21.123459729043727,1.0345005159827683,17.063324958071078,7
134,18.960232526704264,21.053906997557345,1.1530750337979863,17.063324958071078,7
135,17.757583690279024,20.6531100124291,1.3245592414705365,17.063324958071078,7
136,18.894427190999917,20.937402119150104,1.2992104936357896,17.063324958071078,7
137,19.429705854077834,20.606740424354715,0.7786204084423983,17.063324958071078,7
138,18.861324772583615,20.89459849934416,1.0279138201287596,17.063324958071078,7
139,18.840967364599088,20.57592888588746,0.7995293803059083,17.063324958071078,7
140,18.515339366124405,20.67293646167303,0.8882492511393426,17.063324958071078,7
141,19.140175425099137,20.561637821948164,0.8534867888162904,17.063324958071078,7
142,18.58113883008419,20.92929089398058,1.0701826320985823,17.063324958071078,7
143,18.368438714135813,20.705549548315652,1.1063424328989262,17.063324958071078,7
144,17.894427190999917,20.494047120511855,1.2043922978861765,17.063324958071078,7
145,19.162049935181333,20.684931152306948,0.9456075900100767,17.063324958071078,7
146,18.5,20.878461206880672,1.043707111952764,17.063324958071078,7
147,18.73622914957372,20.89982101352891,1.1263165073999464,17.063324958071078,7
148,18.66770782520313,20.9130416860024,1.0322040182212457,17.063324958071078,7
149,19.269693845669906,20.642030484768842,0.7958599519358744,17.063324958071078,7
150,18.77979589711327,20.735890066262467,1.1394706697397932,17.063324958071078,7
0,18.960232526704264,20.706263945352372,0.9136558805080014,18.960232526704264,8
1,18.549193338482965,20.272368805948123,0.9579658647011328,18.549193338482965,8
2,18.52480768092719,20.42296543764415,0.7455224715296198,18.52480768092719,8
3,17.7770329614269,20.607352745731163,1.0484009649879062,17.7770329614269,8
4,18.76843871413581,20.87750251124545,1.1517588964879009,17.7770329614269,8
5,19.033907960581374,20.802286480226005,1.0727442922310138,17.7770329614269,8
6,18.14355957741627,20.601126765037083,1.2646787484766118,17.7770329614269,8
7,19.257583690279024,20.80649941366392,0.8271462655741452,17.7770329614269,8
8,19.30990195135928,21.20132850303389,1.1951652542544386,17.7770329614269,8
9,19.088409872672514,20.673967188550463,0.7360522370718271,17.7770329614269,8
10,18.61980390271856,20.5798328440907,0.9286936454629974,17.7770329614269,8
11,19.163818169698587,20.853669679811432,0.813377122883242,17.7770329614269,8
12,18.56953597148327,20.904376265289336,1.1123984174060502,17.7770329614269,8
13,19.260681686165903,20.706190643472432,0.5718969924692203,17.7770329614269,8
14,17.86619037896906,20.745804234849416,1.1703207709939705,17.7770329614269,8
15,18.588409872672514,20.931043336792964,1.1841197884398635,17.7770329614269,8
16,18.741653005427764,20.910247461243532,1.0796606343786788,17.7770329614269,8
17,18.96619037896906,20.930968052683237,1.095923330485899,17.7770329614269,8
18,18.983239697419133,20.86586284748302,0.9542214590642597,17.7770329614269,8
19,18.68679622641132,21.051369507325305,1.18134452950998,17.7770329614269,8
20,18.06953597148327,21.103884025463053,1.113682921708966,17.7770329614269,8
21,19.269693845669906,20.647394658430503,0.9148971132902881,17.7770329614269,8
22,19.055294535724684,20.928944411107633,0.9992320948257902,17.7770329614269,8
23,17.55758369027902,20.19848308298918,1.0048680373299945,17.55758369027902,8
24,19.063818169698585,20.917748163778825,0.8388473896344073,17.55758369027902,8
25,18.013552872566002,20.76929486024103,1.2355023282726227,17.55758369027902,8
26,18.408304597359457,20.9571988792007,1.0698213354763255,17.55758369027902,8
27,18.949137674618942,20.581773188472138,1.053896831727035,17.55758369027902,8
28,19.66770782520313,20.87815211832466,0.6380790290592684,17.55758369027902,8
29,18.33622914957372,20.361502375312057,1.046250165976455,17.55758369027902,8
30,18.11980390271856,20.596170624641868,1.2006384347250105,17.55758369027902,8
31,18.06287388383278,20.58795755929373,0.9937586301513108,17.55758369027902,8
32,18.59544511501033,20.318451637232513,0.971171211138784,17.55758369027902,8
33,19.43095064303001,20.819260797699883,0.8816992321647775,17.55758369027902,8
34,18.171779788708136,20.474734233191747,1.0194363565028641,17.55758369027902,8
35,18.599999999999998,20.875837735152995,1.153823742389572,17.55758369027902,8
36,18.588409872672514,20.648610884798245,0.8363752005176632,17.55758369027902,8
37,19.255294535724687,20.66815972480149,0.9358595761238296,17.55758369027902,8
38,18.669693845669904,20.663008552790107,1.1028703321307207,17.55758369027902,8
39,18.37840487520902,20.984491604942225,1.2761127122929634,17.55758369027902,8
40,18.891153452528776,20.49677968440945,0.8465426247454133,17.55758369027902,8
41,19.322611077089288,20.712721403927997,0.7652742182373112,17.55758369027902,8
42,19.063818169698585,20.77146568661149,0.7833264507996736,17.55758369027902,8
43,18.70332963783729,21.109616125026577,0.7993764520693074,17.55758369027902,8
44,19.048999599679682,20.5536819098511,0.9238467840881975,17.55758369027902,8
45,18.840967364599088,20.812537998953005,1.0020786307783687,17.55758369027902,8
46,19.163818169698587,20.782511340784904,0.9928904418463501,17.55758369027902,8
47,17.669693845669904,20.79040946223847,1.0707847872009328,17.55758369027902,8
48,17.44494897427832,20.59842049563875,0.9755418912685117,17.44494897427832,8
49,19.193737745050925,20.668001667862647,1.0146596739779599,17.44494897427832,8
50,18.54833147735479,20.8612053218481,1.3166979548183926,17.44494897427832,8
51,18.377032961426902,20.83397636984888,1.1262182763413537,17.44494897427832,8
52,19.04880884817015,20.724149943739377,0.8814622359498695,17.44494897427832,8
53,18.948683298050515,20.854676288015103,0.745144317827703,17.44494897427832,8
54,18.822497216032183,20.822855244500463,1.020787495379189,17.44494897427832,8
55,17.7,20.983466805429643,1.2730030464001054,17.44494897427832,8
56,19.588409872672514,20.726627640842796,0.6700149429868505,17.44494897427832,8
57,18.99373774505092,20.514314397989725,0.9576383275039734,17.44494897427832,8
58,18.588409872672514,20.234593947818187,0.7325503452111702,17.44494897427832,8
59,19.55758369027902,21.062488323861288,0.79965964307604,17.44494897427832,8
60,19.229563014098698,21.09981144380799,0.9174848241932106,17.44494897427832,8
61,17.478232998312528,20.749207885334616,1.1615064066597658,17.44494897427832,8
62,19.09544511501033,20.636868756925868,0.9139474096722083,17.44494897427832,8
63,18.2,20.61691556864788,0.923122111924973,17.44494897427832,8
64,19.20293863659264,20.452030916861784,1.036370755143783,17.44494897427832,8
65,18.599999999999998,20.491138214911615,0.8845203126633309,17.44494897427832,8
66,18.58522995463527,20.525885664659224,1.0655353405520036,17.44494897427832,8
67,18.547722557505168,20.56795438408743,0.9146007760730428,17.44494897427832,8
68,18.429705854077834,20.847098028322975,1.2657326571836787,17.44494897427832,8
69,18.3295630140987,20.50786246597306,0.9270318667751507,17.44494897427832,8
70,19.227566688249706,20.862517859158675,1.0634048735732065,17.44494897427832,8
71,18.57763888346312,20.90893442713686,1.1798433950348794,17.44494897427832,8
72,18.59544511501033,20.437754682114242,1.2170806357013622,17.44494897427832,8
73,18.513552872566002,21.220290785267878,1.149816509066312,17.44494897427832,8
74,18.922497216032184,21.120146698134267,1.0760499997106565,17.44494897427832,8
75,17.663818169698587,20.7841850677291,1.156422649115883,17.44494897427832,8
76,18.36619037896906,21.002723728860236,1.1265008230449527,17.44494897427832,8
77,19.38910462845192,20.85882722328495,0.9546595744930361,17.44494897427832,8
78,18.46619037896906,20.962982795892213,1.2459658334650652,17.44494897427832,8
79,18.614642819948223,20.371883473001947,0.919770484178543,17.44494897427832,8
80,19.50830459735946,20.97164463814842,0.7375558663376799,17.44494897427832,8
81,17.663818169698587,20.70345146249944,1.1608365155583613,17.44494897427832,8
82,18.756465996625053,20.827268596608956,0.8999342828268171,17.44494897427832,8
83,17.334846922834956,20.549217020964164,1.0896379929588824,17.334846922834956,8
84,18.640175425099137,20.749050896315328,1.1559434685280108,17.334846922834956,8
85,18.614642819948223,20.744955201297902,1.0361588616721331,17.334846922834956,8
86,19.235270009440733,20.791110693098492,0.8613043831880633,17.334846922834956,8
87,18.88806130178211,20.837742438567748,1.1413071512270425,17.334846922834956,8
88,18.900000000000002,20.499141856311024,0.768121349473414,17.334846922834956,8
89,18.448331477354788,20.792343771216206,1.0676809764053425,17.334846922834956,8
90,19.492838827718412,20.79426100733406,0.6971502980372674,17.334846922834956,8
91,19.063818169698585,20.74765837776883,1.1964518236146033,17.334846922834956,8
92,19.257583690279024,20.72827111313707,0.8747498238528388,17.334846922834956,8
93,18.77979589711327,20.915893734592725,0.8827948052886951,17.334846922834956,8
94,18.414213562373096,20.653477218948357,0.8442189848717612,17.334846922834956,8
95,18.754723699099138,20.71355011716967,1.0421108019471679,17.334846922834956,8
96,18.50830459735946,20.55410286631169,0.9241711522779076,17.334846922834956,8
97,18.140175425099137,20.812033076799157,1.0968209378759488,17.334846922834956,8
98,18.55758369027902,21.068855892826072,1.0782055792738896,17.334846922834956,8
99,17.229563014098698,20.286472548401125,0.9210869495109507,17.229563014098698,8
100,19.285229954635273,20.946175877663382,0.9318204997219257,17.229563014098698,8
101,18.372004514666937,20.479939087259012,1.1839045699295083,17.229563014098698,8
102,18.52828568570857,20.949525610647107,1.1970827578377634,17.229563014098698,8
103,18.70332963783729,20.96384672260203,1.0289968342421956,17.229563014098698,8
104,18.048999599679682,20.659049349260638,1.15215952170373,17.229563014098698,8
105,18.408304597359457,21.13407824664253,0.9953008234272394,17.229563014098698,8
106,19.12736184954957,20.81421359586249,0.8432605154081829,17.229563014098698,8
107,18.04833147735479,20.653966075298896,0.9239603255383363,17.229563014098698,8
108,19.52664991614216,20.94536313468367,0.8697027375441592,17.229563014098698,8
109,19.397366596101026,20.641920195125724,0.7953934158801506,17.229563014098698,8
110,18.714944167960986,20.930772592769564,1.0198560597754245,17.229563014098698,8
111,19.11980390271856,20.687529234362596,0.8113646723116742,17.229563014098698,8
112,18.729563014098698,20.75470404258892,1.0009291850423327,17.229563014098698,8
113,19.563818169698585,21.336432087123512,0.8094268295755064,17.229563014098698,8
114,17.82828568570857,20.798708789463518,1.3096205044349278,17.229563014098698,8
115,18.86619037896906,20.703588325701805,1.1163529346240002,17.229563014098698,8
116,19.76843871413581,21.43381650310452,0.8942335617850895,17.229563014098698,8
117,19.423538406167136,21.091660483878346,0.8821982758142883,17.229563014098698,8
118,18.04880884817015,20.814535240447483,1.2118191687042383,17.229563014098698,8
119,19.640175425099137,20.954091092338285,0.7760440061400553,17.229563014098698,8
120,19.112403840463596,20.751753207347495,0.8302910368400451,17.229563014098698,8
121,18.79283882771841,20.811320001504132,1.1747997342940948,17.229563014098698,8
122,18.47763888346312,20.769594640268664,0.9355743116604834,17.229563014098698,8
123,19.140967364599085,21.16105030206791,1.0079915401901924,17.229563014098698,8
124,19.10554700852678,20.70354118746937,0.758823094792076,17.229563014098698,8
125,18.86619037896906,20.615800517599684,0.8204697144315595,17.229563014098698,8
126,19.467707825203128,20.827867671065015,0.8346611474173755,17.229563014098698,8
127,18.93095064303001,20.54348860120551,1.003912087340057,17.229563014098698,8
128,18.512403840463595,20.73410186223391,1.3487791962881552,17.229563014098698,8
129,17.369535971483266,20.459586643851296,1.208521819870025,17.229563014098698,8
130,19.372004514666937,20.727328134910042,0.8603194755079331,17.229563014098698,8
131,18.93095064303001,21.1129016521553,1.0675441146436648,17.229563014098698,8
132,18.80332963783729,20.525180871308706,0.8058638987263181,17.229563014098698,8
133,18.047722557505168,21.05110042637384,1.0943497826235007,17.229563014098698,8
134,19.880624847486573,21.139043724739764,0.732712994895826,17.229563014098698,8
135,18.54833147735479,20.679262323102854,1.1210617101376585,17.229563014098698,8
136,18.870828693386972,20.544057914482536,1.0816705065918937,17.229563014098698,8
137,18.660107523773828,20.55148516959218,0.951144435101245,17.229563014098698,8
138,19.372004514666937,20.785923075009933,0.7384089304977954,17.229563014098698,8
139,18.729563014098698,20.595399792042144,0.9415991200665635,17.229563014098698,8
140,17.960232526704264,20.58740392966366,1.0659723060641013,17.229563014098698,8
141,18.26023252670426,20.549049755043544,1.0586218425417828,17.229563014098698,8
142,19.063324958071078,20.80351170149633,0.9559939874424143,17.229563014098698,8
143,19.43095064303001,20.87864207331377,0.9610183350146275,17.229563014098698,8
144,18.62664991614216,20.898219448356137,1.148951014530807,17.229563014098698,8
145,18.71909059582729,20.4180207782708,1.0627254402052417,17.229563014098698,8
146,18.099999999999998,20.349058069890525,1.124213094797376,17.229563014098698,8
147,19.372004514666937,20.90915542585694,0.853232633882479,17.229563014098698,8
148,17.640175425099137,20.34448190551309,1.1690352779623718,17.229563014098698,8
149,18.735270009440733,20.865550345929964,1.3406179693228246,17.229563014098698,8
150,19.83390796058137,21.01323317223142,0.6213321242811113,17.229563014098698,8
0,19.193737745050925,20.874934307703853,1.0291682661527866,19.193737745050925,9
1,19.04880884817015,21.069843999374598,1.158533567120033,19.04880884817015,9
2,17.61980390271856,20.58471894859973,1.0949128259677376,17.61980390271856,9
3,18.896662954709576,20.27893063561785,1.1418273216347574,17.61980390271856,9
4,18.960232526704264,20.964909848849583,1.0276200474744626,17.61980390271856,9
5,18.66770782520313,20.968517629363262,0.871654701770774,17.61980390271856,9
6,19.1431676725155,20.803070794855184,1.0168218967647142,17.61980390271856,9
7,18.448331477354788,20.736340763802023,0.9943897179256068,17.61980390271856,9
8,19.024845673131658,20.825771632810554,0.885464359465756,17.61980390271856,9
9,18.953720459187966,20.538781311269666,1.1044228656741335,17.61980390271856,9
10,18.76023252670426,20.750266897381902,0.9734332903777506,17.61980390271856,9
11,18.56953597148327,20.68863590904951,1.101021536339009,17.61980390271856,9
12,18.55758369027902,20.754744114456063,1.1427669000184293,17.61980390271856,9
13,19.214944167960986,21.164311799136215,1.1309917683423694,17.61980390271856,9
14,18.27979589711327,20.53796259259886,1.2962814598679058,17.61980390271856,9
15,18.755294535724687,20.894920631962055,0.8452246537870397,17.61980390271856,9
16,18.992838827718412,21.101711763493416,1.0171006226271957,17.61980390271856,9
17,19.160107523773828,21.165704978092375,1.0190354876680012,17.61980390271856,9
18,18.878232998312527,20.693557162021147,0.9104935937262757,17.61980390271856,9
19,18.70332963783729,20.84096438037322,1.1207055099406955,17.61980390271856,9
20,18.839607805437115,20.883718007164727,0.9828027618827188,17.61980390271856,9
21,19.173320053068153,20.752892638032748,0.8242061035908215,17.61980390271856,9
22,19.314642819948226,20.770960343753114,1.0714485761970431,17.61980390271856,9
23,17.99373774505092,20.705137735415025,1.1350141422486186,17.61980390271856,9
24,18.483239697419133,20.496179710816055,1.1002967235920982,17.61980390271856,9
25,18.922497216032184,20.60247650065533,1.0654364469162356,17.61980390271856,9
26,19.316590212458493,20.88703552848034,0.9165539502516689,17.61980390271856,9
27,19.084943324127924,20.81556675458596,1.0670792034834948,17.61980390271856,9
28,18.50830459735946,20.803301070823615,1.1082105415718086,17.61980390271856,9
29,17.894427190999917,20.680568081448797,1.030096969901038,17.61980390271856,9
30,18.30384048104053,20.7516517611764,1.2392420627305474,17.61980390271856,9
31,18.79283882771841,20.640697449914686,0.8683742233605051,17.61980390271856,9
32,18.991153452528778,20.911359670735184,0.9295864703066993,17.61980390271856,9
33,19.469817807045693,20.88860932790777,0.7666727619389723,17.61980390271856,9
34,18.46619037896906,20.81987305986183,1.1255142446845676,17.61980390271856,9
35,18.380624847486573,20.49977013637019,1.110687254025695,17.61980390271856,9
36,18.62736184954957,20.99569770400325,0.9983965092396616,17.61980390271856,9
37,18.5,20.499196006447537,1.0693864339642176,17.61980390271856,9
38,18.96204993518133,21.047471133026374,1.3229603999709,17.61980390271856,9
39,18.394427190999917,20.811030198782017,1.1233241085287675,17.61980390271856,9
40,19.01657508881031,20.97976843979448,0.9561339270121109,17.61980390271856,9
41,18.949137674618942,20.70736311790594,1.138895216997796,17.61980390271856,9
42,19.370828693386972,20.87570175153842,0.8842928382408483,17.61980390271856,9
43,18.94928556845359,20.6080747623356,0.8155980686791221,17.61980390271856,9
44,18.85870331449229,20.630954653885272,0.9492883030142142,17.61980390271856,9
45,19.397366596101026,20.638625734584366,0.7625178726899006,17.61980390271856,9
46,18.478232998312528,20.75071709695045,1.013976844702069,17.61980390271856,9
47,19.115167380558045,21.154314187492734,1.0069672957972124,17.61980390271856,9
48,19.44928556845359,20.907123160373388,0.8418217452940263,17.61980390271856,9
49,17.900000000000002,20.302506015313085,1.022731586347127,17.61980390271856,9
50,19.09544511501033,20.749521613595377,0.9353671795502632,17.61980390271856,9
51,18.840967364599088,20.81736963222857,0.9925105677711548,17.61980390271856,9
52,19.055294535724684,20.62295914767627,0.7248926322581037,17.61980390271856,9
53,18.571779788708135,20.51299177463891,1.1756701524682964,17.61980390271856,9
54,17.822497216032183,20.368182866800822,1.144066600906273,17.61980390271856,9
55,18.664688270438848,20.84304668727394,1.0194366374175083,17.61980390271856,9
56,18.914213562373096,20.77888560677935,1.0485203935746874,17.61980390271856,9
57,19.06287388383278,21.10590606905131,1.2475978658045628,17.61980390271856,9
58,18.94935886896179,20.514818977777644,0.9255014047675868,17.61980390271856,9
59,18.894427190999917,20.72055251733428,1.1926924609700014,17.61980390271856,9
60,19.01657508881031,21.055968256547075,0.8727263625741246,17.61980390271856,9
61,18.640967364599085,20.658645010969398,1.0654587373643098,17.61980390271856,9
62,19.21909059582729,20.85266346030265,0.9025681995768247,17.61980390271856,9
63,19.295829710142186,21.06079086457819,1.0771925280321397,17.61980390271856,9
64,18.419803902718556,20.92429899705226,0.8940967570058828,17.61980390271856,9
65,19.419090595827292,21.19266527529453,0.9518179929996325,17.61980390271856,9
66,18.87840487520902,20.537234069139032,1.078226901765848,17.61980390271856,9
67,18.563818169698585,20.623738120186164,1.049810893027229,17.61980390271856,9
68,19.049193338482965,20.491423956098018,0.8988335835222668,17.61980390271856,9
69,19.44928556845359,20.94364094389854,0.8891566049020821,17.61980390271856,9
70,19.059591794226545,21.155003972842863,1.0452418107987638,17.61980390271856,9
71,18.683095189484533,20.779676772527022,0.8272901483472692,17.61980390271856,9
72,18.599999999999998,20.423006442052234,0.9722440271926442,17.61980390271856,9
73,18.72736184954957,20.683859192304777,0.9506803433135407,17.61980390271856,9
74,18.612403840463596,20.768030563773227,1.0778788467232505,17.61980390271856,9
75,19.227566688249706,21.068337467355903,0.8645489182515086,17.61980390271856,9
76,19.57156333832011,20.986539120855593,0.743741521524715,17.61980390271856,9
77,18.755294535724687,20.65768262722971,1.060547314075071,17.61980390271856,9
78,18.62736184954957,20.3333631334047,0.8794248542432097,17.61980390271856,9
79,19.372004514666937,20.751143976587247,0.9087622838097715,17.61980390271856,9
80,18.878232998312527,21.026449332581908,0.8894239224506076,17.61980390271856,9
81,18.993468988235943,20.775010243267985,1.0787945286190526,17.61980390271856,9
82,18.97763888346312,20.823452591524674,0.9841288949427535,17.61980390271856,9
83,18.257583690279024,20.82588344091795,1.3005188748312426,17.61980390271856,9
84,18.993468988235943,20.840595791824725,0.9215551175450515,17.61980390271856,9
85,18.213552872566005,20.746565882777503,1.0199362103179723,17.61980390271856,9
86,18.908304597359457,20.811938225569858,0.9931336350777888,17.61980390271856,9
87,19.867156809750927,21.00388983109683,0.9377418222990979,17.61980390271856,9
88,19.134846922834953,21.16362216053093,1.0144854218224535,17.61980390271856,9
89,18.400000000000002,20.7901877190427,1.1665542042253338,17.61980390271856,9
90,18.609975124224178,20.532641877896165,1.1651694145452722,17.61980390271856,9
91,18.99373774505092,20.908846710053496,1.0029669169589552,17.61980390271856,9
92,18.408304597359457,20.861959397272813,1.2426940591953568,17.61980390271856,9
93,19.45870331449229,21.08584807371148,1.0204385124346207,17.61980390271856,9
94,18.80990195135928,20.79287901513644,1.014121368439267,17.61980390271856,9
95,19.209901951359278,20.778263197796246,0.8583973149318542,17.61980390271856,9
96,18.993468988235943,20.60442094555587,0.826655145602742,17.61980390271856,9
97,19.57763888346312,21.13853043283669,1.0709451092167521,17.61980390271856,9
98,19.68321595661992,21.089397966948038,0.8348054711243412,17.61980390271856,9
99,19.18321595661992,20.944109970462026,0.7834564522362945,17.61980390271856,9
100,19.343559577416272,20.758878246378575,0.8434923850752443,17.61980390271856,9
101,18.400000000000002,20.60129126104359,1.17619155666729,17.61980390271856,9
102,18.50830459735946,20.40592073418622,0.9566600855439443,17.61980390271856,9
103,17.612403840463596,20.328320177745606,1.1860494010789546,17.612403840463596,9
104,18.08113883008419,20.69731661765719,1.1441364847349509,17.612403840463596,9
105,18.872004514666937,20.548095430811962,0.8673107222181805,17.612403840463596,9
106,17.919803902718556,20.85230106701765,0.8853997437072326,17.612403840463596,9
107,17.563324958071078,20.80852965532118,1.134575385791503,17.563324958071078,9
108,18.213552872566005,20.691104827543374,0.9250580041918552,17.563324958071078,9
109,18.04928556845359,20.853488535090506,1.000462302077776,17.563324958071078,9
110,18.04833147735479,20.21146499987131,1.0459487421127616,17.563324958071078,9
111,19.048999599679682,20.571807040449,0.8159045204128501,17.563324958071078,9
112,18.834846922834956,20.677469936683405,0.9147608193961204,17.563324958071078,9
113,18.869535971483266,20.651409971557815,0.8531795755294986,17.563324958071078,9
114,17.94928556845359,20.50752287379116,1.180568446460043,17.563324958071078,9
115,18.56953597148327,20.776352589465972,1.0068035222163838,17.563324958071078,9
116,18.841640786499873,20.773679911162287,1.1608999141361511,17.563324958071078,9
117,18.22736184954957,20.80118148301276,1.1516705438650554,17.563324958071078,9
118,19.140967364599085,20.897525101260893,0.9366510024282705,17.563324958071078,9
119,18.869535971483266,20.44564855404554,0.9130204992898888,17.563324958071078,9
120,19.3,21.184692030168854,1.116378701515316,17.563324958071078,9
121,19.634698994937583,20.941877601256778,0.7498240400521968,17.563324958071078,9
122,19.760681686165903,21.070074333629154,0.7223483130962483,17.563324958071078,9
123,17.512403840463595,20.634284777255143,1.2223358023386002,17.512403840463595,9
124,17.900000000000002,20.549817079582336,1.1058086988123537,17.512403840463595,9
125,18.757583690279024,20.96640058641218,1.1850373217363759,17.512403840463595,9
126,18.46619037896906,20.944442441380286,0.9548920243381223,17.512403840463595,9
127,19.49373774505092,20.871103919627853,0.8119543805065147,17.512403840463595,9
128,19.483239697419133,21.093028844498605,0.9783958152550272,17.512403840463595,9
129,19.1431676725155,20.549653381426893,0.8658148023145225,17.512403840463595,9
130,18.640967364599085,20.689667802739887,1.105200750942304,17.512403840463595,9
131,19.088435821108956,20.814376957531334,0.8624007480049982,17.512403840463595,9
132,19.13527000944073,20.733684714580082,0.8992731007168933,17.512403840463595,9
133,17.894427190999917,20.678982860262494,1.1507775464494767,17.512403840463595,9
134,18.634846922834953,20.66577722235195,1.1615288880827954,17.512403840463595,9
135,19.98148877222268,21.029741768304557,0.893863388004175,17.512403840463595,9
136,18.96204993518133,21.045778902204173,0.88049789004803,17.512403840463595,9
137,19.512931993250106,20.68274056815177,0.9110371630225494,17.512403840463595,9
138,19.21909059582729,21.20474448972982,0.9805088187223019,17.512403840463595,9
139,18.599999999999998,20.766212772852924,1.254032979135099,17.512403840463595,9
140,16.960232526704264,20.659168017088117,1.2542633013514088,16.960232526704264,9
141,18.920465053408524,20.840454785943507,1.0703610119620357,16.960232526704264,9
142,18.7,21.19118963990958,0.9390604030537372,16.960232526704264,9
143,18.709901951359278,20.652256241232163,0.8914267882893813,16.960232526704264,9
144,18.862873883832776,21.003952419295473,0.8157375370458562,16.960232526704264,9
145,19.02480768092719,20.72162465502077,1.029332811093554,16.960232526704264,9
146,18.7770329614269,20.659585990776957,0.8756637685123552,16.960232526704264,9
147,18.735270009440733,20.827127215306124,0.897190855623382,16.960232526704264,9
148,19.129705854077837,20.95847052012216,1.044137311008653,16.960232526704264,9
149,19.06953597148327,20.891489255418122,1.0610635478494193,16.960232526704264,9
150,19.322611077089288,20.641777178404592,0.7668643890291426,16.960232526704264,9
0,17.960232526704264,20.756316020816783,0.9963662388956355,17.960232526704264,10
1,19.00554700852678,20.50488370715018,0.8355208351428498,17.960232526704264,10
2,19.621320343559642,21.0590517898235,1.033368891493056,17.960232526704264,10
3,19.13901391331568,20.815201556170695,1.0011643871722054,17.960232526704264,10
4,18.56287388383278,20.78869466399987,1.1786508658456056,17.960232526704264,10
5,19.780350850198275,21.270870519088447,0.7951770572199994,17.960232526704264,10
6,19.29283882771841,21.053990085561427,0.809956848674295,17.960232526704264,10
7,18.555294535724684,20.847249891589186,0.8775946359356807,17.960232526704264,10
8,19.05758369027902,20.9650543403867,1.0456328695084656,17.960232526704264,10
9,17.478232998312528,20.569393037438815,1.011384054082751,17.478232998312528,10
10,18.880624847486573,20.80665584506229,0.9389895340539511,17.478232998312528,10
11,18.672004514666934,20.375585415273072,1.0248940113582137,17.478232998312528,10
12,19.334846922834956,20.733869703069818,0.8002059113076782,17.478232998312528,10
13,18.956465996625056,20.66061968511275,1.0264191828421982,17.478232998312528,10
14,19.11980390271856,20.88191379914193,0.9694722613052843,17.478232998312528,10
15,18.55758369027902,20.904550349230984,1.0709231664903591,17.478232998312528,10
16,18.62736184954957,20.8885676715242,0.975895233541292,17.478232998312528,10
17,19.16770782520313,20.699527916756928,0.7538298016080922,17.478232998312528,10
18,19.05758369027902,20.668918045037383,0.7182497958648525,17.478232998312528,10
19,18.836660026534076,21.150047402347965,0.88187279290574,17.478232998312528,10
20,18.621320343559642,20.959749190677964,0.9374975116096195,17.478232998312528,10
21,18.71909059582729,20.691575761024342,0.8934131217306086,17.478232998312528,10
22,18.09544511501033,20.59986681696598,1.15760198161339,17.478232998312528,10
23,18.929705854077834,21.02328099545647,1.0143816770400453,17.478232998312528,10
24,18.840967364599088,21.126064529801614,1.0828555971499632,17.478232998312528,10
25,18.891153452528776,20.374940739673963,0.8911141438725828,17.478232998312528,10
26,17.274165738677393,20.371974132966216,1.320508265489269,17.274165738677393,10
27,18.840967364599088,21.060503002909616,1.1176938262073872,17.274165738677393,10
28,18.834846922834956,20.84407439570499,0.7446241062045065,17.274165738677393,10
29,19.59666295470958,21.271526149184066,1.0876157161697002,17.274165738677393,10
30,19.43095064303001,20.959170776626863,0.9440497098225956,17.274165738677393,10
31,18.547722557505168,20.606851755137313,1.0649586888639364,17.274165738677393,10
32,17.8295630140987,20.75170954523435,1.1830443342599952,17.274165738677393,10
33,18.877032961426902,20.973368074592056,1.0204308074809372,17.274165738677393,10
34,19.609975124224178,21.114439159841833,0.80733556070957,17.274165738677393,10
35,18.87840487520902,20.922780922739435,0.9824637089655879,17.274165738677393,10
36,19.54880884817015,20.822807885534136,0.7302394196527405,17.274165738677393,10
37,19.40831891575846,21.095990386812474,0.9023887716193255,17.274165738677393,10
38,18.949444375840397,21.04609263238672,1.021536769784724,17.274165738677393,10
39,18.830950643030008,20.547199965230835,1.1041706237407631,17.274165738677393,10
40,19.582207001484488,21.10215625044407,1.0221396219390266,17.274165738677393,10
41,18.07364413533277,20.57537209923539,0.9782720917611454,17.274165738677393,10
42,17.98309518948453,20.898824750672663,1.1071362138293823,17.274165738677393,10
43,19.26468827043885,21.07511550803432,1.0513951155927757,17.274165738677393,10
44,18.76023252670426,20.768525944303438,1.0767934664365153,17.274165738677393,10
45,19.37840487520902,21.023805075259208,0.9285969075161934,17.274165738677393,10
46,19.254723699099138,20.946620872916228,0.7856331684221236,17.274165738677393,10
47,19.396662954709576,20.5985447430602,0.7501055036698211,17.274165738677393,10
48,18.61980390271856,20.545939902135217,1.0064117636885055,17.274165738677393,10
49,17.889897948556634,20.60589316603531,1.1369094297818128,17.274165738677393,10
50,18.16770782520313,20.562686076508683,1.1346205393729725,17.274165738677393,10
51,19.3295630140987,20.558311379163143,0.8767666804377184,17.274165738677393,10
52,18.380624847486573,20.773781228524477,1.26192314062948,17.274165738677393,10
53,18.22736184954957,20.724088819658434,0.98934310977221,17.274165738677393,10
54,19.224807680927192,21.16973687706968,0.8653741256973214,17.274165738677393,10
55,19.285229954635273,20.901973251028593,0.8863583819459758,17.274165738677393,10
56,19.285229954635273,21.107513274126877,0.9987312097757645,17.274165738677393,10
57,19.269693845669906,20.852171735232968,0.840356893337514,17.274165738677393,10
58,18.988409872672513,20.96990817225408,1.1400852929986227,17.274165738677393,10
59,18.866431913239847,20.946623958707523,0.9180474453192458,17.274165738677393,10
60,19.007878402833892,20.9740640838105,1.0646389369319136,17.274165738677393,10
61,19.084943324127924,20.785484312741023,1.032580080777928,17.274165738677393,10
62,19.599999999999998,21.124635630385335,1.0586162115675402,17.274165738677393,10
63,19.520465053408525,21.051473691974035,0.8080107976125711,17.274165738677393,10
64,18.429705854077834,20.78213095967732,0.998556688166218,17.274165738677393,10
65,18.571779788708135,20.659539054957353,0.9603540849872154,17.274165738677393,10
66,17.22736184954957,20.21795621214748,1.2431412010955785,17.22736184954957,10
67,18.285229954635273,20.70759308644281,1.08793265560703,17.22736184954957,10
68,18.11245154965971,20.488120088557768,0.6850674480071323,17.22736184954957,10
69,19.00830459735946,20.839632262161288,0.8983872581182446,17.22736184954957,10
70,19.636664289109586,20.907058191178653,0.8145955468119708,17.22736184954957,10
71,17.72474487139159,20.748057808950026,0.9535780048601412,17.22736184954957,10
72,17.80990195135928,20.613328544126905,1.1104729572477703,17.22736184954957,10
73,19.75329983228432,20.961902703278827,0.9327525902917975,17.22736184954957,10
74,18.00830459735946,20.258190805460714,1.0603047935372985,17.22736184954957,10
75,17.707106781186546,20.478762589750456,1.213153615304643,17.22736184954957,10
76,18.16770782520313,20.839033226674967,1.1093216269283248,17.22736184954957,10
77,18.483266665599963,20.98991038675639,1.1828076098046372,17.22736184954957,10
78,18.2,20.889902758773545,1.1130141939245954,17.22736184954957,10
79,17.974165738677396,20.764319115097646,1.1228778735852334,17.22736184954957,10
80,18.877032961426902,20.502682294369052,0.8085292358070935,17.22736184954957,10
81,18.894427190999917,20.675790345308034,1.0318059864408498,17.22736184954957,10
82,18.448683298050515,20.864747950598517,1.1523836095710431,17.22736184954957,10
83,18.59544511501033,20.82015781458635,0.9906911352876313,17.22736184954957,10
84,18.908304597359457,21.169511872810173,1.0278325952135987,17.22736184954957,10
85,18.56953597148327,20.9354908088779,1.0786205991712974,17.22736184954957,10
86,19.055294535724684,20.44105224376697,0.7524033657082463,17.22736184954957,10
87,19.52828568570857,20.765962911596315,0.7089748281942387,17.22736184954957,10
88,18.478232998312528,20.917742122844995,1.091792541294705,17.22736184954957,10
89,18.735270009440733,20.693481203658024,0.9362520860399767,17.22736184954957,10
90,18.30384048104053,20.57455110341287,0.9074748441704603,17.22736184954957,10
91,17.71909059582729,20.874108969314936,1.2226789024320739,17.22736184954957,10
92,19.114642819948223,20.979292627558948,1.0707001158315017,17.22736184954957,10
93,18.72736184954957,20.796482550104432,0.9412175906501823,17.22736184954957,10
94,18.707106781186546,20.732225735946788,1.0530620204075931,17.22736184954957,10
95,18.99373774505092,21.012789639089124,0.9749625968070433,17.22736184954957,10
96,18.730727575266254,20.657315334787402,0.9256416731337981,17.22736184954957,10
97,19.05758369027902,20.834657852661405,0.8619370685786274,17.22736184954957,10
98,18.26843871413581,20.8760482001625,1.2376675000705002,17.22736184954957,10
99,18.80787840283389,20.75723230501018,1.0594042772074026,17.22736184954957,10
100,18.414213562373096,20.590411996699014,1.049370883252179,17.22736184954957,10
101,19.408304597359457,20.741885387384496,0.9944795673266237,17.22736184954957,10
102,18.612403840463596,20.545389737781477,0.955875215379787,17.22736184954957,10
103,18.17979589711327,20.690397459540524,0.96265389111987,17.22736184954957,10
104,18.448331477354788,20.884878061774405,1.0569179883731137,17.22736184954957,10
105,19.055294535724684,20.99411339710631,0.8971502587079767,17.22736184954957,10
106,18.673320053068153,20.771750807477844,0.9089981117419202,17.22736184954957,10
107,18.77979589711327,21.072181495201896,0.9347862398338128,17.22736184954957,10
108,18.160107523773828,20.8050737888729,1.1075477367474742,17.22736184954957,10
109,19.109975124224178,20.5751923257115,0.9573786699016101,17.22736184954957,10
110,19.08113883008419,20.70582066280133,0.9304641669975491,17.22736184954957,10
111,18.900000000000002,20.695349706545148,0.8904385030407345,17.22736184954957,10
112,18.2770329614269,20.704884789153912,1.1144285199840882,17.22736184954957,10
113,18.520465053408525,20.610057009914325,1.2037722377759883,17.22736184954957,10
114,19.210844001658266,21.025004280870775,1.007997989480046,17.22736184954957,10
115,19.16770782520313,20.653037852822553,1.1152270034616343,17.22736184954957,10
116,19.20293863659264,21.10598373482193,1.0549368811800564,17.22736184954957,10
117,18.322497216032183,20.513274929094475,0.7539971953462717,17.22736184954957,10
118,19.160107523773828,20.88419211671882,0.9487865428217106,17.22736184954957,10
119,18.735270009440733,20.85952743283154,0.9324407770453316,17.22736184954957,10
120,19.22736184954957,21.143828290724716,1.0222253254329021,17.22736184954957,10
121,18.448683298050515,20.839628565173367,0.9703709337168736,17.22736184954957,10
122,19.316590212458493,20.918465865206084,0.9566302928032989,17.22736184954957,10
123,17.72736184954957,20.69464544360137,1.1350816998154496,17.22736184954957,10
124,19.09544511501033,21.02197845472766,0.9876764176606927,17.22736184954957,10
125,19.12664991614216,20.789206039246437,0.8461682040175257,17.22736184954957,10
126,19.54928556845359,21.105089717196943,1.0495467046131584,17.22736184954957,10
127,19.2,21.0324327762043,0.954198817656071,17.22736184954957,10
128,18.956465996625056,20.70711808204833,0.8863964941326669,17.22736184954957,10
129,19.121320343559642,20.91886267027531,0.9525907849032076,17.22736184954957,10
130,18.76397674405503,20.677838108882636,0.9292485066005194,17.22736184954957,10
131,17.834846922834956,20.250461643834736,1.1423048112992267,17.22736184954957,10
132,18.8,20.67804415189186,0.9528286651626086,17.22736184954957,10
133,18.422497216032184,20.509310601582737,0.9507628662229064,17.22736184954957,10
134,18.492838827718412,20.838672698597037,1.1156720663524093,17.22736184954957,10
135,19.396662954709576,20.90670386001442,0.8220357330085564,17.22736184954957,10
136,18.11980390271856,20.6858270048221,1.26080112068492,17.22736184954957,10
137,18.920465053408524,20.6329037438009,0.9139668553325491,17.22736184954957,10
138,19.48148877222268,20.875357159485215,1.0025539535451446,17.22736184954957,10
139,19.235270009440733,20.912819614332395,1.0368342687350196,17.22736184954957,10
140,18.822611077089288,20.821984049156335,0.9379474785097524,17.22736184954957,10
141,18.96619037896906,20.66306398561701,0.8738783258718443,17.22736184954957,10
142,18.80384048104053,20.397577401611247,0.8790268496550306,17.22736184954957,10
143,18.55758369027902,20.84499087110134,1.1296178712953813,17.22736184954957,10
144,17.98309518948453,20.644238647169292,1.2391597137159296,17.22736184954957,10
145,19.06953597148327,20.611267672931056,0.7149394260016637,17.22736184954957,10
146,17.76332495807108,21.123221557958853,1.283987816575616,17.22736184954957,10
147,17.316227766016837,20.16385147821155,1.3314533640105768,17.22736184954957,10
148,18.42756668824971,20.710117977323623,0.9971138628818056,17.22736184954957,10
149,18.683095189484533,20.573808120817176,1.109771878191197,17.22736184954957,10
150,19.85870331449229,21.01339841580553,0.9128417301384273,17.22736184954957,10
0,19.01657508881031,20.741684026787837,0.8458195216109339,19.01657508881031,11
1,19.816590212458493,21.12350060150388,0.7817691852353615,19.01657508881031,11
2,19.456465996625056,20.916417852220423,0.8278956808627342,19.01657508881031,11
3,18.709901951359278,20.837512508951573,0.9278611331260532,18.709901951359278,11
4,17.599999999999998,20.729106300047295,1.2131237624490625,17.599999999999998,11
5,18.83390796058137,20.540314328603312,0.9491734450189616,17.599999999999998,11
6,19.114642819948223,20.80867573425988,0.9375434075670744,17.599999999999998,11
7,18.693737745050925,20.778757814869106,1.179527802194366,17.599999999999998,11
8,17.94494897427832,20.58181842251277,1.0364398590721813,17.599999999999998,11
9,19.32828568570857,20.946909110679726,0.9547286810541837,17.599999999999998,11
10,18.369535971483266,20.680709377559136,1.1885696620171122,17.599999999999998,11
11,18.659126028197402,20.78986690343885,0.94164056281766,17.599999999999998,11
12,18.50830459735946,20.723554069848785,1.132382778651098,17.599999999999998,11
13,19.22474487139159,20.937689256767438,0.8458887024182811,17.599999999999998,11
14,18.419090595827292,21.04141519932143,0.9931031113599215,17.599999999999998,11
15,18.512403840463595,21.157056011631244,1.0593063949125625,17.599999999999998,11
16,19.055294535724684,20.74107524404478,1.1675140200538014,17.599999999999998,11
17,19.00830459735946,20.939696950189447,1.2320348195781468,17.599999999999998,11
18,19.613112646970897,20.856225991078688,0.8152194610511949,17.599999999999998,11
19,18.80787840283389,20.527944313164266,1.0046610554870703,17.599999999999998,11
20,19.555294535724684,21.45553195770911,1.0374911679357262,17.599999999999998,11
21,19.06287388383278,20.808785041693383,0.8167955949747238,17.599999999999998,11
22,19.209901951359278,20.52343465917612,0.7941034270792713,17.599999999999998,11
23,19.02480768092719,20.953676810611412,0.9904101985751983,17.599999999999998,11
24,18.693737745050925,20.51012799145109,0.9880084520954959,17.599999999999998,11
25,19.645906043549196,21.092569483208155,1.0174420069324241,17.599999999999998,11
26,19.3,20.80482101611083,0.7912412280128356,17.599999999999998,11
27,18.30384048104053,20.858120564300332,1.211047748544529,17.599999999999998,11
28,19.099999999999998,21.03575013492443,1.2143938736929052,17.599999999999998,11
29,19.054065922853802,20.53021594468218,0.946630359431699,17.599999999999998,11
30,18.948683298050515,20.49446614208202,0.6838074315059908,17.599999999999998,11
31,18.456465996625056,20.62865106192986,1.0745448072788446,17.599999999999998,11
32,17.774165738677393,20.649582701884764,1.021756617146473,17.599999999999998,11
33,19.229563014098698,20.768025963324906,0.7897490032571871,17.599999999999998,11
34,18.50830459735946,20.33151687395042,0.7596455604969045,17.599999999999998,11
35,18.20332963783729,20.719782909912485,1.1675103019926025,17.599999999999998,11
36,18.50454076850486,20.752820586702015,0.9213084908280975,17.599999999999998,11
37,18.429705854077834,20.560784210785965,1.1635210520516865,17.599999999999998,11
38,19.61245154965971,20.891857613484525,0.8696838021839641,17.599999999999998,11
39,18.900000000000002,20.86379166603803,0.9313267203445239,17.599999999999998,11
40,18.923538406167136,20.46962613811239,1.124485258668593,17.599999999999998,11
41,19.56953597148327,20.84931246100338,0.762666494820656,17.599999999999998,11
42,18.460232526704264,20.789532768109826,1.1654586383545713,17.599999999999998,11
43,19.366431913239847,20.87866490468714,0.8015696658842453,17.599999999999998,11
44,18.46619037896906,20.881146227875206,0.9655545842759938,17.599999999999998,11
45,19.370828693386972,20.71406931800219,0.9603599993121658,17.599999999999998,11
46,18.61980390271856,20.646276022531108,0.8795338955851426,17.599999999999998,11
47,19.162049935181333,20.909443163764085,1.0258961235100184,17.599999999999998,11
48,19.756465996625053,21.160693283684108,0.8577328251266806,17.599999999999998,11
49,19.316515138991168,20.797754517096212,0.9430568056692883,17.599999999999998,11
50,18.87840487520902,20.3612427436029,0.8169278669008082,17.599999999999998,11
51,19.2,21.281766912362503,0.9596784663825924,17.599999999999998,11
52,19.44948974278318,20.88422848038014,0.8937709185761463,17.599999999999998,11
53,18.239071942966532,20.313597347212195,1.0972808295823846,17.599999999999998,11
54,18.48309518948453,20.672916778436303,1.2257390568167421,17.599999999999998,11
55,19.780350850198275,21.027876623888346,0.821365459718627,17.599999999999998,11
56,19.26023252670426,21.115847199440264,1.011010966311978,17.599999999999998,11
57,18.58113883008419,20.878564089437003,1.0515802112752362,17.599999999999998,11
58,17.30990195135928,20.929944226969997,1.3780652507844813,17.30990195135928,11
59,19.00830459735946,20.939365327344127,0.973352247226236,17.30990195135928,11
60,19.12736184954957,21.00963554455249,0.9736942117307564,17.30990195135928,11
61,19.822611077089288,20.990540357039336,0.7499401024158033,17.30990195135928,11
62,18.520465053408525,20.57947615727974,1.1385685605263778,17.30990195135928,11
63,18.632455532033674,20.855249546784517,1.0724935422891546,17.30990195135928,11
64,19.3,20.86928531636536,0.8434170107624901,17.30990195135928,11
65,19.80384048104053,21.013603847822868,0.8602921600262038,17.30990195135928,11
66,18.71909059582729,21.11781354516661,0.9638722874716454,17.30990195135928,11
67,18.099999999999998,20.51864469225161,1.2196377501797386,17.30990195135928,11
68,18.640175425099137,20.98569744102108,1.2626647533381363,17.30990195135928,11
69,19.132455532033674,20.87605691575438,0.844892365175343,17.30990195135928,11
70,18.843559577416272,20.608102008801605,0.962605004973544,17.30990195135928,11
71,19.112403840463596,20.97823250860122,1.0673540504485892,17.30990195135928,11
72,19.11980390271856,21.032405197170213,1.0093574716313483,17.30990195135928,11
73,18.467707825203128,20.79446253694273,1.094008513892909,17.30990195135928,11
74,16.80990195135928,20.51558663371686,1.2851714584405989,16.80990195135928,11
75,18.560107523773826,20.887805216939313,0.9183986287037886,16.80990195135928,11
76,19.084943324127924,20.704222788573052,0.7801034200297378,16.80990195135928,11
77,18.67979589711327,20.540255314409553,0.9244902959229614,16.80990195135928,11
78,19.362873883832776,21.0163900588067,0.7976856693170097,16.80990195135928,11
79,18.72736184954957,21.05108239370634,0.9544662596253554,16.80990195135928,11
80,18.207106781186546,20.527606941910527,0.9445491553942176,16.80990195135928,11
81,18.419090595827292,20.797279313370677,1.0896284275290575,16.80990195135928,11
82,19.21909059582729,20.805256204805058,0.882820930357565,16.80990195135928,11
83,17.834846922834956,20.838390496515725,1.4199911793847142,16.80990195135928,11
84,19.460232526704264,20.842982572548518,0.9965200656734085,16.80990195135928,11
85,19.411871208194288,20.9043719479395,0.8659856499472227,16.80990195135928,11
86,18.26023252670426,20.554860503298805,1.024386535792526,16.80990195135928,11
87,18.369535971483266,20.51166006314926,0.9979265544041335,16.80990195135928,11
88,18.724807680927192,21.09710850244872,1.1606388929620155,16.80990195135928,11
89,19.129705854077837,20.47498065790947,0.8024906855695361,16.80990195135928,11
90,19.281488772222676,20.67133425933184,0.8930318296961429,16.80990195135928,11
91,18.49373774505092,20.65275396860506,1.1430486735035532,16.80990195135928,11
92,18.735270009440733,21.06286685673815,0.7244273025397494,16.80990195135928,11
93,17.978232998312528,20.778870589942144,1.139331688139123,16.80990195135928,11
94,18.448683298050515,20.97930800389677,1.0723493721788,16.80990195135928,11
95,18.87840487520902,20.967595693953445,0.9974837182217567,16.80990195135928,11
96,19.183095189484533,21.09019648497861,0.9222281136030421,16.80990195135928,11
97,19.18321595661992,20.590138275510473,1.0667809467146574,16.80990195135928,11
98,18.877032961426902,21.003579973177736,1.1879750225269508,16.80990195135928,11
99,20.055294535724684,21.1153751674767,0.607591490766049,16.80990195135928,11
100,17.634846922834953,20.76984176105236,1.030524124084293,16.80990195135928,11
101,17.513552872566002,20.388662881090568,1.2737140751074225,16.80990195135928,11
102,18.488409872672513,20.372908809359952,1.1047689440256565,16.80990195135928,11
103,19.841640786499873,20.950808578628536,0.6958068700517738,16.80990195135928,11
104,17.948683298050515,20.612764825943763,1.2629789847835258,16.80990195135928,11
105,18.816227766016837,20.808439918704945,0.897750684994772,16.80990195135928,11
106,18.928991560298222,20.623893008419955,0.9874325089273679,16.80990195135928,11
107,18.836660026534076,20.825883800229317,0.9326731536211775,16.80990195135928,11
108,19.555294535724684,20.75924598482528,0.8352508854049526,16.80990195135928,11
109,18.86619037896906,20.633426197601583,1.0953983849991427,16.80990195135928,11
110,18.7,20.416350632305406,1.0249558219699235,16.80990195135928,11
111,18.769693845669906,20.485115507154088,1.0339568089211215,16.80990195135928,11
112,19.013552872566002,20.84027734947922,0.9869047784470169,16.80990195135928,11
113,18.94928556845359,20.47403448712799,0.8598289056849694,16.80990195135928,11
114,18.336660026534076,20.626854059827554,0.8803593238041139,16.80990195135928,11
115,19.460232526704264,20.694955300545704,0.7486771699904138,16.80990195135928,11
116,18.991153452528778,20.407168416413683,0.8692872819831521,16.80990195135928,11
117,18.673320053068153,21.065603257227618,0.8813032784333934,16.80990195135928,11
118,18.894427190999917,20.69215821575891,0.8964112117898345,16.80990195135928,11
119,18.389897948556634,20.680708664769604,0.8617620584813579,16.80990195135928,11
120,18.93238075793812,20.935501890655143,0.9618913966159353,16.80990195135928,11
121,19.492838827718412,20.847279652682612,0.925632287125465,16.80990195135928,11
122,19.01657508881031,21.04645117962423,1.028549183692342,16.80990195135928,11
123,19.10554700852678,20.66054614818488,0.9647277985806801,16.80990195135928,11
124,18.992838827718412,20.6759449657578,0.9516638371812796,16.80990195135928,11
125,18.06287388383278,20.98286036645654,1.0427960331769521,16.80990195135928,11
126,18.755294535724687,20.876834539219658,0.9679671067568699,16.80990195135928,11
127,19.664582518894846,21.438614931030823,0.8153007512955482,16.80990195135928,11
128,19.597617696340304,21.060185762694456,0.906755632869675,16.80990195135928,11
129,19.163818169698587,20.897737291954428,1.0544162944345485,16.80990195135928,11
130,18.948683298050515,20.853841212728312,1.0259563633405502,16.80990195135928,11
131,18.18062484748657,20.389932341799472,1.000573764594392,16.80990195135928,11
132,17.919803902718556,20.386612545427177,1.0893038152566705,16.80990195135928,11
133,18.112403840463596,20.801994817669293,1.084722972510457,16.80990195135928,11
134,18.555294535724684,20.877657449256173,0.9384214407932671,16.80990195135928,11
135,18.894427190999917,20.577529087369324,0.8983031844007175,16.80990195135928,11
136,18.140175425099137,20.730833441210205,1.2413424956740238,16.80990195135928,11
137,18.414213562373096,20.97956159058492,0.9607017347025572,16.80990195135928,11
138,18.68062484748657,20.98350043837925,1.0785180091184692,16.80990195135928,11
139,18.877032961426902,20.38706486813511,0.7151008192360304,16.80990195135928,11
140,18.588409872672514,20.74181142932402,1.0657059887598788,16.80990195135928,11
141,18.77979589711327,21.085193684142425,0.9337877904642559,16.80990195135928,11
142,18.378232998312527,20.79799252216058,1.00347204850655,16.80990195135928,11
143,19.391153452528776,20.89985724075486,0.9259915774433615,16.80990195135928,11
144,19.172004514666934,21.136336444169515,1.030480076397018,16.80990195135928,11
145,18.729563014098698,20.860852825957767,1.2803345244350572,16.80990195135928,11
146,18.96619037896906,21.32659010394756,1.0059373628998682,16.80990195135928,11
147,18.288854381999833,20.650199534850213,1.1751757371546496,16.80990195135928,11
148,18.834846922834956,20.842343570619388,0.7694410824469058,16.80990195135928,11
149,18.663818169698587,20.65431259383065,0.9838940720098168,16.80990195135928,11
150,19.359591794226542,20.658461613201087,0.8749635539602502,16.80990195135928,11
0,18.94899959967968,20.69082817704764,0.826689453604127,18.94899959967968,12
1,17.978232998312528,20.952566577211268,1.1151386957425593,17.978232998312528,12
2,18.735270009440733,20.595070711404315,1.1455747391872424,17.978232998312528,12
3,18.640175425099137,20.791840420141114,0.9945275741444114,17.978232998312528,12
4,18.61980390271856,20.569626903639417,0.8160735683547914,17.978232998312528,12
5,18.322497216032183,20.821314408351366,1.0976366615126247,17.978232998312528,12
6,19.991153452528778,20.914253366794647,0.7098705255744922,17.978232998312528,12
7,18.94899959967968,20.557156155822053,1.00953084387081,17.978232998312528,12
8,18.922497216032184,20.65018193740102,0.9081073330738012,17.978232998312528,12
9,19.664688270438848,21.12405422664607,0.8085900342607508,17.978232998312528,12
10,18.134846922834953,20.53950627608512,1.1638368123177356,17.978232998312528,12
11,18.52664991614216,20.796112664449,1.0400783370724098,17.978232998312528,12
12,19.427105745132007,21.078960417733686,0.8773704964824123,17.978232998312528,12
13,18.96619037896906,20.826059396193575,1.2079494873050203,17.978232998312528,12
14,19.46204993518133,20.96720404652643,0.8623733706553514,17.978232998312528,12
15,18.841640786499873,20.9705664616661,0.9578196554681666,17.978232998312528,12
16,18.960232526704264,20.51459555169883,0.716480508843952,17.978232998312528,12
17,19.483266665599963,20.825974194264443,0.7395283923073862,17.978232998312528,12
18,19.50830459735946,20.871503464268304,0.8687535517750388,17.978232998312528,12
19,18.140967364599085,20.49701776130769,0.8762225067025022,17.978232998312528,12
20,18.52480768092719,20.95956312993066,1.1321775603722568,17.978232998312528,12
21,18.7,20.705702095967613,0.8934375007479101,17.978232998312528,12
22,18.76023252670426,20.722961596558097,0.8757564492033102,17.978232998312528,12
23,19.013552872566002,20.880987366337646,0.8384252573583392,17.978232998312528,12
24,19.055294535724684,21.12613297821506,0.9840112240472751,17.978232998312528,12
25,18.162049935181333,20.972394309349674,1.0353678590442155,17.978232998312528,12
26,18.966479394838267,20.913699145981727,1.0585115374292304,17.978232998312528,12
27,18.29283882771841,20.792549381283873,0.9914122459430891,17.978232998312528,12
28,18.76332495807108,21.032376601927194,1.0360051592403567,17.978232998312528,12
29,18.491153452528778,20.50904978266018,0.9201611169781825,17.978232998312528,12
30,17.922497216032184,20.83515203283283,1.1128269300831255,17.922497216032184,12
31,18.429705854077834,21.027040539184082,1.1649903483431758,17.922497216032184,12
32,18.83390796058137,20.759247310241335,1.314188206594131,17.922497216032184,12
33,19.322497216032183,20.724565967962576,0.7801205773360499,17.922497216032184,12
34,19.70332963783729,21.023707808621293,0.9349911345049552,17.922497216032184,12
35,19.419090595827292,20.935837726461333,0.9314162312423939,17.922497216032184,12
36,18.099999999999998,20.85872084760246,0.9688214297440159,17.922497216032184,12
37,18.754065922853805,21.01111915160817,1.1132985792554722,17.922497216032184,12
38,19.533030277982334,21.061224005883215,1.0777343092224438,17.922497216032184,12
39,17.61980390271856,20.81426921509858,1.3087346124349875,17.61980390271856,12
40,18.274596669241483,20.83415667255069,1.139103932004973,17.61980390271856,12
41,18.83622914957372,21.046854833832153,1.0606276399365393,17.61980390271856,12
42,18.140967364599085,20.87852350333566,1.1070630425916554,17.61980390271856,12
43,18.664688270438848,20.962161127724503,1.0294339171013067,17.61980390271856,12
44,18.55758369027902,20.69811579753299,0.9345606808764282,17.61980390271856,12
45,18.919090595827292,20.524314218257434,0.8016527405911711,17.61980390271856,12
46,18.256465996625053,20.721430545339434,1.1078492267662345,17.61980390271856,12
47,19.033907960581374,21.10342737280128,0.9679117395011625,17.61980390271856,12
48,19.563818169698585,20.871222278137456,0.6611831608635146,17.61980390271856,12
49,19.084943324127924,21.018371856463517,1.234033899992911,17.61980390271856,12
50,18.063818169698585,20.507067098042338,0.9530270924369877,17.61980390271856,12
51,18.756465996625053,21.03418598287389,0.9177952759997678,17.61980390271856,12
52,19.29283882771841,20.906261658218305,0.900130560316897,17.61980390271856,12
53,18.877032961426902,20.91250754719439,0.7265895023871605,17.61980390271856,12
54,18.09544511501033,20.673745206437637,1.1600794156404146,17.61980390271856,12
55,18.62736184954957,20.83602683349333,1.0921247836566048,17.61980390271856,12
56,18.51651513899117,20.88120792036547,0.9994361401056777,17.61980390271856,12
57,18.93469899493758,21.078922252692198,1.2062768721335702,17.61980390271856,12
58,19.06953597148327,20.6779579301063,0.9893042984952284,17.61980390271856,12
59,18.988409872672513,20.874724921853385,0.9000548302833251,17.61980390271856,12
60,19.30384048104053,20.341939686351807,0.7463410825370587,17.61980390271856,12
61,18.533907960581374,20.627661019483494,1.1467902486023913,17.61980390271856,12
62,18.8,20.993605729799878,1.3583358260869565,17.61980390271856,12
63,19.210844001658266,20.815284697630187,0.9255843700297949,17.61980390271856,12
64,19.140175425099137,20.752634808172935,0.870436758137686,17.61980390271856,12
65,19.492838827718412,20.912188938485453,0.9807593102238119,17.61980390271856,12
66,19.18062484748657,20.220724806227274,0.6484533010000282,17.61980390271856,12
67,19.227566688249706,20.68900194951938,0.8594735947627644,17.61980390271856,12
68,17.389897948556634,20.543695969854845,1.0087187691179595,17.389897948556634,12
69,18.914213562373096,20.985315346239414,1.0554749785641924,17.389897948556634,12
70,18.378232998312527,20.851220522324038,1.2211624632087719,17.389897948556634,12
71,18.929705854077834,20.778230679203027,1.1282375363605754,17.389897948556634,12
72,18.956465996625056,20.454467813135167,0.8894139081484493,17.389897948556634,12
73,18.769693845669906,20.876227544069188,0.9993458777565134,17.389897948556634,12
74,18.757583690279024,21.019061625889723,1.1975220624996732,17.389897948556634,12
75,18.869535971483266,20.949470767348213,1.0199875399469105,17.389897948556634,12
76,18.26023252670426,20.876068883856977,1.136611657349388,17.389897948556634,12
77,19.20332963783729,20.76262445182519,1.0187663370560376,17.389897948556634,12
78,18.7,20.750425476915293,0.8505368108258384,17.389897948556634,12
79,18.62736184954957,20.49604779582046,1.0167557567200265,17.389897948556634,12
80,18.880624847486573,20.71418619853266,0.9348703192197464,17.389897948556634,12
81,19.362873883832776,20.753990182659813,1.0500450011969065,17.389897948556634,12
82,18.872004514666937,21.004414299674213,0.9888595810579782,17.389897948556634,12
83,18.26332495807108,20.574251808541163,1.0766058034026664,17.389897948556634,12
84,18.235270009440733,20.714650029027098,1.1426202273587418,17.389897948556634,12
85,19.341640786499873,20.914496592365854,0.7469376638115434,17.389897948556634,12
86,18.171779788708136,20.808025989679255,1.0761785300772242,17.389897948556634,12
87,18.908304597359457,20.578589235570345,0.9652731182154275,17.389897948556634,12
88,19.60768096208106,20.949743992607964,0.7663129944282561,17.389897948556634,12
89,18.66770782520313,20.875113918692183,0.7681217620762649,17.389897948556634,12
90,19.781488772222676,21.328003331204926,0.8499482343123888,17.389897948556634,12
91,18.063818169698585,20.92024762101592,1.0583247002835103,17.389897948556634,12
92,18.2770329614269,20.877205137207927,1.1449269305422525,17.389897948556634,12
93,19.30787840283389,20.741951752308086,0.8310341833623363,17.389897948556634,12
94,18.671779788708136,21.0504325892716,0.9296089884613253,17.389897948556634,12
95,18.563324958071078,21.07478034675999,1.067747160700342,17.389897948556634,12
96,18.878232998312527,20.977902118566167,1.0140988352857996,17.389897948556634,12
97,18.18062484748657,20.563576561280424,1.0510208061423945,17.389897948556634,12
98,18.836660026534076,20.852533044050126,1.0548484386924954,17.389897948556634,12
99,19.140175425099137,20.822904488142868,0.7948230518799763,17.389897948556634,12
100,18.679075450674063,20.652332635328595,1.0665809941368256,17.389897948556634,12
101,18.334846922834956,20.559668807102938,1.3220569474671529,17.389897948556634,12
102,19.049193338482965,20.661692932424618,1.0139094202497947,17.389897948556634,12
103,17.59666295470958,20.719199544970223,1.1403443237998738,17.389897948556634,12
104,19.30332963783729,20.728551838628604,0.7597778057079454,17.389897948556634,12
105,18.80332963783729,20.483869606999082,1.0406372423628911,17.389897948556634,12
106,18.822497216032183,21.124268860555976,0.9602334541914398,17.389897948556634,12
107,18.59544511501033,20.563228084168696,1.0489965916181456,17.389897948556634,12
108,18.55758369027902,20.86756090421767,0.937058800954575,17.389897948556634,12
109,18.6431676725155,21.062378765063638,1.12941662500764,17.389897948556634,12
110,18.86619037896906,20.669378154331795,1.0883349571878904,17.389897948556634,12
111,19.330950643030008,20.88112899844772,0.7932924228886397,17.389897948556634,12
112,18.00830459735946,20.814624487358135,1.1283481439268106,17.389897948556634,12
113,19.012403840463595,20.934360357046806,0.9582079399964928,17.389897948556634,12
114,17.769693845669906,20.607603905015406,1.1994431232740088,17.389897948556634,12
115,18.071779788708135,20.976467400295668,1.145633828090592,17.389897948556634,12
116,18.48309518948453,20.5866165748462,0.9982494251223398,17.389897948556634,12
117,18.71909059582729,20.82649205702893,0.9968535615035952,17.389897948556634,12
118,18.908304597359457,20.753804550971484,0.9394102623662842,17.389897948556634,12
119,18.922497216032184,20.477437623357883,0.9265083179210434,17.389897948556634,12
120,19.049193338482965,20.84859581970384,1.0659682148306169,17.389897948556634,12
121,18.54880884817015,20.734331352728713,0.9405310327566243,17.389897948556634,12
122,19.30332963783729,21.235505806850842,0.8341709831200083,17.389897948556634,12
123,18.169693845669904,21.069589119477186,1.3066361873275685,17.389897948556634,12
124,18.900000000000002,21.022301999490054,1.077752452149338,17.389897948556634,12
125,18.336660026534076,20.86203353154792,1.008873871349958,17.389897948556634,12
126,18.870828693386972,20.786254762436787,0.8422409582896128,17.389897948556634,12
127,19.49615099714943,21.08776285824645,0.88308549336032,17.389897948556634,12
128,18.419803902718556,20.838586126643644,1.1305308173326007,17.389897948556634,12
129,18.66794833886788,20.54843466488838,1.0735782574160107,17.389897948556634,12
130,18.709901951359278,20.694429862349,1.0578028041422725,17.389897948556634,12
131,18.878232998312527,20.776806250384322,1.1300466188188696,17.389897948556634,12
132,18.44928556845359,20.367951566115924,0.9287540123100921,17.389897948556634,12
133,18.51657508881031,20.978446735586378,1.045146071399981,17.389897948556634,12
134,19.41084400165827,20.78890745648826,0.9442349627756162,17.389897948556634,12
135,18.460232526704264,20.590440738282606,0.984752839480041,17.389897948556634,12
136,18.336660026534076,20.625935004461084,1.1758629606139392,17.389897948556634,12
137,19.46619037896906,21.27700717410743,1.0264701366788587,17.389897948556634,12
138,19.163818169698587,21.07441397103808,1.175796352660984,17.389897948556634,12
139,18.729563014098698,20.83663690010677,1.068889661272941,17.389897948556634,12
140,18.50554700852678,20.78917572304866,0.9364023859864755,17.389897948556634,12
141,19.683266665599966,20.83869954563511,0.7955052926971448,17.389897948556634,12
142,19.088409872672514,20.672127659872668,0.7559839444610411,17.389897948556634,12
143,19.50830459735946,21.076296679320464,0.7412497266314415,17.389897948556634,12
144,18.0,20.47762118502557,1.0073834049546186,17.389897948556634,12
145,20.2,21.056422057369577,0.5001057982475381,17.389897948556634,12
146,18.920465053408524,20.680015734232985,0.9682190718589813,17.389897948556634,12
147,19.785229954635273,20.986857821150974,0.6808638113031646,17.389897948556634,12
148,17.86619037896906,20.87686031183716,1.200271998728102,17.389897948556634,12
149,19.448331477354788,20.60298974524848,0.8545756919714576,17.389897948556634,12
150,18.76397674405503,20.539227283627053,0.9158945919625248,17.389897948556634,12
0,19.213552872566005,20.667876540655733,0.766343662918514,19.213552872566005,13
1,18.693737745050925,20.76581732084065,1.011318014515717,18.693737745050925,13
2,19.18062484748657,20.525148311524475,0.8035198894335492,18.693737745050925,13
3,17.86619037896906,20.819099156331493,1.387728675142155,17.86619037896906,13
4,18.99373774505092,21.12878727666141,1.0252687380748828,17.86619037896906,13
5,19.908304597359457,20.91919280572601,0.5423927886684493,17.86619037896906,13
6,18.419803902718556,20.479596651741918,0.8100110873559195,17.86619037896906,13
7,19.063818169698585,20.753816933937426,0.8918987515156519,17.86619037896906,13
8,18.85870331449229,20.663592488860274,0.9514479415262828,17.86619037896906,13
9,18.314642819948226,20.629667493131517,0.821338944166574,17.86619037896906,13
10,18.089897948556636,20.52995499041192,1.1640501093103395,17.86619037896906,13
11,18.920465053408524,21.225496685827142,1.030260729838118,17.86619037896906,13
12,18.640175425099137,20.868392992475254,1.1850311392723885,17.86619037896906,13
13,18.8295630140987,20.85468705590252,0.9857122171103133,17.86619037896906,13
14,19.133030277982336,20.515437190524764,1.0192050478850454,17.86619037896906,13
15,18.59544511501033,20.51575420271236,1.0218567266164649,17.86619037896906,13
16,18.63527000944073,20.73421351324698,1.2216344963210142,17.86619037896906,13
17,18.58113883008419,20.7814766975211,1.1997707152783526,17.86619037896906,13
18,18.229563014098698,20.659616458451207,0.9423171291711103,17.86619037896906,13
19,18.62736184954957,20.89365400229201,1.1542273577570585,17.86619037896906,13
20,19.488409872672513,21.152674327134662,0.9899342032878772,17.86619037896906,13
21,18.967707825203128,20.96673383897479,0.9054263599531374,17.86619037896906,13
22,19.129705854077837,21.001995349837784,0.946741833524552,17.86619037896906,13
23,19.088409872672514,20.86168678732668,0.8757020409181264,17.86619037896906,13
24,18.52664991614216,20.491287489310036,1.056651596735601,17.86619037896906,13
25,18.467707825203128,20.76457972952707,0.9415818496776208,17.86619037896906,13
26,19.50554700852678,21.213776818107988,0.7852244847195947,17.86619037896906,13
27,18.63527000944073,20.80599808731593,1.1157854207613496,17.86619037896906,13
28,19.0,20.843231023687682,0.9165252711114594,17.86619037896906,13
29,18.55758369027902,21.309639301076064,1.157074367735691,17.86619037896906,13
30,18.50830459735946,20.705779894199477,1.0579378061342746,17.86619037896906,13
31,18.54928556845359,21.089966109023603,0.9499138974492365,17.86619037896906,13
32,19.18062484748657,20.540307449774016,0.9329375109235699,17.86619037896906,13
33,18.62664991614216,20.715308683840153,0.9250291701160854,17.86619037896906,13
34,19.18321595661992,21.105065383561442,1.1676983671694001,17.86619037896906,13
35,18.834846922834956,20.94132916561474,0.9383595916041301,17.86619037896906,13
36,18.134846922834953,20.857474007691454,0.996586583945858,17.86619037896906,13
37,18.769693845669906,20.676176557548075,0.9579639961608077,17.86619037896906,13
38,18.679075450674063,20.774955515067916,0.9999018829521744,17.86619037896906,13
39,18.420465053408524,21.036118328106145,1.1779790274330368,17.86619037896906,13
40,18.729563014098698,20.527663280088536,0.863085028757291,17.86619037896906,13
41,17.724807680927192,20.530667548636885,1.016754261276682,17.724807680927192,13
42,18.13527000944073,21.21705406989957,0.997439492060285,17.724807680927192,13
43,19.08522995463527,20.987134522244947,1.0298232988214004,17.724807680927192,13
44,18.8295630140987,20.369990045888432,0.8968664766967173,17.724807680927192,13
45,17.709901951359278,20.690676130990738,1.2139778498447107,17.709901951359278,13
46,18.919803902718556,20.695530479709255,1.0362690824677108,17.709901951359278,13
47,18.492838827718412,20.412941645212044,1.0163352574320494,17.709901951359278,13
48,17.378232998312527,20.261909295167527,1.2599567315048,17.378232998312527,13
49,18.52664991614216,20.667642903632203,0.9012332771567961,17.378232998312527,13
50,19.11980390271856,20.752763720991968,0.8215477068351447,17.378232998312527,13
51,19.099999999999998,20.60929885827646,0.9362122839078012,17.378232998312527,13
52,19.380624847486573,20.854424795774236,0.7291583025164281,17.378232998312527,13
53,19.007130750570546,20.58988751680569,0.9648788599446861,17.378232998312527,13
54,19.391153452528776,20.936492143948396,1.065643855162243,17.378232998312527,13
55,19.08522995463527,20.304019113222534,0.6427819806067083,17.378232998312527,13
56,18.54833147735479,20.60650186693991,1.06568294362023,17.378232998312527,13
57,19.316515138991168,20.881293303177586,0.8716388067960597,17.378232998312527,13
58,18.93469899493758,21.168156247503102,0.8126805569717842,17.378232998312527,13
59,19.049193338482965,20.500467410577425,0.8442522987646812,17.378232998312527,13
60,18.400000000000002,20.3222077198173,1.057427467938635,17.378232998312527,13
61,18.920465053408524,20.8050033474309,0.8655968987431397,17.378232998312527,13
62,18.98148877222268,20.686540193265802,0.8882032400696008,17.378232998312527,13
63,19.330950643030008,20.788870295456007,0.5943257111211531,17.378232998312527,13
64,18.878232998312527,20.773721825199946,1.0937788631542633,17.378232998312527,13
65,18.55758369027902,21.007091405174027,1.1423476641577257,17.378232998312527,13
66,19.26023252670426,20.80586177741719,0.7493571234360522,17.378232998312527,13
67,19.01657508881031,21.029011326690398,0.8679298263295983,17.378232998312527,13
68,18.04833147735479,20.180595308428646,1.2377803761406607,17.378232998312527,13
69,19.02480768092719,21.10367707207321,1.0374407426012018,17.378232998312527,13
70,18.814642819948226,20.88542325179891,0.924431289100004,17.378232998312527,13
71,19.13527000944073,20.70101783710241,1.0224323032975227,17.378232998312527,13
72,19.400000000000002,21.038673848075188,0.7552017837876367,17.378232998312527,13
73,19.063818169698585,21.184526542950223,1.1734605208128988,17.378232998312527,13
74,18.949137674618942,21.099041942574335,1.0092141090914055,17.378232998312527,13
75,19.693737745050925,20.844528447189006,0.8135910682241876,17.378232998312527,13
76,18.27979589711327,20.612527226975956,1.0104289383888054,17.378232998312527,13
77,19.588409872672514,21.233655689313363,1.0977123989734012,17.378232998312527,13
78,19.420465053408524,20.9287066714584,1.0479453443836648,17.378232998312527,13
79,18.099999999999998,20.26045671054977,1.116084625174029,17.378232998312527,13
80,17.87840487520902,20.651856930305243,1.013126717261693,17.378232998312527,13
81,18.207106781186546,20.51881694919275,1.021159545868482,17.378232998312527,13
82,19.559591794226545,21.00501622674074,0.9635737152621761,17.378232998312527,13
83,18.369535971483266,20.50402791044523,1.2050683649465073,17.378232998312527,13
84,18.169693845669904,20.883595594466485,1.1913660420342584,17.378232998312527,13
85,19.256465996625053,20.676410962113305,0.7927143930769612,17.378232998312527,13
86,19.121320343559642,20.74008527602154,1.0327295687985416,17.378232998312527,13
87,19.117935662402836,20.81165551348168,0.9151137092160666,17.378232998312527,13
88,18.834846922834956,20.94411452903778,1.0460745497240698,17.378232998312527,13
89,19.42756668824971,20.675848662865253,0.7624880906026962,17.378232998312527,13
90,19.491153452528778,20.689943147043167,0.6238582569922121,17.378232998312527,13
91,18.83622914957372,20.61239391922699,0.9161161901414339,17.378232998312527,13
92,18.408304597359457,21.00281329863799,1.0535823893886311,17.378232998312527,13
93,18.51657508881031,20.605538353603823,1.1983986672301548,17.378232998312527,13
94,18.62736184954957,20.99957263436347,0.9211511538099054,17.378232998312527,13
95,18.929705854077834,20.40505070250072,0.7232250027157717,17.378232998312527,13
96,17.671779788708136,21.12962052191427,1.221641627491432,17.378232998312527,13
97,17.947213595499957,20.27967615025258,1.0229376551451606,17.378232998312527,13
98,18.834846922834956,20.73861885299661,1.0011978817522784,17.378232998312527,13
99,19.099999999999998,21.07054296553053,1.045923298720546,17.378232998312527,13
100,18.362873883832776,20.486644410159297,0.9358823051286772,17.378232998312527,13
101,18.22736184954957,20.764757523974186,0.9838658341773198,17.378232998312527,13
102,18.988409872672513,20.505591074080748,0.8546189861357765,17.378232998312527,13
103,18.584943324127924,20.735236539885268,0.8922426282701206,17.378232998312527,13
104,19.56287388383278,21.20687386184162,0.8396441323113379,17.378232998312527,13
105,18.974868417407585,20.8176425411112,1.1677870087226914,17.378232998312527,13
106,17.956465996625056,21.056598082142074,0.9543986397486576,17.378232998312527,13
107,18.967707825203128,20.815541505899645,1.0569157711553667,17.378232998312527,13
108,18.288854381999833,20.706826017201085,0.9995442802899225,17.378232998312527,13
109,18.16770782520313,20.486779627282868,1.033558235123204,17.378232998312527,13
110,19.30384048104053,21.281052645067547,0.9024544630707291,17.378232998312527,13
111,18.22736184954957,20.64662544627169,1.0355836897452597,17.378232998312527,13
112,18.089897948556636,20.66356879873331,1.0476428390610317,17.378232998312527,13
113,18.72474487139159,20.726014647642916,1.1826678335053848,17.378232998312527,13
114,18.629705854077837,20.674474917769178,1.0423083959000436,17.378232998312527,13
115,18.54880884817015,20.9142063837616,0.9165722704489215,17.378232998312527,13
116,19.1431676725155,20.584824269423184,0.9004903330485168,17.378232998312527,13
117,18.82828568570857,20.61647520058901,0.8679968809338898,17.378232998312527,13
118,19.12736184954957,20.786026953831506,0.7089325622346951,17.378232998312527,13
119,18.555294535724684,21.0546346779643,1.03536950435027,17.378232998312527,13
120,19.09544511501033,20.80903768457504,0.9355825522261858,17.378232998312527,13
121,17.229563014098698,20.554678782882586,1.0904964466632252,17.229563014098698,13
122,18.419803902718556,20.468738182377567,0.9991777479127479,17.229563014098698,13
123,19.56287388383278,20.84698528325944,0.6318946182958891,17.229563014098698,13
124,18.729563014098698,20.521625156387405,1.0219339314431457,17.229563014098698,13
125,19.1431676725155,20.75304883270039,1.0238514532776977,17.229563014098698,13
126,18.755294535724687,20.60872096439043,1.0808377158087776,17.229563014098698,13
127,18.033907960581374,20.499517352756598,0.9502968166972144,17.229563014098698,13
128,19.693737745050925,21.121167763464424,0.7618360278560837,17.229563014098698,13
129,18.533030277982334,20.592256144960427,1.0619871806097907,17.229563014098698,13
130,18.513552872566002,20.484486958620664,0.947192046100151,17.229563014098698,13
131,19.07364413533277,20.72203537894389,0.8150810812363577,17.229563014098698,13
132,19.05758369027902,20.654360611350636,1.083906322810876,17.229563014098698,13
133,19.07763888346312,20.706330787668296,0.9353915329765118,17.229563014098698,13
134,18.900000000000002,20.849466941451585,1.009359525009431,17.229563014098698,13
135,17.900000000000002,20.643852719005867,1.152766298682586,17.229563014098698,13
136,19.227566688249706,20.797388465232178,0.919387819023933,17.229563014098698,13
137,19.140967364599085,20.70801312828353,0.8431992333779607,17.229563014098698,13
138,19.368438714135813,20.644704794145817,0.8144365104527912,17.229563014098698,13
139,18.58113883008419,21.224354258808287,1.0964728125871506,17.229563014098698,13
140,18.59544511501033,20.445808825476302,0.8571188142595211,17.229563014098698,13
141,18.62736184954957,20.538565895361213,1.0098699903211568,17.229563014098698,13
142,18.76843871413581,20.938205224331615,1.0634427949433165,17.229563014098698,13
143,19.36397674405503,21.100655033012178,0.8339431774684872,17.229563014098698,13
144,18.54833147735479,20.872362679824576,1.3609827079686068,17.229563014098698,13
145,17.36287388383278,20.58800042119731,1.3263655890964088,17.229563014098698,13
146,18.599999999999998,20.862823016664567,1.0766279991667662,17.229563014098698,13
147,18.563818169698585,21.059954023219166,1.0925919666290156,17.229563014098698,13
148,18.894427190999917,20.61197240189667,1.1694345056549753,17.229563014098698,13
149,18.229563014098698,20.908703296871348,1.0059797322744009,17.229563014098698,13
150,19.488409872672513,21.048516572509744,0.9349728517143919,17.229563014098698,13
0,18.63907194296653,20.7517973355288,0.8880293284877606,18.63907194296653,14
1,18.29283882771841,20.847474221855382,1.0662416458797292,18.29283882771841,14
2,18.896662954709576,20.93003631098554,1.0902897694470253,18.29283882771841,14
3,19.00830459735946,20.67854640312989,1.0190217967177648,18.29283882771841,14
4,19.05758369027902,20.5688011452545,0.9375264497665793,18.29283882771841,14
5,18.17979589711327,20.66021623635839,0.8535557123812594,18.17979589711327,14
6,17.16770782520313,20.70725340808697,1.2394506847194235,17.16770782520313,14
7,17.5,20.316519518790283,1.0425312479418816,17.16770782520313,14
8,16.900000000000002,20.794856186237876,1.2840374503575949,16.900000000000002,14
9,18.735270009440733,21.02393669208627,1.1805250816949857,16.900000000000002,14
10,18.729563014098698,20.86433820424644,0.9618853001572222,16.900000000000002,14
11,18.614642819948223,21.205068723476966,1.2078520398518047,16.900000000000002,14
12,19.121320343559642,20.767483222272315,1.1672987516814854,16.900000000000002,14
13,17.56953597148327,20.84418969670817,1.3476962501129106,16.900000000000002,14
14,18.56953597148327,20.69004240965603,1.3094490029042782,16.900000000000002,14
15,19.256465996625053,20.937105524274763,0.754801507510543,16.900000000000002,14
16,18.62664991614216,20.70871993366137,1.045282395294581,16.900000000000002,14
17,19.761706725018236,21.240192816989225,0.9715523755486873,16.900000000000002,14
18,17.80384048104053,20.936138264421363,0.9845695484622561,16.900000000000002,14
19,18.840967364599088,20.778060897666904,0.9174252010119401,16.900000000000002,14
20,19.13527000944073,21.199619385848013,1.0016420031794728,16.900000000000002,14
21,18.62736184954957,20.790794984030345,0.9317768750699493,16.900000000000002,14
22,19.224807680927192,21.186184377567734,1.041452844617413,16.900000000000002,14
23,17.256465996625053,20.667733546096084,1.2120282515600618,16.900000000000002,14
24,18.992838827718412,20.77111799879636,0.8017557970935129,16.900000000000002,14
25,19.660107523773828,20.99738640225151,0.8978258564446153,16.900000000000002,14
26,19.18062484748657,20.69591055938984,1.0770240717321269,16.900000000000002,14
27,19.44948974278318,20.827018340439214,0.9842955932580075,16.900000000000002,14
28,18.68062484748657,20.69739362200453,1.1547477572727847,16.900000000000002,14
29,19.08113883008419,20.639366596860793,0.8968414453783302,16.900000000000002,14
30,18.707106781186546,20.615283345863705,0.9614825298871875,16.900000000000002,14
31,17.63527000944073,20.6597711644995,0.9556362052736098,16.900000000000002,14
32,18.62664991614216,20.482990177431546,0.976891035713107,16.900000000000002,14
33,19.23622914957372,20.735043286361996,0.81090067806054,16.900000000000002,14
34,18.992838827718412,20.8556524070905,0.7865609915297005,16.900000000000002,14
35,18.369535971483266,20.84806367991531,1.1174089466105643,16.900000000000002,14
36,18.836660026534076,20.730188638294138,0.7764125577101749,16.900000000000002,14
37,18.089897948556636,20.806246537398454,0.9611233816917766,16.900000000000002,14
38,17.7,20.631718826047337,1.2648191674303606,16.900000000000002,14
39,18.088409872672514,20.69242897963055,0.9243971988280628,16.900000000000002,14
40,18.62736184954957,20.49208428337354,0.9600668422160603,16.900000000000002,14
41,19.06287388383278,20.972588015693518,1.0317179290417606,16.900000000000002,14
42,18.36619037896906,20.722032605864772,0.7982955307990947,16.900000000000002,14
43,18.919090595827292,20.96357141722531,1.0752246558010008,16.900000000000002,14
44,19.140967364599085,20.687773811902407,0.8793614938165313,16.900000000000002,14
45,19.173320053068153,21.11149657716212,0.9694564083382139,16.900000000000002,14
46,18.408304597359457,20.838985712697106,1.0893226431704968,16.900000000000002,14
47,17.76023252670426,19.96406445978704,1.109966912007368,16.900000000000002,14
48,18.316590212458493,20.9119017106461,1.2947050776981335,16.900000000000002,14
49,18.09544511501033,20.70576211809613,1.3024855135544027,16.900000000000002,14
50,17.98309518948453,20.498950101715906,1.017373826617975,16.900000000000002,14
51,18.967707825203128,21.05235873166048,0.8920660118155804,16.900000000000002,14
52,19.44928556845359,20.883011518607244,0.9693963341327487,16.900000000000002,14
53,18.992838827718412,21.129622340455114,1.1977053646434268,16.900000000000002,14
54,19.68321595661992,20.832405099443452,0.8694629306158772,16.900000000000002,14
55,17.900000000000002,20.56349077916678,0.9658952571595549,16.900000000000002,14
56,19.140175425099137,20.710409020142663,1.0423049827565234,16.900000000000002,14
57,18.919090595827292,20.807183901447015,0.6981100433359689,16.900000000000002,14
58,18.09544511501033,20.849241340666097,1.0199417076981565,16.900000000000002,14
59,19.50554700852678,20.631599366117772,0.8042226883078031,16.900000000000002,14
60,18.394427190999917,20.90954623067137,1.0467791985803903,16.900000000000002,14
61,18.559591794226545,20.784442500592633,1.0144855269442519,16.900000000000002,14
62,18.83622914957372,20.63516250448085,0.8558572986181224,16.900000000000002,14
63,19.167156809750924,20.852466392321308,1.116486309628289,16.900000000000002,14
64,18.140967364599085,20.858265254839267,1.2115896538245086,16.900000000000002,14
65,18.830950643030008,20.904900131188807,0.9653046581631228,16.900000000000002,14
66,19.0,20.788155597985995,0.9758473793945325,16.900000000000002,14
67,17.54833147735479,20.534436413766073,1.0770180966720495,16.900000000000002,14
68,19.255294535724687,21.180871032150197,1.0951649634592115,16.900000000000002,14
69,19.380624847486573,20.712924636103413,0.9511627375022537,16.900000000000002,14
70,19.520465053408525,20.835318655564137,0.7588236558648568,16.900000000000002,14
71,18.900000000000002,20.95146147609307,0.9591416804506352,16.900000000000002,14
72,17.967707825203128,20.96725060295732,1.3663269333052983,16.900000000000002,14
73,18.80384048104053,20.411221602098202,0.9355698867291148,16.900000000000002,14
74,19.09544511501033,20.867045133029002,0.8777240995198816,16.900000000000002,14
75,19.239071942966532,20.966763181372972,0.7888117846321845,16.900000000000002,14
76,19.256465996625053,20.703809660437987,0.7825771419220491,16.900000000000002,14
77,18.868438714135813,20.75349267425521,1.049019269575759,16.900000000000002,14
78,19.5,20.91731374998218,0.7667527950339158,16.900000000000002,14
79,18.816590212458493,20.916691469915055,1.0209544185691535,16.900000000000002,14
80,19.664582518894846,21.128510936229723,0.7576049794184089,16.900000000000002,14
81,19.481742422927145,20.728796991643105,0.6936039589290877,16.900000000000002,14
82,18.841640786499873,20.54352910100836,0.8787097323859078,16.900000000000002,14
83,19.1431676725155,20.82623226104138,1.10159356170639,16.900000000000002,14
84,18.21909059582729,20.21440621431378,1.1223054252064126,16.900000000000002,14
85,19.099999999999998,20.752937462758407,0.7016069308458002,16.900000000000002,14
86,19.507878402833892,20.902552821191065,0.930209282340886,16.900000000000002,14
87,19.739071942966532,21.25341152672048,0.9471293302614061,16.900000000000002,14
88,17.024807680927193,20.58141281475143,1.1915914457759902,16.900000000000002,14
89,17.26332495807108,21.02495244521909,1.103428477462224,16.900000000000002,14
90,18.66770782520313,20.88192031160306,1.3724570714273747,16.900000000000002,14
91,19.429705854077834,20.886633956380322,0.8071816375347102,16.900000000000002,14
92,18.908304597359457,20.850226185765866,1.1814874831600908,16.900000000000002,14
93,19.372004514666937,21.023985541256028,0.8826661869285295,16.900000000000002,14
94,19.134846922834953,21.188808276841588,0.8045283113619679,16.900000000000002,14
95,18.76843871413581,20.764977163973334,1.0491883183459905,16.900000000000002,14
96,18.914213562373096,20.74043575896134,0.7091889362603274,16.900000000000002,14
97,18.51657508881031,20.688408642171485,1.0892333059362895,16.900000000000002,14
98,18.830950643030008,20.7667251649732,0.8798437127532567,16.900000000000002,14
99,19.634698994937583,21.134888936521815,0.7416041470376502,16.900000000000002,14
100,19.10554700852678,20.563189333299857,0.7654986555381088,16.900000000000002,14
101,18.380624847486573,20.651852709302155,0.9367835434527324,16.900000000000002,14
102,18.61980390271856,20.89030525609905,1.0052610688435741,16.900000000000002,14
103,19.1431676725155,21.037998807265698,1.0032552570659166,16.900000000000002,14
104,18.560107523773826,20.598653552487452,1.1030448144916336,16.900000000000002,14
105,19.12736184954957,20.760432981654557,0.8007599839925204,16.900000000000002,14
106,19.12736184954957,20.68694160663263,0.8481099348829995,16.900000000000002,14
107,18.57364413533277,20.47470349861926,1.112122883742946,16.900000000000002,14
108,17.900000000000002,20.894824573443053,1.2677791445285937,16.900000000000002,14
109,18.419090595827292,20.775569538250178,1.0903815994175985,16.900000000000002,14
110,19.35870331449229,20.959052339776434,0.8313072351296241,16.900000000000002,14
111,18.5,20.527443138617873,0.9803048693806019,16.900000000000002,14
112,18.588409872672514,20.393613082613417,0.8760877783773409,16.900000000000002,14
113,18.756465996625053,20.424014079754617,0.9136539033258859,16.900000000000002,14
114,19.51657508881031,21.123417796995884,1.001255211903476,16.900000000000002,14
115,19.18679622641132,20.6841496462921,1.0709976024574732,16.900000000000002,14
116,18.836660026534076,21.067119876731372,0.9652398701704478,16.900000000000002,14
117,18.836660026534076,21.038279972171782,1.042978967175484,16.900000000000002,14
118,18.640967364599085,20.997358361504347,0.7974492236599711,16.900000000000002,14
119,18.80384048104053,20.722939256828493,1.0498984413926815,16.900000000000002,14
120,18.922497216032184,20.712641423959052,0.8713448885303006,16.900000000000002,14
121,17.99373774505092,20.465152350120317,1.1734014093520944,16.900000000000002,14
122,19.136664289109586,21.008315962353784,0.8700571110187707,16.900000000000002,14
123,18.584943324127924,20.87828199068214,1.0578681949887037,16.900000000000002,14
124,18.72474487139159,20.815412221475547,1.0791785313743563,16.900000000000002,14
125,19.099999999999998,20.904357050330244,0.8443059451170101,16.900000000000002,14
126,18.52828568570857,20.664892982447057,0.9598065583922434,16.900000000000002,14
127,19.336660026534076,20.762681410478624,0.8226538119274489,16.900000000000002,14
128,17.729563014098698,20.355131136871943,1.326896170451421,16.900000000000002,14
129,19.210844001658266,20.641641562667413,0.8686861998189,16.900000000000002,14
130,19.183266665599966,20.847474903635362,0.8487785529589787,16.900000000000002,14
131,19.07763888346312,20.957932677166877,1.0349538210295905,16.900000000000002,14
132,18.8295630140987,21.11855556822939,1.1162979584873414,16.900000000000002,14
133,18.640967364599085,20.840933931730135,1.1453108551345328,16.900000000000002,14
134,18.12736184954957,20.547526369126345,0.9264472112456525,16.900000000000002,14
135,19.38806130178211,20.980915930773772,0.8139882957867771,16.900000000000002,14
136,18.467707825203128,20.539212909723773,0.8680754623207311,16.900000000000002,14
137,19.492838827718412,21.068527746685692,0.8246827175536201,16.900000000000002,14
138,19.460232526704264,20.795916216504697,0.8799877403290657,16.900000000000002,14
139,19.483266665599963,20.950793426152295,0.8282397618035857,16.900000000000002,14
140,18.956465996625056,20.926148258236424,0.9847567279503018,16.900000000000002,14
141,18.491153452528778,20.29204349050585,0.8998375526123549,16.900000000000002,14
142,18.785229954635273,20.72648707380954,0.8806516567989998,16.900000000000002,14
143,19.088409872672514,20.835389535415953,1.054864744429114,16.900000000000002,14
144,19.114642819948223,20.832931787854807,0.7962123258151753,16.900000000000002,14
145,18.769693845669906,20.714775156896422,0.9383536129625772,16.900000000000002,14
146,17.547722557505168,21.003933237095442,1.2977829820643727,16.900000000000002,14
147,18.769693845669906,20.885556640412997,0.9451486592101419,16.900000000000002,14
148,19.322611077089288,20.628442533350576,0.7025879236530421,16.900000000000002,14
149,18.816515138991168,20.89599128159394,1.16009321265707,16.900000000000002,14
150,18.112403840463596,20.782013437982993,1.0020967288177112,16.900000000000002,14
0,17.956465996625056,20.459048580783836,1.0617213711123994,17.956465996625056,15
1,18.640967364599085,20.854207943954233,1.0014930849045356,17.956465996625056,15
2,18.840967364599088,20.76230837726266,1.121153797029165,17.956465996625056,15
3,18.836660026534076,20.388155291223253,0.8701795690022085,17.956465996625056,15
4,19.18062484748657,20.662636750452037,1.0214750011631304,17.956465996625056,15
5,16.599999999999998,20.50649666444669,1.2720359337030267,16.599999999999998,15
6,18.663818169698587,20.777953723126096,0.9977545194869429,16.599999999999998,15
7,17.48309518948453,20.644749395510164,1.1158056270550776,16.599999999999998,15
8,18.66770782520313,20.405269893767816,1.100452090607635,16.599999999999998,15
9,18.77979589711327,20.719149644700796,0.9285982260443402,16.599999999999998,15
10,18.729563014098698,20.829872258061,0.9917209901902605,16.599999999999998,15
11,19.20332963783729,20.866411885990733,1.0434579488041444,16.599999999999998,15
12,19.18321595661992,20.766143085557463,0.8588300200540163,16.599999999999998,15
13,18.06287388383278,20.51413395948065,1.11261318177716,16.599999999999998,15
14,19.322497216032183,21.104579226221233,0.9663885163059882,16.599999999999998,15
15,18.29283882771841,20.69047894521705,1.031129811221659,16.599999999999998,15
16,19.229563014098698,21.06809571714764,0.9886958498437067,16.599999999999998,15
17,18.900000000000002,20.848453755239934,0.8794762474485623,16.599999999999998,15
18,19.53072757526625,21.099186050309093,0.8518493533524972,16.599999999999998,15
19,18.09666295470958,20.694491071748363,1.072362563914433,16.599999999999998,15
20,19.414213562373096,20.647246763675344,0.8290885435637464,16.599999999999998,15
21,18.134846922834953,20.746851730425465,1.2333612005357781,16.599999999999998,15
22,17.949137674618942,20.424068515454014,1.0928999041676868,16.599999999999998,15
23,18.555294535724684,20.817136146583284,1.1057147278439785,16.599999999999998,15
24,18.834846922834956,20.760442919930536,0.9815352321011885,16.599999999999998,15
25,19.162049935181333,20.79920790190715,0.8335746455906226,16.599999999999998,15
26,19.21909059582729,20.93005997798913,0.9931139737232365,16.599999999999998,15
27,19.859591794226542,20.888526898162013,0.7188259998908604,16.599999999999998,15
28,17.96619037896906,20.502377127174583,0.937898401579275,16.599999999999998,15
29,19.160107523773828,20.799729569186468,1.0053738978668865,16.599999999999998,15
30,18.834846922834956,20.786310906064447,0.8908921159544652,16.599999999999998,15
31,18.419803902718556,20.4326927761719,0.8732380947486805,16.599999999999998,15
32,19.336660026534076,21.28670698097308,0.9142524040582315,16.599999999999998,15
33,18.132455532033674,20.922512230642642,1.0301957741921053,16.599999999999998,15
34,18.7,20.96198312358415,0.9828662215266943,16.599999999999998,15
35,17.960232526704264,20.7440276536164,1.1236707877661822,16.599999999999998,15
36,18.48309518948453,20.973175783381393,1.0526454763566409,16.599999999999998,15
37,18.87840487520902,20.675653775490446,1.0609924659990266,16.599999999999998,15
38,18.362873883832776,20.788841211621357,1.1706143162147413,16.599999999999998,15
39,18.9591260281974,21.10798856087579,1.1527116372263686,16.599999999999998,15
40,17.77979589711327,20.81234287889909,1.2265843805935732,16.599999999999998,15
41,18.877032961426902,20.876052952621954,0.8804720452868668,16.599999999999998,15
42,18.336660026534076,20.703286151208495,1.2833707859739387,16.599999999999998,15
43,19.055294535724684,20.653971215109582,0.7598086761866187,16.599999999999998,15
44,19.088409872672514,20.85330805051628,0.9902660520465129,16.599999999999998,15
45,18.673320053068153,20.708839265367672,1.0204412428594136,16.599999999999998,15
46,18.274165738677393,20.872112635716395,1.3071347877515183,16.599999999999998,15
47,18.114642819948223,20.77374625979705,1.0089346085011703,16.599999999999998,15
48,19.13527000944073,20.881379058366896,1.0372805708960389,16.599999999999998,15
49,18.62664991614216,20.71818265818699,0.9757788616591864,16.599999999999998,15
50,18.662049935181333,20.790031013779053,0.9597476681264225,16.599999999999998,15
51,19.44928556845359,21.09621742290595,1.044176184674009,16.599999999999998,15
52,19.378232998312527,20.62580651996378,0.8226213109284539,16.599999999999998,15
53,19.45870331449229,20.536081602442348,0.67516540363732,16.599999999999998,15
54,19.05758369027902,20.73396489718507,0.965899392044063,16.599999999999998,15
55,19.29283882771841,20.74794349469519,0.8767448861522857,16.599999999999998,15
56,19.012403840463595,20.720202857125447,1.045734524112162,16.599999999999998,15
57,19.04833147735479,20.767412287451222,0.9455590035196256,16.599999999999998,15
58,18.169693845669904,20.73401779504685,0.860597073132035,16.599999999999998,15
59,18.978232998312528,20.595084601898815,0.99966669113557,16.599999999999998,15
60,17.891153452528776,20.694242709878854,1.1383168961533554,16.599999999999998,15
61,18.588409872672514,20.72367868671415,1.0748028762206874,16.599999999999998,15
62,18.563324958071078,20.71210483150199,0.8315141674929604,16.599999999999998,15
63,18.12736184954957,20.38893270757161,1.0447488060732535,16.599999999999998,15
64,18.709901951359278,20.688048720879777,1.193695714984169,16.599999999999998,15
65,18.62736184954957,20.42564843034668,1.0994557564967649,16.599999999999998,15
66,18.62736184954957,20.57706511083042,1.1081850649505318,16.599999999999998,15
67,18.378232998312527,20.71858272616212,1.0515915392832114,16.599999999999998,15
68,19.063324958071078,20.631317626493374,0.9015549545033108,16.599999999999998,15
69,18.914213562373096,20.81891671762064,1.019960516624318,16.599999999999998,15
70,18.97484176581315,20.637009295088845,1.0105261666281042,16.599999999999998,15
71,19.30384048104053,20.814485889135835,0.898538753301739,16.599999999999998,15
72,19.229563014098698,20.680495281183923,0.9360121304200814,16.599999999999998,15
73,18.77979589711327,20.885305053150347,0.9262166138248987,16.599999999999998,15
74,18.26023252670426,20.41275505079611,0.9789257074506468,16.599999999999998,15
75,18.584943324127924,20.620452529626917,1.1420631805285184,16.599999999999998,15
76,18.460232526704264,21.064874461888692,1.049340323508582,16.599999999999998,15
77,19.140967364599085,20.59083475832027,0.6848783894514754,16.599999999999998,15
78,19.01657508881031,20.721024482765042,0.9746838634190109,16.599999999999998,15
79,19.013552872566002,20.429590396538476,0.8662783845462524,16.599999999999998,15
80,18.59544511501033,20.714661811847055,0.9778835271439426,16.599999999999998,15
81,18.72736184954957,20.476048039224867,0.8829004574713282,16.599999999999998,15
82,18.953720459187966,20.800883485453962,1.0690592212652668,16.599999999999998,15
83,17.80990195135928,20.765431377743287,1.0970868067135215,16.599999999999998,15
84,19.55758369027902,20.955367031689402,0.7937287846429578,16.599999999999998,15
85,18.26843871413581,21.08080810282353,1.0908403611575601,16.599999999999998,15
86,18.991153452528778,20.751535799173052,0.8722528642930152,16.599999999999998,15
87,19.45870331449229,20.966661566116528,0.8915223026098746,16.599999999999998,15
88,19.378232998312527,20.905196168756504,0.773093538615411,16.599999999999998,15
89,18.55758369027902,20.78081327807601,1.131810781633398,16.599999999999998,15
90,19.311871208194287,20.542419676112768,0.567590550289164,16.599999999999998,15
91,18.274165738677393,20.81690376846312,1.119639615223265,16.599999999999998,15
92,18.822497216032183,20.996612031068533,0.9859520426484353,16.599999999999998,15
93,18.632455532033674,20.996812117739562,0.9652784935394226,16.599999999999998,15
94,18.867156809750927,20.82967914329941,1.0200882245726963,16.599999999999998,15
95,18.86619037896906,20.541269000607297,1.0912301306863383,16.599999999999998,15
96,19.3295630140987,20.601887535780214,1.077926913609223,16.599999999999998,15
97,19.254065922853805,21.20917921436937,0.839050926578045,16.599999999999998,15
98,19.663818169698587,21.15182153594978,0.8588758850433047,16.599999999999998,15
99,19.02480768092719,20.77481589557409,1.1182689730527062,16.599999999999998,15
100,18.419090595827292,20.60187668246765,0.9318452009900213,16.599999999999998,15
101,19.316590212458493,20.892396454380496,0.8675640219846316,16.599999999999998,15
102,19.369535971483266,20.644593958945418,0.8178249030932059,16.599999999999998,15
103,18.461324772583616,20.60044927553784,0.9678941706797515,16.599999999999998,15
104,17.992838827718412,20.805187819208257,1.3783220470387827,16.599999999999998,15
105,18.880624847486573,20.531583580287926,0.8783601098880207,16.599999999999998,15
106,18.991153452528778,20.867904350104055,1.0115704589136498,16.599999999999998,15
107,18.7,20.735454705101116,0.8428667844436132,16.599999999999998,15
108,19.23205080756888,20.638627549139006,0.7244161521796221,16.599999999999998,15
109,17.755294535724687,20.64527673686309,0.9946159951710102,16.599999999999998,15
110,18.95472369909914,20.741626782069236,0.8962639871531467,16.599999999999998,15
111,18.389897948556634,20.591633889324125,1.2301227667349095,16.599999999999998,15
112,18.634698994937583,20.814349196213595,0.9923877957446248,16.599999999999998,15
113,18.960232526704264,20.901835510331754,1.0404221350499139,16.599999999999998,15
114,18.640967364599085,20.95765306204199,1.117400957701722,16.599999999999998,15
115,18.391153452528776,20.64731901378808,0.9898154723442443,16.599999999999998,15
116,18.919090595827292,20.595243593520966,0.9134429817669923,16.599999999999998,15
117,19.255294535724687,21.155994651856957,0.7716163789159678,16.599999999999998,15
118,17.948683298050515,20.855026678677874,1.1326531766143624,16.599999999999998,15
119,19.239071942966532,20.989645011123176,0.8931735114873874,16.599999999999998,15
120,19.341640786499873,20.71041681252957,0.860565312909686,16.599999999999998,15
121,19.167156809750924,20.691879684380478,0.7856061601393602,16.599999999999998,15
122,19.30384048104053,21.1068129567522,0.9368313592366764,16.599999999999998,15
123,17.822497216032183,20.899241855273715,1.295086083391826,16.599999999999998,15
124,18.414213562373096,20.551715127020696,1.0554406325872734,16.599999999999998,15
125,19.44935886896179,20.75812178759836,0.80365088493824,16.599999999999998,15
126,19.56287388383278,21.221400546112047,0.9052535578125976,16.599999999999998,15
127,18.911871208194288,20.778799290505457,0.9076196933207042,16.599999999999998,15
128,19.288854381999833,21.134912969807385,1.0488113332103113,16.599999999999998,15
129,19.06287388383278,20.9261248960946,0.9017217394491492,16.599999999999998,15
130,19.01657508881031,20.61990217630403,1.1471980862557114,16.599999999999998,15
131,18.54928556845359,20.719079501405304,1.1577455428303247,16.599999999999998,15
132,19.05758369027902,20.509864331255855,0.8489070197601782,16.599999999999998,15
133,18.775711299845938,20.770139076820403,0.9654729665357873,16.599999999999998,15
134,17.640175425099137,20.898536829588448,1.0094601164007528,16.599999999999998,15
135,19.2770329614269,20.646957457014405,0.8982348432196039,16.599999999999998,15
136,18.948683298050515,20.97559311908948,1.0000580117003537,16.599999999999998,15
137,18.400000000000002,20.531995606120525,1.1893117100656565,16.599999999999998,15
138,18.340967364599088,20.461284187066543,1.021645223715234,16.599999999999998,15
139,18.140967364599085,20.91782817485657,0.9582268856903438,16.599999999999998,15
140,18.563324958071078,20.396902914719764,0.8333991531692662,16.599999999999998,15
141,18.30384048104053,20.7662506957859,1.12773197846156,16.599999999999998,15
142,19.274596669241483,20.86560510340646,0.9374907954670834,16.599999999999998,15
143,18.83622914957372,20.754245989521078,0.9791737834534872,16.599999999999998,15
144,19.09666295470958,20.921760546091225,0.9202743554702655,16.599999999999998,15
145,18.422497216032184,20.71516318523832,1.0957181648076768,16.599999999999998,15
146,19.012403840463595,20.639531595065478,0.9179512565783423,16.599999999999998,15
147,18.822497216032183,20.857983445177286,1.020202246474253,16.599999999999998,15
148,18.507130750570546,20.82626721567266,1.0770210158130904,16.599999999999998,15
149,18.757583690279024,20.630309854811447,0.9615244360524625,16.599999999999998,15
150,18.754723699099138,20.861959711503086,0.8754859806134861,16.599999999999998,15
0,18.56953597148327,20.81176126688105,1.0713763361704063,18.56953597148327,16
1,18.877032961426902,20.717971187224457,0.774104713497837,18.56953597148327,16
2,19.140967364599085,21.12084564390256,1.0123484921438748,18.56953597148327,16
3,17.79283882771841,20.855652132173105,1.2560461037231028,17.79283882771841,16
4,18.66770782520313,20.43976317250741,1.1273625510786867,17.79283882771841,16
5,19.16770782520313,20.808472650610135,0.8767452046716895,17.79283882771841,16
6,18.919090595827292,20.624168342782866,0.8493806523759171,17.79283882771841,16
7,18.672004514666934,20.903811654831177,1.108259880231916,17.79283882771841,16
8,17.76023252670426,20.460987403071698,1.2505029326771573,17.76023252670426,16
9,19.63527000944073,20.81481515389396,0.7459068548386555,17.76023252670426,16
10,17.663818169698587,20.55831376629364,1.167291510019701,17.663818169698587,16
11,18.422497216032184,21.011683155159034,1.027746443030894,17.663818169698587,16
12,18.340967364599088,20.622003833800267,1.1973898187292784,17.663818169698587,16
13,18.32828568570857,21.028547241843622,1.1229515156247094,17.663818169698587,16
14,18.988409872672513,20.737378816884426,0.979772110946904,17.663818169698587,16
15,18.830950643030008,20.473491031142686,0.9623289394994252,17.663818169698587,16
16,18.456465996625056,20.411418180040297,1.0771560155414168,17.663818169698587,16
17,18.94935886896179,20.791449046395396,0.8598395832307385,17.663818169698587,16
18,18.08679622641132,20.75774963878027,1.060380691737594,17.663818169698587,16
19,18.72736184954957,20.818199450961888,1.127219669045305,17.663818169698587,16
20,18.417935662402833,21.128923490776714,1.20259336451358,17.663818169698587,16
21,19.563818169698585,21.104026904779243,0.8933932910581798,17.663818169698587,16
22,18.547722557505168,20.548251612211764,0.9093362246513174,17.663818169698587,16
23,17.369535971483266,20.73408477517695,1.0630678239832025,17.369535971483266,16
24,18.77979589711327,20.99419501713402,1.055490535453373,17.369535971483266,16
25,19.754723699099138,21.004728399632775,0.8363188632972768,17.369535971483266,16
26,18.423538406167136,20.551498028539417,0.8627148905410679,17.369535971483266,16
27,19.01657508881031,20.82479089651071,1.0923877831922741,17.369535971483266,16
28,19.3,21.03035056518542,0.982316189039914,17.369535971483266,16
29,19.13527000944073,21.092002073917357,1.0542597506814897,17.369535971483266,16
30,18.30990195135928,20.76632077673329,1.27569349350017,17.369535971483266,16
31,19.113112646970897,20.924496738097222,1.0879589729821573,17.369535971483266,16
32,19.68208554864871,21.057632952998734,0.8310790715330476,17.369535971483266,16
33,17.76023252670426,20.582264426166155,1.1098938646629806,17.369535971483266,16
34,18.408304597359457,20.758740963266494,1.1022135412941876,17.369535971483266,16
35,18.548999599679682,20.792912393436996,1.2217346310837516,17.369535971483266,16
36,18.7770329614269,20.5146206982639,1.0533282265998325,17.369535971483266,16
37,18.7,20.458086035427993,0.956750843905949,17.369535971483266,16
38,18.478232998312528,20.942188707479037,1.472620157577311,17.369535971483266,16
39,19.37840487520902,21.099015535132025,1.0172030483428303,17.369535971483266,16
40,18.62736184954957,20.571059252510906,0.862553701767777,17.369535971483266,16
41,18.86397674405503,20.643896732292394,0.7685841980618994,17.369535971483266,16
42,18.54494897427832,20.653819463924744,1.0577237398221804,17.369535971483266,16
43,18.72736184954957,20.67209942090844,1.0186083217634057,17.369535971483266,16
44,19.00830459735946,20.82115799612885,0.8520507583666531,17.369535971483266,16
45,18.478232998312528,20.69009508175453,0.8807968478223334,17.369535971483266,16
46,18.419090595827292,20.509215883205307,0.8678791894034938,17.369535971483266,16
47,18.891153452528776,20.46921335112648,0.9035518606184995,17.369535971483266,16
48,17.071779788708135,20.72253528222245,1.1652677607971424,17.071779788708135,16
49,19.760681686165903,20.73873296448282,0.7567937067099562,17.071779788708135,16
50,19.235270009440733,20.92168849939921,1.0742329498816439,17.071779788708135,16
51,19.559591794226545,20.932945578721668,0.9735746747522488,17.071779788708135,16
52,18.394427190999917,20.80564984715269,1.0404506597142165,17.071779788708135,16
53,19.99373774505092,21.10848958246267,0.7841338714874453,17.071779788708135,16
54,19.132455532033674,20.876777513011127,0.856756979566468,17.071779788708135,16
55,17.207106781186546,20.386175824748204,1.0752310352317802,17.071779788708135,16
56,19.22736184954957,20.855955931411557,0.8848509671330631,17.071779788708135,16
57,18.62736184954957,20.846949492720963,0.9505954489014428,17.071779788708135,16
58,18.264911064067352,20.46288468137072,1.0799675049936241,17.071779788708135,16
59,18.488409872672513,20.99790087282795,1.0994435754587801,17.071779788708135,16
60,18.50830459735946,20.37514134605785,1.015541004068023,17.071779788708135,16
61,18.20332963783729,20.482028111390676,0.9859907518256013,17.071779788708135,16
62,18.76023252670426,21.032121223194384,1.1613902051909357,17.071779788708135,16
63,18.460232526704264,20.847331013950637,0.8990219094631567,17.071779788708135,16
64,18.316515138991168,20.531072234466052,1.135124597734587,17.071779788708135,16
65,18.919803902718556,20.923177150214773,0.9441809482279447,17.071779788708135,16
66,17.06953597148327,20.64635428388075,1.1348295737016634,17.06953597148327,16
67,18.548999599679682,20.747546199523274,0.9820750266308603,17.06953597148327,16
68,18.52828568570857,21.090471965039793,1.221710305312571,17.06953597148327,16
69,16.878232998312527,20.84004408142548,1.3342985074862628,16.878232998312527,16
70,18.640175425099137,20.769509013649287,1.0759387024192226,16.878232998312527,16
71,19.05758369027902,20.692690831387427,1.008912766596766,16.878232998312527,16
72,18.46619037896906,20.94514983872968,1.1668750134897536,16.878232998312527,16
73,19.13527000944073,20.71848138753903,0.9141006725301009,16.878232998312527,16
74,19.229563014098698,20.99590529941941,0.9620998325648652,16.878232998312527,16
75,18.06953597148327,20.76421861901757,1.0645730408383662,16.878232998312527,16
76,19.09666295470958,20.758174840317405,0.941147743744585,16.878232998312527,16
77,18.5,20.92030996869084,1.120692017419819,16.878232998312527,16
78,18.80332963783729,20.624321357155058,1.0086701098938273,16.878232998312527,16
79,18.77979589711327,21.05932954799751,1.2006870273371337,16.878232998312527,16
80,17.72474487139159,20.430026682710878,1.1236936022186765,16.878232998312527,16
81,19.17979589711327,20.980574004825723,1.076063017427239,16.878232998312527,16
82,18.467707825203128,20.722971883685478,0.9716301377658423,16.878232998312527,16
83,19.013552872566002,20.905473700370482,0.8468523921348592,16.878232998312527,16
84,18.836660026534076,20.952529795076156,1.0948848194202871,16.878232998312527,16
85,18.163818169698587,20.772120327191605,1.0570402189341639,16.878232998312527,16
86,18.36619037896906,20.94824217852968,1.0116652460629627,16.878232998312527,16
87,18.61980390271856,20.647466886590344,1.1743446949376488,16.878232998312527,16
88,18.54833147735479,20.823810832911224,0.9385121199294678,16.878232998312527,16
89,18.760681686165903,20.669179229262394,0.9102159047594914,16.878232998312527,16
90,19.012403840463595,20.720251075840526,0.9776440030621033,16.878232998312527,16
91,18.492838827718412,20.76250101754309,0.956116642876125,16.878232998312527,16
92,18.336660026534076,20.480047609395168,1.05636617342569,16.878232998312527,16
93,18.713552872566005,20.55415379287372,1.0711993765216403,16.878232998312527,16
94,19.02664991614216,20.42326486532277,0.8881710209257497,16.878232998312527,16
95,19.492838827718412,21.101355894630192,0.9614664873791313,16.878232998312527,16
96,18.26023252670426,21.10749429771429,1.2370339694848975,16.878232998312527,16
97,18.923538406167136,21.0455370783259,1.0933717974434691,16.878232998312527,16
98,17.96619037896906,20.726875360652517,1.210426123897598,16.878232998312527,16
99,18.922497216032184,20.949093155851283,0.975068492474685,16.878232998312527,16
100,19.1431676725155,20.716054532439248,0.6948872120896666,16.878232998312527,16
101,18.992838827718412,21.136881616011898,1.0547260660464755,16.878232998312527,16
102,18.919803902718556,20.523424403405915,0.9747404073906096,16.878232998312527,16
103,17.900000000000002,20.812376159148183,1.0927944685808806,16.878232998312527,16
104,18.629705854077837,20.86173999163675,1.05200802951997,16.878232998312527,16
105,19.20293863659264,21.01515342407391,1.0033466159187634,16.878232998312527,16
106,18.707106781186546,20.64237382963022,1.1708863936439815,16.878232998312527,16
107,18.02664991614216,20.783363889238128,0.9894061699461465,16.878232998312527,16
108,18.316515138991168,20.80610593392943,1.0775957289299922,16.878232998312527,16
109,18.87840487520902,20.636951346187953,0.9266804522713539,16.878232998312527,16
110,18.948331477354788,21.176726674811615,0.958434110238327,16.878232998312527,16
111,19.469817807045693,20.98068806157529,0.828443158372884,16.878232998312527,16
112,17.80990195135928,20.723546278661825,1.14494097443366,16.878232998312527,16
113,19.07907545067406,20.876203455904562,1.1166740923644078,16.878232998312527,16
114,17.7770329614269,20.40229297441402,1.1167236902612039,16.878232998312527,16
115,18.419803902718556,20.918551711407133,1.1301170838731969,16.878232998312527,16
116,17.978232998312528,20.779198653551195,1.1384781527534629,16.878232998312527,16
117,19.08679622641132,20.47963477535885,0.9709545079290662,16.878232998312527,16
118,17.8,20.639276688984467,1.212557918242559,16.878232998312527,16
119,19.396662954709576,20.988596383290243,0.6917129021690065,16.878232998312527,16
120,18.760681686165903,20.963573035867697,0.8398895721852973,16.878232998312527,16
121,18.12736184954957,20.660496714761255,1.0929238710420623,16.878232998312527,16
122,17.816515138991168,20.744471663036,1.067679039619462,16.878232998312527,16
123,17.7,20.967118445575935,1.0226609825864166,16.878232998312527,16
124,19.788854381999833,20.79092277060184,0.7614489779945512,16.878232998312527,16
125,18.64355957741627,20.57495524444457,0.9239643270813374,16.878232998312527,16
126,18.707106781186546,20.590334598529314,0.9513980621141345,16.878232998312527,16
127,17.948683298050515,20.72682366608656,1.0036166925496075,16.878232998312527,16
128,18.75329983228432,20.720206039952874,1.0662575150347045,16.878232998312527,16
129,17.7,20.85789120415872,1.171131655171438,16.878232998312527,16
130,18.66770782520313,20.82609089961341,0.9874076560531471,16.878232998312527,16
131,18.11980390271856,20.538127226505225,1.2561531586591441,16.878232998312527,16
132,17.709901951359278,20.427135114137073,1.1801619161020622,16.878232998312527,16
133,18.663818169698587,20.557734848153704,0.9254495450470339,16.878232998312527,16
134,19.50554700852678,20.92048799598476,0.8505882035905187,16.878232998312527,16
135,18.3295630140987,20.792000983563288,1.0199937129061698,16.878232998312527,16
136,18.461324772583616,20.358882858705627,1.143741971951349,16.878232998312527,16
137,18.66770782520313,21.085851114885937,1.1597790685306655,16.878232998312527,16
138,18.76843871413581,21.017148433927048,1.2084293945550892,16.878232998312527,16
139,17.922497216032184,20.860548554611956,1.108622708562749,16.878232998312527,16
140,18.62736184954957,20.658263724004836,0.9739795206694709,16.878232998312527,16
141,18.59544511501033,20.66091900909598,1.0438544240437653,16.878232998312527,16
142,19.134846922834953,20.87888584686436,1.1048305523996682,16.878232998312527,16
143,19.01657508881031,21.04567787566256,0.8155841316824489,16.878232998312527,16
144,18.70332963783729,20.394843846840534,0.8474600014618605,16.878232998312527,16
145,19.099999999999998,20.655931650632986,0.8855327580627341,16.878232998312527,16
146,19.662049935181333,20.91712336499638,0.876976867669939,16.878232998312527,16
147,19.227566688249706,20.95618266319403,0.7244441178993645,16.878232998312527,16
148,19.12664991614216,20.999908448669235,1.084975875464136,16.878232998312527,16
149,17.774165738677393,20.813018609993637,1.3993834051829674,16.878232998312527,16
150,18.7,20.729911508111346,1.3574364524593763,16.878232998312527,16
0,18.707106781186546,20.8612165507941,0.9768393140406155,18.707106781186546,17
1,18.336660026534076,20.928076734493654,1.130853112004626,18.336660026534076,17
2,18.22736184954957,20.935200997480788,1.243698992257892,18.22736184954957,17
3,17.90454076850486,20.430433592454374,0.9788913436161119,17.90454076850486,17
4,18.56953597148327,20.771658269703646,1.0303170476506553,17.90454076850486,17
5,18.474165738677396,20.697247626521904,1.195419585631242,17.90454076850486,17
6,18.34390889145858,20.906345960599285,1.219944407406584,17.90454076850486,17
7,18.967707825203128,20.50204701122807,0.6988322220347638,17.90454076850486,17
8,18.520465053408525,20.890768913249058,0.9630783716499404,17.90454076850486,17
9,17.171779788708136,20.769028531797442,1.32866200506283,17.171779788708136,17
10,19.14131112314674,20.906390507429208,1.240201979877259,17.171779788708136,17
11,18.640967364599085,20.740786092419217,0.963501248003694,17.171779788708136,17
12,18.949137674618942,21.262645599450774,0.9295602711565341,17.171779788708136,17
13,18.640175425099137,20.97828454204118,1.0170540604567075,17.171779788708136,17
14,18.83622914957372,20.86112986698146,1.2517531382910283,17.171779788708136,17
15,18.488409872672513,20.81325435344083,0.9926002153846895,17.171779788708136,17
16,18.659126028197402,20.571333694953047,0.8621508207829234,17.171779788708136,17
17,19.391153452528776,20.844459336939327,0.9534693030861443,17.171779788708136,17
18,18.58113883008419,20.886499395082932,0.9076327303519839,17.171779788708136,17
19,18.26023252670426,20.923551823060894,1.181610723776181,17.171779788708136,17
20,17.547722557505168,20.663823240861817,1.2089087666115381,17.171779788708136,17
21,19.285229954635273,21.082532905965476,0.9439694854937486,17.171779788708136,17
22,18.814642819948226,20.509893485458022,0.8963505350064961,17.171779788708136,17
23,18.727566688249706,20.851009706385096,0.9114454577729694,17.171779788708136,17
24,17.900000000000002,20.734281642977574,1.3113986491760614,17.171779788708136,17
25,18.80384048104053,20.91447538663814,1.0113086224726622,17.171779788708136,17
26,19.23622914957372,20.76595836096652,0.9299206051639293,17.171779788708136,17
27,19.82828568570857,21.046714207361095,0.6911889968259927,17.171779788708136,17
28,18.612403840463596,20.65360227587452,0.9512055627535372,17.171779788708136,17
29,18.213552872566005,20.72671037257984,1.1767707006921337,17.171779788708136,17
30,19.339607805437115,20.724201675864034,0.9598147999107213,17.171779788708136,17
31,18.588409872672514,20.598816424129613,0.852769014087567,17.171779788708136,17
32,19.109975124224178,20.713316435915814,0.9100471840551044,17.171779788708136,17
33,18.93469899493758,20.852725325804055,1.017520412527084,17.171779788708136,17
34,19.183266665599966,20.7234443897263,0.7706029270639335,17.171779788708136,17
35,18.683266665599966,20.579303783744948,0.9845816757941203,17.171779788708136,17
36,18.88910462845192,20.591701490327576,0.9530939071511899,17.171779788708136,17
37,18.140967364599085,20.860471930367137,1.1118014931621019,17.171779788708136,17
38,18.66770782520313,21.317395514496884,1.2565048644334824,17.171779788708136,17
39,19.742787793912434,21.051351559514433,0.6506795166407625,17.171779788708136,17
40,19.8,20.994188530027678,0.6794320897879956,17.171779788708136,17
41,18.814642819948226,20.722723810511,1.029811627581038,17.171779788708136,17
42,19.229563014098698,20.782492341067073,0.9249103747945686,17.171779788708136,17
43,19.167156809750924,21.090486864577745,0.9917272018429916,17.171779788708136,17
44,18.316515138991168,20.804226493843377,0.9737202210288882,17.171779788708136,17
45,18.836660026534076,20.708664614721247,1.0201672171885559,17.171779788708136,17
46,19.161706725018234,20.68413736191895,0.9089742279155866,17.171779788708136,17
47,18.414213562373096,20.694494791134574,0.9508453780191233,17.171779788708136,17
48,18.063324958071078,20.53995866933532,1.034226397350196,17.171779788708136,17
49,18.97763888346312,20.97884752845946,1.0753772949916318,17.171779788708136,17
50,19.17979589711327,20.872152051350124,0.9197995019329139,17.171779788708136,17
51,18.98148877222268,20.95841659470101,0.7645197324566815,17.171779788708136,17
52,18.811871208194287,20.709927228715532,1.141910194577038,17.171779788708136,17
53,18.59544511501033,20.593594702622152,0.8817692546532269,17.171779788708136,17
54,19.088409872672514,20.884439167547264,0.9184216621675256,17.171779788708136,17
55,19.391153452528776,20.991706204721215,0.9755796129215634,17.171779788708136,17
56,18.400000000000002,20.47905061797608,0.9418492572925424,17.171779788708136,17
57,19.06953597148327,20.863620997735776,0.794676012807308,17.171779788708136,17
58,18.992838827718412,20.837059959707663,0.9949062317647575,17.171779788708136,17
59,18.86619037896906,20.8847681562516,1.1194410879321823,17.171779788708136,17
60,18.55758369027902,20.730755994345934,1.0673943552711516,17.171779788708136,17
61,18.640175425099137,20.85851366864654,1.0524288777587067,17.171779788708136,17
62,17.30990195135928,20.85233373029209,1.085553713442486,17.171779788708136,17
63,17.30990195135928,20.82703838914188,1.036581811996277,17.171779788708136,17
64,19.830950643030008,21.09910801924324,0.8299935557943365,17.171779788708136,17
65,18.862873883832776,20.853048393830846,1.0063405479384895,17.171779788708136,17
66,18.663818169698587,20.89459906325925,1.001751072058585,17.171779788708136,17
67,17.73622914957372,20.739535571458557,1.0784800968211576,17.171779788708136,17
68,18.93095064303001,20.78557333886745,0.8913062041517205,17.171779788708136,17
69,19.13527000944073,20.767726809335297,1.1812760614210696,17.171779788708136,17
70,19.593468988235944,20.932544138572535,0.7926825466747422,17.171779788708136,17
71,19.020465053408525,20.900391425947067,0.9809851893855428,17.171779788708136,17
72,18.87840487520902,20.781755285451723,1.0431858432497187,17.171779788708136,17
73,18.869535971483266,20.544680681387852,0.8258292144701598,17.171779788708136,17
74,19.493468988235943,20.547470525644446,0.634843154376603,17.171779788708136,17
75,19.140175425099137,20.940860048355724,1.125576741005002,17.171779788708136,17
76,19.164582518894846,21.108194490776427,1.091689220920136,17.171779788708136,17
77,19.52480768092719,20.955107317278422,1.0164326460585662,17.171779788708136,17
78,18.671779788708136,20.740723494449348,1.1704312355852762,17.171779788708136,17
79,19.264911064067352,21.032980872363883,0.8877508324910885,17.171779788708136,17
80,19.09544511501033,21.09519631932284,1.1373954087811087,17.171779788708136,17
81,18.822497216032183,20.6339044160903,1.072597006653477,17.171779788708136,17
82,19.636664289109586,20.922779970579047,0.8173656483276486,17.171779788708136,17
83,18.822497216032183,20.54905744601169,0.7951534914632414,17.171779788708136,17
84,19.00830459735946,21.057851071867436,1.1011035070475983,17.171779788708136,17
85,18.560107523773826,21.208266164201294,0.8973001522205528,17.171779788708136,17
86,19.36619037896906,20.844014889079208,1.0780432367462849,17.171779788708136,17
87,19.90831891575846,20.999278761582275,0.771610411825347,17.171779788708136,17
88,18.491153452528778,20.890254849886052,1.0929348510410346,17.171779788708136,17
89,17.61980390271856,20.761786041774027,1.0448721376735854,17.171779788708136,17
90,19.140967364599085,20.890275518563584,0.9667255348365903,17.171779788708136,17
91,18.76023252670426,20.6116963108406,0.8629350481306733,17.171779788708136,17
92,18.257583690279024,20.81142387212638,1.020892203601178,17.171779788708136,17
93,18.729563014098698,20.710965713545768,0.9481485990757624,17.171779788708136,17
94,19.114642819948223,20.96844905742896,1.0038631415638926,17.171779788708136,17
95,18.76843871413581,20.842629607226865,0.8670768688342956,17.171779788708136,17
96,18.948331477354788,20.55698445650241,0.845290265721647,17.171779788708136,17
97,18.80384048104053,20.470910880319114,0.9183628468016645,17.171779788708136,17
98,18.229563014098698,20.752130382289035,1.3208513056444906,17.171779788708136,17
99,18.87840487520902,21.0122990655668,1.0546103711038042,17.171779788708136,17
100,18.408304597359457,21.105011163975774,0.923436377651351,17.171779788708136,17
101,19.41084400165827,21.248389570389175,0.9958118259945524,17.171779788708136,17
102,18.478232998312528,20.813157795085186,1.1975627309968306,17.171779788708136,17
103,18.55758369027902,21.114005407078807,1.2485326871796187,17.171779788708136,17
104,18.340967364599088,20.711381627927608,0.8763875311493764,17.171779788708136,17
105,18.67979589711327,21.085207405674403,1.2235459197003473,17.171779788708136,17
106,18.72736184954957,20.446948470127435,0.9439104599536797,17.171779788708136,17
107,19.713594362117867,20.981267370833393,0.648173330745349,17.171779788708136,17
108,19.08522995463527,20.985810144478016,0.7054797078828817,17.171779788708136,17
109,18.908304597359457,20.700729182348976,0.8499761996154044,17.171779788708136,17
110,18.3295630140987,20.544710897617882,1.032726645443269,17.171779788708136,17
111,17.709901951359278,20.583416494289683,1.4348412752943844,17.171779788708136,17
112,18.919803902718556,20.654727098415027,0.9084356266320774,17.171779788708136,17
113,19.840967364599088,21.13655612003461,0.8066441000322616,17.171779788708136,17
114,18.707106781186546,20.99288412042095,1.1329747193712267,17.171779788708136,17
115,18.013552872566002,20.71189520156776,1.1876318551449339,17.171779788708136,17
116,18.52664991614216,20.76785369600112,0.9796146830810452,17.171779788708136,17
117,18.891153452528776,20.73949487640438,1.008557597257668,17.171779788708136,17
118,18.448683298050515,20.70023807141263,1.0544081541493406,17.171779788708136,17
119,18.7,20.705883694224013,0.9881875355856121,17.171779788708136,17
120,19.33541565040626,21.246734813751132,1.152120407957506,17.171779788708136,17
121,19.09666295470958,20.713862293278286,0.8924392188523129,17.171779788708136,17
122,19.713552872566005,21.1101966628373,1.0621397838863047,17.171779788708136,17
123,18.894427190999917,20.557588430313842,0.9276568361165979,17.171779788708136,17
124,18.56287388383278,20.9009510716135,1.0547601817156211,17.171779788708136,17
125,18.991153452528778,20.43371178796111,1.2379537661872477,17.171779788708136,17
126,18.814642819948226,20.802743943162,0.8885409515406447,17.171779788708136,17
127,18.70332963783729,20.601411091236105,0.9442422432904721,17.171779788708136,17
128,18.260681686165903,20.667621336757566,0.9510895783893678,17.171779788708136,17
129,18.55758369027902,20.899919535997643,1.1871335417898887,17.171779788708136,17
130,19.063324958071078,20.61534148545344,0.742826415011391,17.171779788708136,17
131,18.209901951359278,20.650069224935283,1.1194861362251962,17.171779788708136,17
132,17.992838827718412,21.031174479584227,1.0600509658595567,17.171779788708136,17
133,18.640967364599085,20.644286406775546,1.033535299663431,17.171779788708136,17
134,18.0,20.783567672031523,1.0377069065982478,17.171779788708136,17
135,19.260681686165903,20.477553580773773,0.8171983871960877,17.171779788708136,17
136,19.113112646970897,20.85436297387416,0.9972002503306562,17.171779788708136,17
137,19.391153452528776,20.77890292120156,0.8621661281243526,17.171779788708136,17
138,18.769693845669906,20.95466676291336,1.0508927264624786,17.171779788708136,17
139,19.37840487520902,21.077551624837113,0.9532620262080113,17.171779788708136,17
140,18.56287388383278,20.863339945904595,1.455578894132891,17.171779788708136,17
141,19.8295630140987,20.69566797958603,0.588681701052078,17.171779788708136,17
142,19.264911064067352,20.85872520549324,0.928816215033544,17.171779788708136,17
143,17.707106781186546,20.729995619677744,1.2186062391075825,17.171779788708136,17
144,19.637715508089904,20.934211077313734,0.6472280110649442,17.171779788708136,17
145,19.288854381999833,21.11648475817286,1.0380564156972851,17.171779788708136,17
146,17.919803902718556,20.585714824646363,1.1243453670750063,17.171779788708136,17
147,18.814642819948226,20.994382460208723,1.1070679947377193,17.171779788708136,17
148,19.207106781186546,20.666653833714502,0.8804902109867576,17.171779788708136,17
149,19.06953597148327,21.029073254946542,0.8735174708121571,17.171779788708136,17
150,18.50554700852678,20.700958304007067,1.1709052446320491,17.171779788708136,17
0,19.054065922853802,20.779145338897557,0.93260523997829,19.054065922853802,18
1,18.8295630140987,20.95641012495265,1.1379683086235337,18.8295630140987,18
2,18.707106781186546,20.861068311227807,1.0805831102402847,18.707106781186546,18
3,19.830950643030008,21.287825110368654,0.7164502097782405,18.707106781186546,18
4,19.33622914957372,20.878552593827212,0.9802032417982187,18.707106781186546,18
5,18.512403840463595,20.620660580534906,0.8956752895357157,18.512403840463595,18
6,19.140175425099137,20.86129919176786,0.9428618958547449,18.512403840463595,18
7,18.76023252670426,21.05060348646067,0.9069039327958763,18.512403840463595,18
8,19.391153452528776,21.02754774271285,0.7039725661726473,18.512403840463595,18
9,18.729563014098698,20.841970315412052,1.0281020209907845,18.512403840463595,18
10,19.277154105707726,20.960366466718863,0.743236753952876,18.512403840463595,18
11,18.492838827718412,20.632790783245095,1.0690439938557148,18.492838827718412,18
12,19.11980390271856,20.861806210048858,1.0357582671808616,18.492838827718412,18
13,18.900000000000002,20.70059846556087,0.8427985556969741,18.492838827718412,18
14,19.071779788708135,20.777869191115098,0.9276175699380469,18.492838827718412,18
15,17.729563014098698,20.70367388837761,1.0933905064922518,17.729563014098698,18
16,18.7131126469709,20.748546185923356,1.0614821342231253,17.729563014098698,18
17,19.520465053408525,20.93310508075182,0.9608192006806477,17.729563014098698,18
18,19.29283882771841,21.125013728430478,1.0339042415543325,17.729563014098698,18
19,17.547722557505168,20.88188465234936,1.3263838954702043,17.547722557505168,18
20,18.729563014098698,20.683684149091295,0.8803559304924907,17.547722557505168,18
21,18.757583690279024,20.505581053798483,0.849791539487274,17.547722557505168,18
22,19.26843871413581,20.663206318121322,1.067940065667644,17.547722557505168,18
23,18.707106781186546,20.67654348191093,1.0946700053971214,17.547722557505168,18
24,17.978232998312528,21.08646044427755,1.2767653181766576,17.547722557505168,18
25,19.37840487520902,20.757643876208995,0.8797820300373468,17.547722557505168,18
26,18.26332495807108,20.392393114705296,1.0131685563962674,17.547722557505168,18
27,19.08522995463527,20.85924574221922,0.9733590069191502,17.547722557505168,18
28,18.949137674618942,20.734657917072642,0.6637837738019656,17.547722557505168,18
29,19.555294535724684,20.87988800607545,0.7970203159702123,17.547722557505168,18
30,18.877032961426902,21.020154852344746,0.9792044993373464,17.547722557505168,18
31,18.63527000944073,20.909009876935063,1.0127185680220363,17.547722557505168,18
32,19.01657508881031,20.886102321383152,1.1005048834644244,17.547722557505168,18
33,19.29283882771841,20.767347293058986,0.949022443929129,17.547722557505168,18
34,19.18321595661992,20.79154588853379,0.7034110317511766,17.547722557505168,18
35,18.29283882771841,20.779759566322465,1.3056708737056828,17.547722557505168,18
36,18.756465996625053,20.66508493738374,0.8741933283157481,17.547722557505168,18
37,18.36619037896906,21.061831877120124,1.0613046397042607,17.547722557505168,18
38,18.2131126469709,20.646254219802508,1.0897502703561184,17.547722557505168,18
39,19.408304597359457,21.01777397214647,0.878723400613082,17.547722557505168,18
40,18.960232526704264,20.78504426523673,0.822763773003854,17.547722557505168,18
41,19.467707825203128,20.913251047748346,0.8924915838686756,17.547722557505168,18
42,18.12763633939717,20.62821335876692,1.0431439644878522,17.547722557505168,18
43,19.3,20.815646354903627,0.8499064427869941,17.547722557505168,18
44,18.28997487421324,20.847765273614783,1.1900170362361486,17.547722557505168,18
45,19.213552872566005,20.81587258834119,0.7897883451699043,17.547722557505168,18
46,17.822497216032183,20.640462934907397,1.1256995570752004,17.547722557505168,18
47,18.811871208194287,20.677045718193515,1.052440500816974,17.547722557505168,18
48,18.948683298050515,20.84862117606444,0.9813953820222822,17.547722557505168,18
49,19.411871208194288,21.029307895555142,0.9470005950434673,17.547722557505168,18
50,19.672004514666934,21.013120278000578,0.8650443943478101,17.547722557505168,18
51,18.099999999999998,20.96972344954592,1.3161312893392216,17.547722557505168,18
52,19.26843871413581,20.86308546931381,0.8584062294726942,17.547722557505168,18
53,18.30384048104053,20.51761372015375,0.9880976480381233,17.547722557505168,18
54,18.239607805437114,20.792849065153625,1.2744054650814856,17.547722557505168,18
55,19.369535971483266,20.985214567940574,1.0224449743942887,17.547722557505168,18
56,18.992838827718412,20.99521184320052,0.8307690515680639,17.547722557505168,18
57,18.94899959967968,20.914077083950087,1.1520880716908182,17.547722557505168,18
58,18.911871208194288,20.873316105206587,1.0784074582596146,17.547722557505168,18
59,18.769693845669906,20.615944408604715,0.6878344393737219,17.547722557505168,18
60,18.52664991614216,20.563553731041964,0.8721712218686166,17.547722557505168,18
61,19.013552872566002,20.90727374694192,0.941211179090387,17.547722557505168,18
62,18.336660026534076,20.751371701392873,0.8157679043383597,17.547722557505168,18
63,19.00830459735946,20.797068624391134,0.781944612341447,17.547722557505168,18
64,18.862873883832776,20.690136598168866,0.8592140100437949,17.547722557505168,18
65,19.40831891575846,20.786484808531696,0.8187400896844647,17.547722557505168,18
66,18.978232998312528,20.845002011128344,1.0253610322096272,17.547722557505168,18
67,19.04880884817015,21.032741805868714,0.9669753867435653,17.547722557505168,18
68,18.983239697419133,20.758501135162714,0.8280620792407715,17.547722557505168,18
69,18.66770782520313,20.726549064987438,1.0345956160145477,17.547722557505168,18
70,18.16770782520313,20.686551928153058,1.2430362392429164,17.547722557505168,18
71,18.836660026534076,20.97187833004133,1.152910569787846,17.547722557505168,18
72,18.29283882771841,20.272183419920047,1.14237365283576,17.547722557505168,18
73,18.12736184954957,20.744793686087988,0.9737886256215759,17.547722557505168,18
74,18.836660026534076,20.849959858041696,1.0037542025896533,17.547722557505168,18
75,19.80384048104053,20.98595347785154,0.7976906577879428,17.547722557505168,18
76,17.634846922834953,20.72313388027955,1.1434219090221147,17.547722557505168,18
77,18.66770782520313,20.68274291120895,0.9195944408160646,17.547722557505168,18
78,19.93095064303001,21.24221434555773,0.7590489821684546,17.547722557505168,18
79,18.599999999999998,21.031914025682795,1.2389625569061107,17.547722557505168,18
80,18.381742422927143,20.69692394306722,1.0144354189301532,17.547722557505168,18
81,18.816515138991168,21.00771445524324,1.0865155075574398,17.547722557505168,18
82,18.62736184954957,20.746823196890926,1.0478972958628063,17.547722557505168,18
83,18.7770329614269,21.05927599268985,1.0801031841493687,17.547722557505168,18
84,18.59666295470958,20.778960302762798,1.0819791068015867,17.547722557505168,18
85,17.563324958071078,20.988756831408903,1.1310146170208812,17.547722557505168,18
86,19.129705854077837,20.57544395873705,0.7538671548675843,17.547722557505168,18
87,19.1431676725155,21.16886443095713,0.9914839604006354,17.547722557505168,18
88,18.77979589711327,20.849903999632108,1.104922401523283,17.547722557505168,18
89,18.51657508881031,20.849301490947287,1.0322917914467065,17.547722557505168,18
90,19.729563014098698,21.130903456462395,0.8981027803006795,17.547722557505168,18
91,18.43095064303001,21.250215427572957,1.094048641275014,17.547722557505168,18
92,19.449137674618942,20.800013199064317,0.6817313610384651,17.547722557505168,18
93,18.640175425099137,20.694317646023862,1.01239886942879,17.547722557505168,18
94,18.391153452528776,20.801958152565263,1.1325566139866912,17.547722557505168,18
95,19.57763888346312,20.811411189976102,0.6958968421173165,17.547722557505168,18
96,17.816515138991168,20.799081890745356,1.2764743917460049,17.547722557505168,18
97,18.334846922834956,20.443119013117542,1.2747595671411147,17.547722557505168,18
98,18.869535971483266,20.57510400784179,0.9319958296295223,17.547722557505168,18
99,18.62664991614216,20.39777079100549,0.9199067391694472,17.547722557505168,18
100,18.264911064067352,20.486060468118335,1.101555833856476,17.547722557505168,18
101,17.99373774505092,20.40447242292319,0.9626145160834373,17.547722557505168,18
102,18.59544511501033,20.96522985560323,1.138611240606984,17.547722557505168,18
103,17.547722557505168,20.756029470860973,1.326950207204265,17.547722557505168,18
104,18.400000000000002,21.237482056139317,1.1439213700477346,17.547722557505168,18
105,18.448683298050515,20.619869286554614,1.1455169818670632,17.547722557505168,18
106,19.121320343559642,21.11759468770104,1.1348297582697808,17.547722557505168,18
107,18.640967364599085,20.593001548590028,0.9387224693692351,17.547722557505168,18
108,19.868438714135813,21.039397733150864,0.8937095892642748,17.547722557505168,18
109,18.183095189484533,20.61565325995253,0.9732719497825406,17.547722557505168,18
110,18.97156333832011,20.73408841620713,1.0734256179810413,17.547722557505168,18
111,18.18062484748657,20.346961326261308,1.0727252424407083,17.547722557505168,18
112,18.894427190999917,20.827041710333283,0.8569814644236411,17.547722557505168,18
113,19.22736184954957,20.604213386633145,0.8648928135710799,17.547722557505168,18
114,18.919803902718556,20.648094483051747,1.0058640264105383,17.547722557505168,18
115,18.68321595661992,20.74910693395148,0.9420136263750893,17.547722557505168,18
116,18.900000000000002,21.003721162925952,1.1841865980581738,17.547722557505168,18
117,18.967707825203128,21.082086049942188,1.1052897516740574,17.547722557505168,18
118,18.14355957741627,20.652740691239796,1.1934629108206725,17.547722557505168,18
119,18.524845673131658,20.861013005800668,0.9983779936102848,17.547722557505168,18
120,19.369535971483266,20.84011614787476,0.8852828658485749,17.547722557505168,18
121,18.55758369027902,20.80199339546823,0.8513058553943377,17.547722557505168,18
122,18.394427190999917,20.61923970653918,1.0691836592021722,17.547722557505168,18
123,19.343559577416272,20.756265240712743,0.9537312809153613,17.547722557505168,18
124,18.908304597359457,20.908895692549162,0.9906353222940942,17.547722557505168,18
125,18.56287388383278,20.6075292869608,0.9086674524530176,17.547722557505168,18
126,18.663818169698587,20.6238584671124,1.2614301927933322,17.547722557505168,18
127,19.55758369027902,20.95008219455239,0.8176783943316422,17.547722557505168,18
128,18.70332963783729,20.538969061903156,1.1335330093125562,17.547722557505168,18
129,18.8,20.998390836691808,1.053495735958991,17.547722557505168,18
130,18.0,21.150564119034343,1.1283580265210182,17.547722557505168,18
131,18.44899959967968,20.642016636939626,1.0662941821119538,17.547722557505168,18
132,18.822497216032183,20.617895306910025,0.9720195882903936,17.547722557505168,18
133,18.140175425099137,20.685679186115856,1.032364411370804,17.547722557505168,18
134,18.336660026534076,20.87654550584087,1.0672788727524138,17.547722557505168,18
135,19.02664991614216,20.694760470788236,0.8724503617466165,17.547722557505168,18
136,17.97763888346312,20.450540807648732,1.107100818968836,17.547722557505168,18
137,18.171779788708136,20.771112071152956,1.3156872885062858,17.547722557505168,18
138,19.140967364599085,20.91690424984947,1.0269108296754803,17.547722557505168,18
139,19.22474487139159,21.100567935121067,1.01996890705083,17.547722557505168,18
140,19.467707825203128,21.174406520855715,1.0097658101841336,17.547722557505168,18
141,18.949444375840397,21.114018401796205,0.9541646816570438,17.547722557505168,18
142,19.00830459735946,20.74604485634197,0.9134238511387831,17.547722557505168,18
143,18.7770329614269,20.69134633349122,0.9074581019988669,17.547722557505168,18
144,19.21909059582729,20.66543136487657,0.8944777075323083,17.547722557505168,18
145,19.27979589711327,20.9175993442867,0.9600968446348205,17.547722557505168,18
146,18.563818169698585,20.883609463640536,0.9766832403872883,17.547722557505168,18
147,18.7770329614269,20.908491928323375,1.1166857191942388,17.547722557505168,18
148,18.8295630140987,21.009922995275108,0.9351397882917692,17.547722557505168,18
149,19.00830459735946,20.984433801878478,0.8968297497258709,17.547722557505168,18
150,19.34390889145858,21.171693572084603,1.0383144794445374,17.547722557505168,18
0,18.088409872672514,20.807122971631955,1.1527297153042988,18.088409872672514,19
1,19.254723699099138,20.962252908310273,0.7839464576747119,18.088409872672514,19
2,18.36619037896906,20.926164182011906,1.03674429424555,18.088409872672514,19
3,19.14355957741627,20.616853604482483,0.645592441868491,18.088409872672514,19
4,18.55758369027902,20.580785701702897,0.9834569074777996,18.088409872672514,19
5,18.802172886644268,20.65956821127055,0.9816048954365109,18.088409872672514,19
6,18.8,20.921797073927973,0.9671702255594229,18.088409872672514,19
7,19.021347195933174,20.742860306331426,0.9316457088742727,18.088409872672514,19
8,18.713552872566005,20.63704541848871,0.9276521243512851,18.088409872672514,19
9,18.10554700852678,20.597645574355553,1.082963314202375,18.088409872672514,19
10,19.169693845669904,20.995013144074843,0.8458600344009378,18.088409872672514,19
11,19.22474487139159,20.870471855601256,0.92740705498844,18.088409872672514,19
12,19.060107523773826,20.654881198694234,0.8374158095097436,18.088409872672514,19
13,19.896662954709576,20.889583577339042,0.7438794914669368,18.088409872672514,19
14,18.30384048104053,20.881713762869804,0.9457108747650583,18.088409872672514,19
15,18.419090595827292,20.76878871433613,0.7303370702330727,18.088409872672514,19
16,19.80332963783729,20.954899172160438,0.8169042747226041,18.088409872672514,19
17,19.162049935181333,20.61926053968986,0.8457965221546758,18.088409872672514,19
18,19.370828693386972,20.67459414610059,0.780168525398507,18.088409872672514,19
19,19.162049935181333,20.572987546128726,0.9029978636001832,18.088409872672514,19
20,19.44928556845359,21.14590951242632,1.0565684121162744,18.088409872672514,19
21,18.29283882771841,20.532495175884353,1.0580616267531873,18.088409872672514,19
22,18.914213562373096,20.901244908178153,1.087681077616887,18.088409872672514,19
23,19.088409872672514,20.58360460139713,0.707487350343333,18.088409872672514,19
24,18.3295630140987,20.440971956724706,0.8132624628771146,18.088409872672514,19
25,18.836660026534076,20.8983702485227,0.9255811123628082,18.088409872672514,19
26,17.547722557505168,20.381512323428023,1.0573931456419101,17.547722557505168,19
27,18.76023252670426,21.15929867441197,1.082739026464137,17.547722557505168,19
28,18.978232998312528,20.796852285452,0.9229042692406352,17.547722557505168,19
29,19.099999999999998,20.699184237280154,0.8825460847518025,17.547722557505168,19
30,19.239071942966532,20.856007933902532,0.8846622313679816,17.547722557505168,19
31,18.63527000944073,20.528714294499817,1.0917031658252059,17.547722557505168,19
32,18.378232998312527,20.548359758345015,0.9618634138454096,17.547722557505168,19
33,19.834846922834956,20.858829402635696,0.7286574166380141,17.547722557505168,19
34,18.991153452528778,20.71385953027089,1.0794365242018682,17.547722557505168,19
35,18.419803902718556,20.66401404530463,0.8658514364090388,17.547722557505168,19
36,18.099999999999998,20.86997410132807,1.1908778662942436,17.547722557505168,19
37,18.88494332412792,20.633226958852575,0.8691524511265762,17.547722557505168,19
38,18.140967364599085,20.63856788604376,0.8609423567700055,17.547722557505168,19
39,18.956465996625056,20.674560283124876,0.9712037626522002,17.547722557505168,19
40,18.683095189484533,20.609896544955784,0.8841731428781481,17.547722557505168,19
41,18.396662954709576,20.594551864744986,0.9639495930811884,17.547722557505168,19
42,19.013552872566002,21.00645206099765,0.9714351139342783,17.547722557505168,19
43,18.400000000000002,20.68066118598716,1.0367088159889892,17.547722557505168,19
44,19.09544511501033,20.909353408698742,0.9030788367841787,17.547722557505168,19
45,19.063818169698585,20.74214856073606,0.7634886240362183,17.547722557505168,19
46,18.588409872672514,20.855157416192732,1.0065371962124348,17.547722557505168,19
47,18.33622914957372,20.748568026980898,1.1741279583329332,17.547722557505168,19
48,19.58113883008419,21.14678273834144,1.04426285465393,17.547722557505168,19
49,18.483239697419133,20.78457145190129,1.0070692709983968,17.547722557505168,19
50,18.83390796058137,20.76383457594618,1.0904237171075648,17.547722557505168,19
51,18.612403840463596,20.593580964568517,1.0177743737213616,17.547722557505168,19
52,19.18321595661992,20.820014991237944,1.0618980161900362,17.547722557505168,19
53,19.378232998312527,20.81852462055363,0.8956870141572109,17.547722557505168,19
54,18.12664991614216,20.464811550461857,1.0113618511199396,17.547722557505168,19
55,18.229563014098698,20.765846924136273,1.0501786251914336,17.547722557505168,19
56,18.400000000000002,20.892652179093325,1.0146188722718916,17.547722557505168,19
57,18.640967364599085,21.057196271864917,0.9328108163120675,17.547722557505168,19
58,18.764911064067352,21.092474206558432,0.859110212664765,17.547722557505168,19
59,19.341640786499873,21.105726669495102,1.0449417036520405,17.547722557505168,19
60,19.012403840463595,20.664403213827374,1.0268339921264213,17.547722557505168,19
61,18.872004514666937,20.6828267851437,0.741928519575681,17.547722557505168,19
62,19.071779788708135,20.884901439154476,0.8465511404695829,17.547722557505168,19
63,18.26332495807108,20.769052098960678,1.114422233912907,17.547722557505168,19
64,18.207106781186546,20.82391895967837,1.2142848498211662,17.547722557505168,19
65,19.007130750570546,21.094938846259904,1.1578119624723853,17.547722557505168,19
66,19.26023252670426,20.745512024359655,0.9249780355896962,17.547722557505168,19
67,18.334846922834956,20.82315935243278,0.9592196778113852,17.547722557505168,19
68,19.059591794226545,20.730263072671576,0.9189012232671654,17.547722557505168,19
69,19.05758369027902,21.035576573725667,1.1722646047064231,17.547722557505168,19
70,18.713552872566005,20.59267632713596,0.904133328212194,17.547722557505168,19
71,19.20293863659264,21.376215490283567,1.1663523838571435,17.547722557505168,19
72,17.900000000000002,20.702158539084277,1.0600099093714415,17.547722557505168,19
73,18.714944167960986,20.858980032378422,0.9518942305147218,17.547722557505168,19
74,18.62736184954957,20.615196183867436,0.934454420751331,17.547722557505168,19
75,18.7,20.643574225239536,0.814626431901301,17.547722557505168,19
76,18.50830459735946,20.943085306749953,0.9746930316678479,17.547722557505168,19
77,18.908304597359457,20.692956224407776,0.856890346632521,17.547722557505168,19
78,19.099999999999998,20.876458832026206,0.7871132654272696,17.547722557505168,19
79,19.696150997149434,21.276120535351215,1.0251330486937136,17.547722557505168,19
80,18.377032961426902,20.636065539969284,0.9927962943761217,17.547722557505168,19
81,18.72736184954957,21.01930194601785,1.0862258466104489,17.547722557505168,19
82,18.896662954709576,20.69001470872156,0.9107950059999063,17.547722557505168,19
83,19.28997487421324,21.00491998130557,1.0669025373818617,17.547722557505168,19
84,19.20293863659264,20.6295971848579,0.8208077220747046,17.547722557505168,19
85,18.03072757526625,20.80852709734192,0.9864304999852094,17.547722557505168,19
86,18.29283882771841,20.79248455593208,0.9785591761979386,17.547722557505168,19
87,19.316609194718914,21.036031999804187,0.7078867702883654,17.547722557505168,19
88,19.140175425099137,20.731556612251456,0.8248295634175629,17.547722557505168,19
89,19.11245154965971,20.813443904500467,0.9766698450779348,17.547722557505168,19
90,18.908304597359457,20.99468467868837,0.8324741307037079,17.547722557505168,19
91,17.7,20.62207496216695,1.2115700039135693,17.547722557505168,19
92,18.62664991614216,20.783518764796927,0.9902473976126747,17.547722557505168,19
93,17.869535971483266,20.583236745351922,1.1405545248693032,17.547722557505168,19
94,18.13527000944073,20.879768047847204,1.2224040501049762,17.547722557505168,19
95,17.2,20.41974918107101,1.3724735738778293,17.2,19
96,18.140175425099137,20.657076045619206,1.012784081556549,17.2,19
97,18.683095189484533,20.835824392506705,0.946642538252043,17.2,19
98,19.46619037896906,21.118165106097056,1.0448938680160462,17.2,19
99,18.448331477354788,20.857369357655422,0.9771155617742784,17.2,19
100,19.285229954635273,20.67970224567725,0.8485041954051252,17.2,19
101,19.088409872672514,20.78026367229347,0.7317416194848391,17.2,19
102,18.099999999999998,21.18115338885116,1.2199787736286043,17.2,19
103,18.4591260281974,20.371581251105763,0.8754811473218738,17.2,19
104,18.334846922834956,20.704372991062524,1.1045692583066156,17.2,19
105,18.27979589711327,20.92521198317999,1.3040603390195833,17.2,19
106,18.44928556845359,20.622042855696275,1.1144485486850115,17.2,19
107,18.2,20.549702390463526,1.0359870442805774,17.2,19
108,18.49373774505092,21.000634001538252,1.0518897208650613,17.2,19
109,18.95472369909914,20.694241360096054,0.8481673082840419,17.2,19
110,18.836660026534076,20.762529490733836,0.9702859334488426,17.2,19
111,19.18062484748657,20.70735910416756,0.8993735478551305,17.2,19
112,18.920465053408524,20.893490146467013,0.913630447392594,17.2,19
113,18.21909059582729,20.62859984488385,1.1230089580389306,17.2,19
114,18.756465996625053,20.791348812521196,0.8858170968638375,17.2,19
115,18.840967364599088,20.870320612668074,1.017292085219183,17.2,19
116,18.193737745050925,20.87914775128879,1.0698350537924866,17.2,19
117,19.68062484748657,20.814032756759484,0.6383222897161909,17.2,19
118,17.400000000000002,20.472194608185813,1.0047935545613542,17.2,19
119,19.58522995463527,21.18136805331357,0.9000270015061809,17.2,19
120,18.900000000000002,20.484329642174895,0.7875600580967324,17.2,19
121,18.62736184954957,20.770214542384192,1.0072924939727848,17.2,19
122,18.983239697419133,20.82742959567476,0.8742659547021923,17.2,19
123,19.79283882771841,20.91028538681113,0.7562519678153261,17.2,19
124,18.012403840463595,20.873419195175035,1.1830301039728186,17.2,19
125,18.071779788708135,20.598505993878778,0.9517172628842844,17.2,19
126,18.683095189484533,21.059039569188997,0.9942378127887086,17.2,19
127,19.343559577416272,20.910085847612972,0.8595247380403744,17.2,19
128,18.134846922834953,20.300958930676842,1.170877781419799,17.2,19
129,19.38998327754521,20.734750838420965,0.9005693202221662,17.2,19
130,18.26023252670426,20.493321447652686,1.000546582607773,17.2,19
131,18.362873883832776,20.76547507180584,1.0871816991712764,17.2,19
132,18.50830459735946,20.70995934628823,1.1158300586000152,17.2,19
133,18.989979919597747,20.722195109416248,0.9459468969189785,17.2,19
134,19.0,20.854020722331054,0.9180836852426755,17.2,19
135,18.862873883832776,20.877027886423488,1.0368658835470228,17.2,19
136,18.920465053408524,21.059950154554098,1.1377670783275193,17.2,19
137,18.193737745050925,20.507592086675977,0.9890705033997302,17.2,19
138,19.378232998312527,21.087512175925713,0.8853840640062101,17.2,19
139,19.63527000944073,21.221448942134597,0.9615465433716548,17.2,19
140,19.160107523773828,20.625090032062747,1.071357711939702,17.2,19
141,19.664688270438848,20.939983050619702,0.6251279508425935,17.2,19
142,18.378232998312527,20.84332455932319,0.8652225910632477,17.2,19
143,18.947213595499957,20.583930832238774,0.7092264475154486,17.2,19
144,18.68321595661992,20.842010827613304,1.0399993012119975,17.2,19
145,19.01657508881031,20.98467461190062,0.9440700122006618,17.2,19
146,18.23622914957372,20.563973677569418,1.078186351416321,17.2,19
147,18.923538406167136,20.963112711987257,1.078904779534842,17.2,19
148,19.256465996625053,20.731192715819162,0.7834187488051635,17.2,19
149,18.983239697419133,20.995085108680723,0.9674816500045484,17.2,19
150,18.98148877222268,20.665718179746285,0.728565514677503,17.2,19
0,17.474165738677396,20.758123839122426,1.1328248737931492,17.474165738677396,20
1,18.71909059582729,20.758796163555168,1.1037711438971458,17.474165738677396,20
2,17.948683298050515,20.286453284449767,1.0031458152271218,17.474165738677396,20
3,17.80990195135928,20.87613450414878,1.0045813984703125,17.474165738677396,20
4,18.22736184954957,20.800110764919665,1.2340928383580334,17.474165738677396,20
5,18.729563014098698,20.860279346700636,1.0839045840966473,17.474165738677396,20
6,18.664688270438848,20.738090296880348,0.8262123118209007,17.474165738677396,20
7,18.256465996625053,20.595875504138778,0.883578610380489,17.474165738677396,20
8,19.12736184954957,20.999840705948824,1.171336603508386,17.474165738677396,20
9,18.599999999999998,20.87306212764942,1.0330921766223213,17.474165738677396,20
10,19.18062484748657,20.889362094811407,1.0176347858900072,17.474165738677396,20
11,18.30332963783729,20.637602489388218,0.8369966915163839,17.474165738677396,20
12,19.956465996625056,21.241289947611776,0.7421439091756664,17.474165738677396,20
13,19.04833147735479,20.72531525361769,0.9008966508515021,17.474165738677396,20
14,19.4591260281974,20.82926989283208,0.9367875942825277,17.474165738677396,20
15,19.161706725018234,20.9736536093355,0.9498082778677477,17.474165738677396,20
16,19.20332963783729,20.437938490440505,0.7613153066342797,17.474165738677396,20
17,18.66770782520313,20.491549330788406,0.8579731402040947,17.474165738677396,20
18,18.86619037896906,20.930558616832077,1.0250400003355375,17.474165738677396,20
19,18.707106781186546,21.207624786587385,1.0057947090668566,17.474165738677396,20
20,18.48309518948453,21.153721448862665,1.0571010147266255,17.474165738677396,20
21,18.427105745132007,20.767969900493014,1.0159609810784143,17.474165738677396,20
22,17.967670500619608,20.8366006705691,1.3817414465210418,17.474165738677396,20
23,18.72474487139159,20.686376699291827,1.0632683418947153,17.474165738677396,20
24,18.134846922834953,20.809445937282486,1.2573081764455796,17.474165738677396,20
25,19.11245154965971,20.856042026553745,0.97922390349089,17.474165738677396,20
26,19.171779788708136,20.969856242959832,1.023926530231474,17.474165738677396,20
27,18.334846922834956,20.371412079325275,1.153464816127699,17.474165738677396,20
28,17.8,20.748820967427775,1.2484571344368522,17.474165738677396,20
29,18.868438714135813,20.755901903643466,1.074740846503744,17.474165738677396,20
30,18.0,20.619796637694794,0.9982581698474614,17.474165738677396,20
31,18.16770782520313,20.636908326464688,1.2061576000243026,17.474165738677396,20
32,17.919090595827292,20.249079968116337,1.0295525046438836,17.474165738677396,20
33,18.340967364599088,20.71096443234238,0.9849689656001189,17.474165738677396,20
34,19.048999599679682,20.806025764419086,0.8869318348288844,17.474165738677396,20
35,18.7770329614269,20.5667189691715,1.0573834989771007,17.474165738677396,20
36,18.26023252670426,20.725641146338727,0.9159116802761708,17.474165738677396,20
37,18.96619037896906,20.920009494997437,0.9153715473971236,17.474165738677396,20
38,18.336660026534076,20.65121839471502,1.1775165861580263,17.474165738677396,20
39,19.22474487139159,20.507480318073437,0.7528246187453133,17.474165738677396,20
40,18.492838827718412,20.6551046268725,1.0585153391499398,17.474165738677396,20
41,19.015167380558044,20.911086936193346,1.107109824857263,17.474165738677396,20
42,18.12736184954957,20.63293512232995,1.2215306308610885,17.474165738677396,20
43,18.334846922834956,20.690534155967953,1.1961638464544904,17.474165738677396,20
44,18.96619037896906,20.514139991098354,0.8126363797991578,17.474165738677396,20
45,19.391153452528776,21.064309684316825,0.9881714102670126,17.474165738677396,20
46,18.909975124224175,20.96281937129515,1.038953896114981,17.474165738677396,20
47,18.274165738677393,20.907559065936194,1.0802444420590764,17.474165738677396,20
48,19.260681686165903,20.844566264535363,0.9095535920150584,17.474165738677396,20
49,18.555294535724684,20.950145983693254,1.0840187405525994,17.474165738677396,20
50,19.93095064303001,21.271472054385047,0.8577416854544072,17.474165738677396,20
51,19.162049935181333,20.679790154224175,0.7164722283303687,17.474165738677396,20
52,19.0,20.79017802275595,1.0815995379549965,17.474165738677396,20
53,19.281488772222676,20.771672983535158,0.7899409765503205,17.474165738677396,20
54,19.30384048104053,21.056699175299922,1.0692023794943175,17.474165738677396,20
55,19.66770782520313,20.77400083471937,0.5391254162331041,17.474165738677396,20
56,18.640967364599085,20.44621163399492,0.8689970839851506,17.474165738677396,20
57,18.96619037896906,20.604830302786482,0.8597892008040865,17.474165738677396,20
58,18.71909059582729,20.682184289486795,0.9568951189882237,17.474165738677396,20
59,18.632455532033674,20.71649479520519,0.9514386271061843,17.474165738677396,20
60,18.30990195135928,20.670111657191963,0.914377326363523,17.474165738677396,20
61,19.22736184954957,20.7048833981206,0.9063793378185633,17.474165738677396,20
62,19.121320343559642,20.69172614461538,1.0466530402430776,17.474165738677396,20
63,16.947213595499957,20.979384477355755,1.2595835599811154,16.947213595499957,20
64,18.274165738677393,20.396497284134863,0.7722517100440938,16.947213595499957,20
65,18.62736184954957,20.850925119451016,1.2934274315179377,16.947213595499957,20
66,18.30384048104053,20.532208669042266,1.1152018635669223,16.947213595499957,20
67,19.01657508881031,20.74428463974979,0.8953611435845396,16.947213595499957,20
68,18.869535971483266,20.720827647085937,1.0264864293562803,16.947213595499957,20
69,18.362873883832776,20.570841301728436,1.0107191103054656,16.947213595499957,20
70,19.520465053408525,20.92502056385128,1.0004664048152194,16.947213595499957,20
71,18.071779788708135,20.675235387738695,0.9426871154275341,16.947213595499957,20
72,18.2,20.51309939770149,1.0250459498379838,16.947213595499957,20
73,19.235270009440733,20.729106871617844,0.964949577225576,16.947213595499957,20
74,18.5,20.81422263014878,1.2075496875391842,16.947213595499957,20
75,19.01657508881031,20.8057558743008,0.9356640394882663,16.947213595499957,20
76,18.16770782520313,21.02329200803894,0.958452714951234,16.947213595499957,20
77,18.377032961426902,20.44241257410842,1.1501225763453995,16.947213595499957,20
78,18.814944167960988,20.6649573629853,0.9415495610863931,16.947213595499957,20
79,18.322497216032183,20.66824809857123,0.8805351204982984,16.947213595499957,20
80,18.908304597359457,20.79482124424859,0.9699661971168289,16.947213595499957,20
81,19.02480768092719,20.851496130854315,1.0914871013192233,16.947213595499957,20
82,18.224807680927192,20.653300486555647,0.9622091364547354,16.947213595499957,20
83,18.840967364599088,20.828091629081072,0.996144680296864,16.947213595499957,20
84,18.662049935181333,20.877174773903523,1.0301139556472565,16.947213595499957,20
85,19.129705854077837,20.971223357444426,0.7976339850502917,16.947213595499957,20
86,18.44899959967968,21.069541206277226,1.1435727612465545,16.947213595499957,20
87,18.00830459735946,20.602916340642267,1.3113913222645333,16.947213595499957,20
88,19.049193338482965,20.92182667626555,0.9882312566357504,16.947213595499957,20
89,19.56287388383278,21.136801347198414,0.8085580636644513,16.947213595499957,20
90,18.18321595661992,20.65530260868575,1.0113577300938428,16.947213595499957,20
91,18.549193338482965,20.63284661159754,1.2428583430257114,16.947213595499957,20
92,19.663818169698587,21.15441505549048,0.857816997843512,16.947213595499957,20
93,17.378232998312527,20.668845935014417,1.198313128058878,16.947213595499957,20
94,19.520465053408525,20.790326966444486,1.0335576576437242,16.947213595499957,20
95,18.330950643030008,20.473905843276967,1.0224101272071213,16.947213595499957,20
96,19.408304597359457,20.669026315180222,1.1028706937885018,16.947213595499957,20
97,18.83622914957372,20.615971545687852,1.0271776718293195,16.947213595499957,20
98,19.02664991614216,20.681001755806516,0.8055632536511192,16.947213595499957,20
99,19.29283882771841,21.08287148274142,1.0775109267496368,16.947213595499957,20
100,18.400000000000002,20.61222048138503,1.0336577144839947,16.947213595499957,20
101,17.834846922834956,20.731520679252004,1.0711784352301839,16.947213595499957,20
102,18.634846922834953,20.458240885407132,0.9914064074501954,16.947213595499957,20
103,17.98309518948453,20.73741493557165,0.9984980903570367,16.947213595499957,20
104,20.02664991614216,20.95996450705157,0.698482663017267,16.947213595499957,20
105,19.378232998312527,21.13245556191275,0.7774459546533821,16.947213595499957,20
106,18.66770782520313,20.876706135914414,0.8899425089674112,16.947213595499957,20
107,18.422497216032184,20.783642801143202,1.3196460186696513,16.947213595499957,20
108,18.8295630140987,20.809759734920007,0.9046416052695448,16.947213595499957,20
109,18.368438714135813,21.014057057064175,0.9069399297468702,16.947213595499957,20
110,18.77979589711327,20.81951475074473,1.193112536241957,16.947213595499957,20
111,19.257583690279024,20.979541299362946,0.9179149508573342,16.947213595499957,20
112,19.756465996625053,20.768120060417914,0.7088766675058359,16.947213595499957,20
113,18.755294535724687,20.84660250352937,0.9877338609249268,16.947213595499957,20
114,18.99373774505092,20.568354396109054,0.8179084412918032,16.947213595499957,20
115,17.61980390271856,20.599838717326808,1.0898706620647698,16.947213595499957,20
116,18.571779788708135,20.76079620569078,1.135673549097342,16.947213595499957,20
117,18.37840487520902,20.83834795274151,0.8774226693009747,16.947213595499957,20
118,19.409975124224175,20.821607917535285,0.7803981744349402,16.947213595499957,20
119,18.978232998312528,20.938269093637395,1.1509255309183506,16.947213595499957,20
120,18.896662954709576,21.073908198626466,1.103469179021665,16.947213595499957,20
121,18.30384048104053,20.973389476453885,0.894583535084828,16.947213595499957,20
122,19.23622914957372,20.789578904969513,0.8180022079651589,16.947213595499957,20
123,19.52664991614216,21.053125744804202,0.7912051032566713,16.947213595499957,20
124,18.071779788708135,20.56793843392008,0.9184200182328279,16.947213595499957,20
125,18.66770782520313,20.618276455832625,0.9915789855405631,16.947213595499957,20
126,18.08113883008419,20.596898279561472,0.9560425680085718,16.947213595499957,20
127,17.896662954709576,20.837827775090904,1.0924254634975128,16.947213595499957,20
128,18.80384048104053,21.044562986864808,0.9514649939535508,16.947213595499957,20
129,18.54928556845359,21.03112697925301,1.0152672200090829,16.947213595499957,20
130,19.729563014098698,20.931456941460894,0.699310946669924,16.947213595499957,20
131,18.80332963783729,20.85362763218775,0.8570770311809802,16.947213595499957,20
132,18.467707825203128,20.743374743848495,1.1468370550623588,16.947213595499957,20
133,18.88494332412792,20.864351614464017,1.0626026807867035,16.947213595499957,20
134,19.129705854077837,20.998918435537963,0.8678609449896509,16.947213595499957,20
135,18.183095189484533,20.887022525326888,1.047995867525568,16.947213595499957,20
136,19.23622914957372,20.88208100303622,0.9005865322391458,16.947213595499957,20
137,18.8,20.839090845447032,1.017862038103274,16.947213595499957,20
138,18.55758369027902,20.744993688079557,0.8970838776475057,16.947213595499957,20
139,18.683095189484533,21.219412705224325,1.218872624302112,16.947213595499957,20
140,19.340967364599088,20.95136133624041,0.8334585910377142,16.947213595499957,20
141,18.50830459735946,20.552971475765975,0.8981276782964237,16.947213595499957,20
142,19.314642819948226,20.96620646444045,0.9664026248383212,16.947213595499957,20
143,18.72736184954957,20.750777497805416,0.9217395493165369,16.947213595499957,20
144,19.29283882771841,20.77141844474946,0.692374218052023,16.947213595499957,20
145,17.669693845669904,20.769951189218997,1.1461194646819657,16.947213595499957,20
146,19.012403840463595,20.98373533049487,0.8432958408187448,16.947213595499957,20
147,19.559591794226545,21.01159932789599,0.7883290236445334,16.947213595499957,20
148,18.22736184954957,20.431950817530005,1.1464686729012123,16.947213595499957,20
149,18.478232998312528,20.622155872386188,0.9589326122505794,16.947213595499957,20
150,19.30787840283389,21.330649459934925,1.0805914090223305,16.947213595499957,20
0,18.264911064067352,20.937769816093414,1.0462262376376323,18.264911064067352,21
1,19.50830459735946,20.76057326413318,0.6565144665438302,18.264911064067352,21
2,19.06953597148327,20.976972674881626,1.023158026365673,18.264911064067352,21
3,19.113112646970897,20.650279458377224,0.8316660174407744,18.264911064067352,21
4,19.0,20.836636542640406,0.8679072243946703,18.264911064067352,21
5,18.68321595661992,20.84291488692541,0.9671277674714434,18.264911064067352,21
6,18.640175425099137,20.726223918898345,0.8086873238626667,18.264911064067352,21
7,18.30990195135928,20.55082046147108,0.9328131912342623,18.264911064067352,21
8,19.660107523773828,21.148527314273466,1.0074837050317824,18.264911064067352,21
9,18.640967364599085,20.867965493163798,1.0262921772049631,18.264911064067352,21
10,18.988409872672513,21.10219550536391,0.7638955444068756,18.264911064067352,21
11,18.171779788708136,20.59647506243703,0.9443561228643588,18.171779788708136,21
12,19.30787840283389,20.933781877870977,0.7223314161691785,18.171779788708136,21
13,18.72474487139159,20.68886326446923,0.8442371515874324,18.171779788708136,21
14,18.336660026534076,20.414811731448843,0.8543734418622927,18.171779788708136,21
15,18.422497216032184,20.846700408951186,0.9092967684373463,18.171779788708136,21
16,19.22074368738204,20.76486336145506,0.9210897362677868,18.171779788708136,21
17,18.340967364599088,20.856864287278636,1.111095778815651,18.171779788708136,21
18,18.86619037896906,20.971103267979895,0.9854097019454866,18.171779788708136,21
19,18.209901951359278,20.77248475147643,1.0371488125895072,18.171779788708136,21
20,18.70332963783729,20.552968888961498,0.8375766136890521,18.171779788708136,21
21,18.949137674618942,20.888624635457862,1.0948679015016343,18.171779788708136,21
22,19.3,21.026081427189208,1.1357222882323408,18.171779788708136,21
23,18.563324958071078,20.766804508491667,1.0162369681706225,18.171779788708136,21
24,19.22736184954957,20.609227866150913,0.6466275646059945,18.171779788708136,21
25,19.10554700852678,20.8613067171645,0.9250616834097224,18.171779788708136,21
26,19.640175425099137,21.073929872672213,0.9550462423322121,18.171779788708136,21
27,18.992838827718412,20.981181166889076,1.217644443216496,18.171779788708136,21
28,18.77979589711327,20.697009727207824,0.8042057384577067,18.171779788708136,21
29,18.37840487520902,20.425898547767506,0.8853717949216354,18.171779788708136,21
30,18.336660026534076,20.532281509306557,1.0258714924152634,18.171779788708136,21
31,18.992838827718412,20.733271494262098,0.9806938929598037,18.171779788708136,21
32,18.336660026534076,20.44492051324643,1.0027258699491306,18.171779788708136,21
33,18.640175425099137,20.991055576955414,1.1253784823555089,18.171779788708136,21
34,18.62736184954957,20.6015844965665,1.1535718243740174,18.171779788708136,21
35,18.785229954635273,20.722774682375327,0.9897089490267305,18.171779788708136,21
36,18.83390796058137,20.98976575673196,1.0578340479135298,18.171779788708136,21
37,18.408304597359457,20.526457933685,1.0046922301518577,18.171779788708136,21
38,19.2,20.739631871367152,0.8746468714009736,18.171779788708136,21
39,18.79283882771841,20.93964095406191,1.1710188146578129,18.171779788708136,21
40,19.21909059582729,20.89127089003098,0.9777315303297103,18.171779788708136,21
41,18.83390796058137,20.81596486699087,1.0240751946508466,18.171779788708136,21
42,18.911871208194288,20.717342884426397,1.024784244189975,18.171779788708136,21
43,19.29283882771841,21.072281399049782,1.0110544199755123,18.171779788708136,21
44,19.21909059582729,20.842921916741577,0.9878980165094594,18.171779788708136,21
45,18.520465053408525,20.636095444315547,0.9928710554050709,18.171779788708136,21
46,18.896662954709576,20.87155884196378,1.1806613289091936,18.171779788708136,21
47,18.56953597148327,20.93225279766136,1.155533506903795,18.171779788708136,21
48,18.8295630140987,21.130467682797853,1.0749360804807346,18.171779788708136,21
49,19.159126028197402,20.976690230776203,1.0572929060325216,18.171779788708136,21
50,17.640175425099137,20.497775366407428,1.094472987928545,17.640175425099137,21
51,18.22474487139159,20.946915546324547,1.0264765749894924,17.640175425099137,21
52,19.33622914957372,21.17144228963004,1.0810810117067224,17.640175425099137,21
53,18.640967364599085,21.05617359794627,1.2025514666336357,17.640175425099137,21
54,17.599999999999998,20.593740522264792,1.0741107322055512,17.599999999999998,21
55,18.30990195135928,21.15901078816444,1.1115509722146573,17.599999999999998,21
56,18.30384048104053,20.765270684966648,0.9948853254699298,17.599999999999998,21
57,18.055294535724684,21.02740679471226,1.0237102875358026,17.599999999999998,21
58,18.55758369027902,20.33681864955728,0.8937698288894973,17.599999999999998,21
59,18.960232526704264,20.892809032259816,0.8909549765212472,17.599999999999998,21
60,18.988409872672513,21.253594688724714,1.0387162737425861,17.599999999999998,21
61,19.114642819948223,20.745419785584968,0.911402596898187,17.599999999999998,21
62,18.914213562373096,20.91406696288845,1.0783961551986234,17.599999999999998,21
63,19.164688270438848,20.84874219526263,0.8261812122171335,17.599999999999998,21
64,19.274596669241483,20.776392230670577,0.7695402077539181,17.599999999999998,21
65,19.609975124224178,21.20219113148416,0.8319382881039099,17.599999999999998,21
66,19.3,20.977896001133118,0.9501829586963754,17.599999999999998,21
67,17.683095189484533,20.5449504212133,1.0703544625479091,17.599999999999998,21
68,17.894427190999917,20.622717550630682,1.0574637670335734,17.599999999999998,21
69,17.992838827718412,20.62356566959554,1.3342641906995927,17.599999999999998,21
70,17.62736184954957,20.27396279824343,1.1710161910428747,17.599999999999998,21
71,19.57364413533277,21.054894491384612,0.9200594313264453,17.599999999999998,21
72,17.449137674618942,20.688162385897694,1.4110708286027056,17.449137674618942,21
73,19.258317958127243,20.800739646406804,0.7435149925372483,17.449137674618942,21
74,18.97763888346312,20.88319089202721,1.1530895493064917,17.449137674618942,21
75,18.86619037896906,21.047021917270392,0.9497331025056694,17.449137674618942,21
76,18.983239697419133,20.8066492587911,0.9637797781197863,17.449137674618942,21
77,19.16794833886788,20.95923491635463,0.9554826724819513,17.449137674618942,21
78,19.260681686165903,20.613325382871167,0.9805935442328766,17.449137674618942,21
79,19.408304597359457,21.48434372051531,1.0781903543248488,17.449137674618942,21
80,18.640175425099137,20.753662594937452,1.1795892402257662,17.449137674618942,21
81,18.830950643030008,20.59710055852383,0.9443305267816396,17.449137674618942,21
82,19.23861278752583,20.848593708132103,0.9283386269192466,17.449137674618942,21
83,18.988409872672513,20.884972202990483,0.8938721092847802,17.449137674618942,21
84,18.5,20.28017577147295,1.1206628649516226,17.449137674618942,21
85,19.227566688249706,20.927179528459092,0.9749402998154362,17.449137674618942,21
86,19.43095064303001,20.897002847523044,0.8203312735615669,17.449137674618942,21
87,18.834846922834956,20.84635533234557,1.2080872402506497,17.449137674618942,21
88,18.22736184954957,20.902103912779236,1.1209940036497228,17.449137674618942,21
89,18.862873883832776,20.334619951488556,0.7847773428757939,17.449137674618942,21
90,18.492838827718412,20.682166078812035,1.0977612117915554,17.449137674618942,21
91,19.94899959967968,20.93960350578987,0.7468421505477396,17.449137674618942,21
92,19.599999999999998,20.66572654555875,0.8764555944267043,17.449137674618942,21
93,19.456465996625056,20.907747048270917,0.8588591664600321,17.449137674618942,21
94,19.033907960581374,20.804265188540196,0.8110314743602361,17.449137674618942,21
95,19.084943324127924,21.174899039214335,0.8883932647165286,17.449137674618942,21
96,18.629705854077837,20.810827328544892,0.8356211089283537,17.449137674618942,21
97,19.55758369027902,20.904982564961646,0.7370117900077976,17.449137674618942,21
98,18.84390889145858,21.07895851945764,0.9138345874183976,17.449137674618942,21
99,19.555294535724684,21.049237987736095,0.9745093019413229,17.449137674618942,21
100,18.461324772583616,20.660994823820918,1.068199067412064,17.449137674618942,21
101,19.856349099818896,21.13472992087933,0.9616668837172803,17.449137674618942,21
102,19.179075450674063,21.19559599504065,0.9907789125734159,17.449137674618942,21
103,18.193737745050925,20.512677478474256,0.8437834712999565,17.449137674618942,21
104,19.330950643030008,20.936766948099006,1.0535580304404641,17.449137674618942,21
105,18.5,20.71375319324788,0.9862698731737549,17.449137674618942,21
106,18.795829710142186,20.714545786030047,1.0229606685115267,17.449137674618942,21
107,18.448331477354788,20.517584505931186,1.2091286185872245,17.449137674618942,21
108,19.140967364599085,21.006018106116446,0.9614728550954094,17.449137674618942,21
109,19.492838827718412,21.07421084114434,1.0636628187351973,17.449137674618942,21
110,18.87840487520902,20.633720433972165,1.1334762089486203,17.449137674618942,21
111,19.366431913239847,21.03330288576469,0.8539172503285472,17.449137674618942,21
112,17.419090595827292,21.32326905272168,1.488540928530091,17.419090595827292,21
113,19.164688270438848,20.756414160079576,0.9943017004300689,17.419090595827292,21
114,18.047722557505168,20.673009639946173,1.43644317652725,17.419090595827292,21
115,18.714944167960986,20.959591293241456,0.9850500845159602,17.419090595827292,21
116,19.214944167960986,20.67345778938501,1.1396289463668052,17.419090595827292,21
117,18.88910462845192,20.686422832561814,1.2033362327078623,17.419090595827292,21
118,18.50830459735946,20.974843242706402,1.1198229416902663,17.419090595827292,21
119,18.18321595661992,20.760851708063985,0.8702551779688346,17.419090595827292,21
120,18.949137674618942,20.299951925474005,0.8483455833984846,17.419090595827292,21
121,18.62736184954957,20.768379441694794,0.932736071071272,17.419090595827292,21
122,19.01657508881031,20.888090772005828,0.8979869750843922,17.419090595827292,21
123,18.947213595499957,20.664567278781192,0.8863008784107262,17.419090595827292,21
124,17.98309518948453,20.848040773049263,1.036303106286496,17.419090595827292,21
125,18.947213595499957,20.745492375197042,0.9527739494440408,17.419090595827292,21
126,19.429705854077834,20.838763019478392,0.8692483493602831,17.419090595827292,21
127,18.26023252670426,21.20817023078746,0.9802982269829231,17.419090595827292,21
128,18.183095189484533,20.62588738585955,1.1310404810972328,17.419090595827292,21
129,18.16770782520313,20.488450657184277,1.0737850173724548,17.419090595827292,21
130,19.56953597148327,21.168144596554246,0.7276227857128179,17.419090595827292,21
131,17.588409872672514,20.47940768442061,1.2224164187106719,17.419090595827292,21
132,19.314642819948226,20.830193109758273,0.8567271090042851,17.419090595827292,21
133,19.615167380558045,21.11150173641488,0.6679385749076184,17.419090595827292,21
134,19.29283882771841,21.103671293438484,1.0064501721660521,17.419090595827292,21
135,19.378232998312527,20.75938971699568,0.8424205357177476,17.419090595827292,21
136,18.59544511501033,20.471352784675844,1.039244054456504,17.419090595827292,21
137,19.662049935181333,21.14011887490426,0.8065836330612665,17.419090595827292,21
138,19.755294535724687,21.139297683176434,1.0070758743849673,17.419090595827292,21
139,18.394427190999917,20.67330262758538,0.9952206231182273,17.419090595827292,21
140,17.378232998312527,20.599976925258115,1.134081270025878,17.378232998312527,21
141,18.478232998312528,20.56805902445949,0.8549546181879464,17.378232998312527,21
142,17.948683298050515,20.734166006848586,1.0210649741752098,17.378232998312527,21
143,18.960232526704264,20.783057628845402,0.7931042216452523,17.378232998312527,21
144,18.04880884817015,20.62186538218718,1.0256134524142313,17.378232998312527,21
145,19.816590212458493,21.107603588473854,0.7917629058075648,17.378232998312527,21
146,19.13527000944073,20.832300330316006,0.9059181269218191,17.378232998312527,21
147,18.869535971483266,21.052888206356794,1.1071345496021991,17.378232998312527,21
148,19.129705854077837,20.820200306894467,0.8369779226851701,17.378232998312527,21
149,19.02664991614216,20.746409071726074,1.0547199035321626,17.378232998312527,21
150,18.707106781186546,20.996517701849665,0.941537550493459,17.378232998312527,21
0,19.372004514666937,20.972572490014144,0.8002547901035331,19.372004514666937,22
1,18.769693845669906,20.909588952324658,0.992261539836138,18.769693845669906,22
2,18.988409872672513,20.77198358083407,0.8032377013131141,18.769693845669906,22
3,19.17979589711327,20.9516308249547,0.9511604456026916,18.769693845669906,22
4,18.713552872566005,20.82734263740795,0.920660470261146,18.713552872566005,22
5,18.949137674618942,20.663868099667003,0.9554868366704636,18.713552872566005,22
6,19.099999999999998,20.613167346138635,0.848873462481985,18.713552872566005,22
7,18.900000000000002,20.818958040244443,0.935527935844579,18.713552872566005,22
8,18.634846922834953,21.169974766931006,1.0492349781903791,18.634846922834953,22
9,18.11980390271856,20.624428608681125,0.986709726722904,18.11980390271856,22
10,18.62736184954957,20.385312293506587,0.8171065123039195,18.11980390271856,22
11,18.709901951359278,20.819515394615713,0.9225797801307662,18.11980390271856,22
12,19.48148877222268,21.036894233928933,0.7349124595768288,18.11980390271856,22
13,18.555294535724684,21.024520934007846,1.1372596230349734,18.11980390271856,22
14,18.87840487520902,20.647732305856703,1.0283735238886038,18.11980390271856,22
15,19.04939015319192,21.144094452289284,1.1544696275057371,18.11980390271856,22
16,19.46619037896906,21.028951632462796,0.8823692456433498,18.11980390271856,22
17,18.563324958071078,20.916271082683576,0.9317485666941551,18.11980390271856,22
18,17.834846922834956,20.373454073235962,0.9896431049327943,17.834846922834956,22
19,18.362873883832776,20.635764156699178,0.9047217029527451,17.834846922834956,22
20,18.7,20.97482966897751,0.902970044580226,17.834846922834956,22
21,19.414213562373096,21.035336679003674,0.7702983888945097,17.834846922834956,22
22,18.836660026534076,20.87328297453531,1.1789727428479582,17.834846922834956,22
23,18.693737745050925,20.56312535651467,0.983536259822286,17.834846922834956,22
24,18.089897948556636,20.59317158498261,0.9346138332148949,17.834846922834956,22
25,18.757583690279024,20.62458423187176,1.2767654431061841,17.834846922834956,22
26,18.207106781186546,21.044839419364084,1.2107441556391751,17.834846922834956,22
27,18.22736184954957,20.686216966924547,0.9273148555476166,17.834846922834956,22
28,17.967707825203128,20.9237725143667,1.148923779690838,17.834846922834956,22
29,18.67979589711327,21.005693801922863,1.0960714760587082,17.834846922834956,22
30,18.01657508881031,20.268528685367013,1.0336512772113633,17.834846922834956,22
31,18.235270009440733,20.860386661688796,1.1757704121180077,17.834846922834956,22
32,19.084943324127924,21.176002291960142,1.0866248722369962,17.834846922834956,22
33,18.914213562373096,20.827967114501583,0.8996527232096374,17.834846922834956,22
34,17.900000000000002,20.821059311578917,1.1713937512918238,17.834846922834956,22
35,18.134846922834953,20.477674360304313,1.113253695799622,17.834846922834956,22
36,18.334846922834956,20.714991029960277,1.1301799796764975,17.834846922834956,22
37,17.98309518948453,20.42595314702572,1.073014634830297,17.834846922834956,22
38,18.978232998312528,20.92339468030786,1.1885143879954807,17.834846922834956,22
39,17.547722557505168,20.67565227289005,1.1217158473279998,17.547722557505168,22
40,18.483239697419133,20.52282675388286,1.0171309160961537,17.547722557505168,22
41,19.214944167960986,20.60092042241145,0.9039192279649436,17.547722557505168,22
42,18.99373774505092,20.63456611751837,0.8757276591661923,17.547722557505168,22
43,17.76843871413581,20.648906206985675,1.2606924363775158,17.547722557505168,22
44,19.05758369027902,20.465496851011583,0.9811775077423012,17.547722557505168,22
45,18.68321595661992,20.761234731874723,1.0177397948152458,17.547722557505168,22
46,18.27979589711327,20.53308582176083,1.1731680408662248,17.547722557505168,22
47,18.845207879911715,21.005092121998967,1.0257136362036179,17.547722557505168,22
48,19.01657508881031,20.932124679397923,1.0971446211700817,17.547722557505168,22
49,17.960232526704264,20.751414846487574,0.8841347154377927,17.547722557505168,22
50,19.04928556845359,20.953234699016672,1.1503811151742664,17.547722557505168,22
51,19.7,20.732509636540144,0.7290772938908959,17.547722557505168,22
52,19.422497216032184,20.997743182266003,0.9062557673390705,17.547722557505168,22
53,19.32379000772445,20.862563786483392,0.7910421044027311,17.547722557505168,22
54,18.256465996625053,20.479970765337658,1.1193300855202961,17.547722557505168,22
55,19.41084400165827,20.82263924916056,1.1141669465952675,17.547722557505168,22
56,18.588409872672514,20.715878757176938,0.9768740226200381,17.547722557505168,22
57,18.29283882771841,20.747915787229008,1.3142681432256296,17.547722557505168,22
58,18.0576411454889,20.948693208043807,1.004385274317598,17.547722557505168,22
59,19.391153452528776,20.985633523582074,0.9173800455136405,17.547722557505168,22
60,19.30384048104053,21.024105375954296,0.7978206983103496,17.547722557505168,22
61,18.491153452528778,20.879092739328758,0.925412728628273,17.547722557505168,22
62,19.394427190999917,20.81918998451032,0.7706147801955138,17.547722557505168,22
63,19.06287388383278,21.014635015540264,1.0812267652297272,17.547722557505168,22
64,18.87840487520902,20.89570243260233,0.8886270508891362,17.547722557505168,22
65,18.866431913239847,20.83895377373007,0.940500214750266,17.547722557505168,22
66,18.2,20.84766575150235,1.1550415189430667,17.547722557505168,22
67,19.427105745132007,20.6768313394406,0.7712818362124632,17.547722557505168,22
68,18.584943324127924,20.164224737739705,0.9892747765246435,17.547722557505168,22
69,19.173320053068153,21.17253041900509,1.128755990189369,17.547722557505168,22
70,17.992838827718412,20.9851603097428,1.1874382786719302,17.547722557505168,22
71,17.707106781186546,20.850461801952324,1.1471055983332379,17.547722557505168,22
72,19.256465996625053,21.050239579699667,0.9458275601007098,17.547722557505168,22
73,17.948683298050515,20.658664737899915,1.1268905948896966,17.547722557505168,22
74,19.30384048104053,20.892907171214777,0.9235891426842626,17.547722557505168,22
75,18.80384048104053,21.141244366436776,0.9910878837796891,17.547722557505168,22
76,18.967707825203128,20.70786931450152,0.9388641433349754,17.547722557505168,22
77,18.76023252670426,21.097513273528303,1.33560055140082,17.547722557505168,22
78,18.555294535724684,20.725715365863014,1.1284718852886877,17.547722557505168,22
79,18.555294535724684,20.769527716250074,0.9093273283069376,17.547722557505168,22
80,18.16770782520313,20.83653755853382,0.9913320813560623,17.547722557505168,22
81,18.983239697419133,21.086553920912397,1.1527055055122908,17.547722557505168,22
82,17.207106781186546,20.422437834109616,1.2656017835663262,17.207106781186546,22
83,18.27979589711327,20.792836996102334,1.1897886912352724,17.207106781186546,22
84,19.099999999999998,21.073615146966727,1.1457898341061656,17.207106781186546,22
85,18.400000000000002,20.4095623161699,1.011651944772275,17.207106781186546,22
86,18.2,21.02268092650416,1.098339207039745,17.207106781186546,22
87,17.900000000000002,20.576234474458005,1.2580872672146923,17.207106781186546,22
88,18.44899959967968,20.74742263667378,1.0926997340923919,17.207106781186546,22
89,19.18062484748657,20.820248529514284,0.8787283848666098,17.207106781186546,22
90,18.862873883832776,20.562702310842884,1.0782032407591107,17.207106781186546,22
91,18.0,20.812921774382072,1.0439101098813992,17.207106781186546,22
92,19.43095064303001,21.088781027945974,0.9231000454020166,17.207106781186546,22
93,17.48309518948453,20.699051486833522,1.2057947826037971,17.207106781186546,22
94,19.22474487139159,20.987385928842325,0.9154923023916379,17.207106781186546,22
95,17.257583690279024,20.60655026274777,1.0909133682747298,17.207106781186546,22
96,18.134846922834953,20.677337546124253,1.2287691603332753,17.207106781186546,22
97,18.735270009440733,21.117961851424884,1.2547858750508472,17.207106781186546,22
98,18.919090595827292,21.085818206093226,0.9215202862976112,17.207106781186546,22
99,19.54939015319192,21.204618664303343,1.074394737184434,17.207106781186546,22
100,19.08113883008419,20.99167912015413,0.9980298718909077,17.207106781186546,22
101,19.254723699099138,20.910551479200304,0.9384707964331541,17.207106781186546,22
102,18.983266665599963,20.793846992968525,0.9373376879688247,17.207106781186546,22
103,18.82828568570857,20.62007967237845,1.0991542213228052,17.207106781186546,22
104,18.448683298050515,20.218065315398707,1.0270344461509697,17.207106781186546,22
105,18.488409872672513,20.35501006423645,1.1550053857125393,17.207106781186546,22
106,18.56287388383278,20.878063296418045,1.0078502706781558,17.207106781186546,22
107,19.112403840463596,20.838554266463994,0.7904184631159789,17.207106781186546,22
108,19.340967364599088,21.22404907900078,0.8103280961781496,17.207106781186546,22
109,18.76023252670426,20.798617138045465,1.064986251424361,17.207106781186546,22
110,19.52480768092719,20.946889085413808,0.7984620156994211,17.207106781186546,22
111,18.79283882771841,20.57180202580202,0.9010243412380337,17.207106781186546,22
112,19.563818169698585,21.123155873943208,1.1332861018029143,17.207106781186546,22
113,18.914213562373096,20.801042416319625,1.0539892811611418,17.207106781186546,22
114,19.048999599679682,20.672197684326818,0.8424332053171798,17.207106781186546,22
115,18.755294535724687,20.8813078355775,0.9071079250228988,17.207106781186546,22
116,19.02664991614216,20.456024567050104,0.8258285172818427,17.207106781186546,22
117,19.14355957741627,20.90162691257638,0.9809944645599925,17.207106781186546,22
118,18.92756668824971,20.76537340783995,0.8952192409467088,17.207106781186546,22
119,19.288854381999833,20.579401733918484,0.78017432431988,17.207106781186546,22
120,19.563818169698585,20.562313173023345,0.8715370869164691,17.207106781186546,22
121,18.316227766016837,20.714583447635388,1.056801901113274,17.207106781186546,22
122,18.369535971483266,21.00560752615252,1.155492169321446,17.207106781186546,22
123,18.897999199359358,20.929376194972182,1.0999456655291806,17.207106781186546,22
124,18.914213562373096,20.220778450895903,0.852879437953265,17.207106781186546,22
125,19.01657508881031,20.817592448568757,0.8178988539020496,17.207106781186546,22
126,19.230727575266254,20.746262639883756,0.9403666115008492,17.207106781186546,22
127,18.013552872566002,20.960615746278762,1.1830571028771057,17.207106781186546,22
128,17.68321595661992,20.755588786588408,1.2291966123117275,17.207106781186546,22
129,17.80990195135928,20.78938677207986,1.2832974213728177,17.207106781186546,22
130,17.709901951359278,20.828178362575358,1.3551929449962514,17.207106781186546,22
131,18.900000000000002,20.81559162740104,0.919629885101446,17.207106781186546,22
132,17.834846922834956,20.99583139159629,1.075179747436896,17.207106781186546,22
133,17.66770782520313,20.598556111590693,1.0602895888772688,17.207106781186546,22
134,18.112403840463596,20.455105898716287,0.8990484349579648,17.207106781186546,22
135,18.93095064303001,20.869056693743616,1.2111877691635353,17.207106781186546,22
136,18.46619037896906,20.71727061225469,1.0669878140624467,17.207106781186546,22
137,19.12664991614216,20.814769415974965,1.1732082904956196,17.207106781186546,22
138,19.055294535724684,20.6459115668727,0.941848401192441,17.207106781186546,22
139,19.171779788708136,21.014256613160452,1.0082112611014136,17.207106781186546,22
140,18.140175425099137,20.82346793557167,1.3126078426548013,17.207106781186546,22
141,18.55758369027902,20.537759432939037,1.0016815630048246,17.207106781186546,22
142,18.929705854077834,21.024458438714905,0.824567907445684,17.207106781186546,22
143,19.159126028197402,21.017109600321668,0.9112112746008524,17.207106781186546,22
144,18.339607805437115,21.01943272923576,1.1061017268563047,17.207106781186546,22
145,18.729563014098698,21.07408794921966,1.0741179721242577,17.207106781186546,22
146,17.54833147735479,20.584708625361042,1.0839204467341352,17.207106781186546,22
147,18.00830459735946,20.626192827825335,1.1995115460478858,17.207106781186546,22
148,18.961324772583616,20.859515035525117,0.8944883287891756,17.207106781186546,22
149,18.98309518948453,20.90495046711902,0.8225553651006356,17.207106781186546,22
150,18.269693845669906,20.750222681151442,1.0740140659456527,17.207106781186546,22
0,18.394427190999917,20.86243489147559,0.8889423510028379,18.394427190999917,23
1,18.877032961426902,20.795523264240565,1.1500971505774187,18.394427190999917,23
2,19.380624847486573,20.58391794646349,0.8180306895206997,18.394427190999917,23
3,19.22736184954957,21.03750896374621,1.222533802385891,18.394427190999917,23
4,18.555294535724684,20.93466814224043,1.0951008314009054,18.394427190999917,23
5,18.683095189484533,20.867267807628195,0.9097171218761716,18.394427190999917,23
6,19.2,21.085259260843266,1.030642835907014,18.394427190999917,23
7,18.735270009440733,20.623923529638958,0.9170615361994445,18.394427190999917,23
8,19.311871208194287,20.766422903653098,1.0540821348907612,18.394427190999917,23
9,18.80332963783729,20.996124568188957,0.9166173147210506,18.394427190999917,23
10,18.491153452528778,20.390322034792227,0.8174345919715937,18.394427190999917,23
11,18.877032961426902,20.989724510335492,0.9197501352174949,18.394427190999917,23
12,16.816227766016837,20.749495819747462,1.4644503199725443,16.816227766016837,23
13,19.04833147735479,20.92935469133516,0.9256231641911877,16.816227766016837,23
14,18.7,20.78225729933973,1.0917892347052676,16.816227766016837,23
15,19.160107523773828,21.218424231608513,0.9953427139713119,16.816227766016837,23
16,18.448683298050515,20.45210782707056,0.9801932425523245,16.816227766016837,23
17,18.869535971483266,20.663576214998034,1.1366888693580952,16.816227766016837,23
18,18.54939015319192,20.616194622369246,0.8126745436290292,16.816227766016837,23
19,18.93095064303001,20.85091706225871,1.0367680896835196,16.816227766016837,23
20,18.663818169698587,20.807513046897714,1.0085610348477427,16.816227766016837,23
21,17.61980390271856,20.52854724486578,1.1179191790075218,16.816227766016837,23
22,18.929705854077834,20.628739886098344,0.8693286749140949,16.816227766016837,23
23,18.86619037896906,20.577960562650162,0.6502341595753309,16.816227766016837,23
24,18.13527000944073,21.00770700763301,1.2807419344636346,16.816227766016837,23
25,19.368438714135813,20.773494373696508,0.9165745809959577,16.816227766016837,23
26,19.52664991614216,20.790102005220437,0.9164230362318643,16.816227766016837,23
27,18.948331477354788,20.767832703042313,0.9317437183348118,16.816227766016837,23
28,18.378232998312527,20.662313170312363,0.9336928200578363,16.816227766016837,23
29,18.336660026534076,20.950406124646275,1.0037127732097788,16.816227766016837,23
30,19.469817807045693,21.011926050669675,0.926460184939001,16.816227766016837,23
31,19.12736184954957,20.932908064764252,0.8892808956927237,16.816227766016837,23
32,18.76023252670426,20.520879116065966,0.80253091094779,16.816227766016837,23
33,19.467707825203128,21.188371207508666,0.9685804514116182,16.816227766016837,23
34,19.172004514666934,20.827395571340748,0.7570146476830386,16.816227766016837,23
35,18.67979589711327,20.834534499485134,0.9669232288800796,16.816227766016837,23
36,19.33541565040626,20.89425856025895,0.9539742083134194,16.816227766016837,23
37,19.55758369027902,20.824241310070438,0.7312880104482788,16.816227766016837,23
38,18.840967364599088,21.13946713077364,0.9648305548038174,16.816227766016837,23
39,18.340967364599088,20.814362402098578,1.1533506206678257,16.816227766016837,23
40,19.013552872566002,20.56128136352164,0.9192792275398648,16.816227766016837,23
41,18.92756668824971,21.129363791156194,0.9543971911300595,16.816227766016837,23
42,18.660107523773828,20.551907929549415,0.7984733823211184,16.816227766016837,23
43,18.563818169698585,20.66737476902915,0.9701451544351817,16.816227766016837,23
44,18.922497216032184,20.964922809133935,1.0859346784629615,16.816227766016837,23
45,18.948683298050515,20.74681112936902,0.9320630789405306,16.816227766016837,23
46,19.54880884817015,20.802434771535022,0.6533444726219764,16.816227766016837,23
47,18.727566688249706,20.502935297926374,0.8746243726043087,16.816227766016837,23
48,18.229563014098698,20.9090619188473,1.2996505150042719,16.816227766016837,23
49,18.448331477354788,20.465176459114964,0.8985992816079329,16.816227766016837,23
50,17.632455532033674,20.31363740621442,1.2200190326001765,16.816227766016837,23
51,18.869535971483266,20.782548802849913,0.9188752948494101,16.816227766016837,23
52,18.991153452528778,20.984396450536924,1.068774403157798,16.816227766016837,23
53,18.183095189484533,20.772660442367705,1.266299896094689,16.816227766016837,23
54,17.87840487520902,20.476588511675544,1.0265482736696077,16.816227766016837,23
55,19.07364413533277,21.107556455862,0.9655644101569937,16.816227766016837,23
56,18.235270009440733,20.516670898079905,1.0694905539993944,16.816227766016837,23
57,18.634846922834953,20.486177152999378,1.0763960617129864,16.816227766016837,23
58,17.112403840463596,20.79089216416733,1.2426590081372273,16.816227766016837,23
59,17.869535971483266,20.952639503414872,1.1241440223482189,16.816227766016837,23
60,18.52828568570857,20.914105739517215,0.7635050128220526,16.816227766016837,23
61,18.56287388383278,20.905405107823185,0.9671829503887964,16.816227766016837,23
62,19.055294535724684,20.9478603934853,0.8250621917618124,16.816227766016837,23
63,18.673320053068153,20.693559504743373,1.0132494899256081,16.816227766016837,23
64,18.448331477354788,20.485489077299466,0.8671198852198861,16.816227766016837,23
65,19.58113883008419,20.93278805784526,1.0642715941570955,16.816227766016837,23
66,18.099999999999998,21.05251688982159,1.1569880161927728,16.816227766016837,23
67,18.59544511501033,20.806159303884126,0.8805787886981317,16.816227766016837,23
68,19.02480768092719,21.043961311140276,1.0482434471117041,16.816227766016837,23
69,18.923538406167136,20.57786285415317,0.9073221224204113,16.816227766016837,23
70,18.83541565040626,20.769560501272057,0.9844002062692565,16.816227766016837,23
71,18.894427190999917,21.230304265839585,1.1647725573117524,16.816227766016837,23
72,18.00830459735946,20.77458183655869,1.0065888763605317,16.816227766016837,23
73,18.132455532033674,20.67198846807963,1.3329024279900157,16.816227766016837,23
74,18.755294535724687,20.98030381524154,1.011879686699855,16.816227766016837,23
75,18.563818169698585,20.439277699630555,0.7488459580188277,16.816227766016837,23
76,18.64355957741627,20.550416033687625,1.0625452722609456,16.816227766016837,23
77,18.49373774505092,20.764113713954043,1.1778971376527148,16.816227766016837,23
78,18.891153452528776,20.45203507831317,0.8629086519153165,16.816227766016837,23
79,19.254723699099138,20.935584920691863,0.9390420700523864,16.816227766016837,23
80,18.77488738510232,20.96065073413034,0.9006437109524384,16.816227766016837,23
81,19.512403840463595,20.790835376631133,0.8987342439894804,16.816227766016837,23
82,19.29283882771841,20.887886626182038,0.9352789389041791,16.816227766016837,23
83,18.340967364599088,20.7427152265944,1.0118092896977557,16.816227766016837,23
84,18.37840487520902,21.1104116674223,1.0015759730097211,16.816227766016837,23
85,19.140967364599085,20.70807579761092,0.7351026631596651,16.816227766016837,23
86,19.43095064303001,21.20847647536093,0.977196586673822,16.816227766016837,23
87,18.533907960581374,20.653231928528005,0.954294321318928,16.816227766016837,23
88,18.140967364599085,20.98342386717477,1.1586374781513862,16.816227766016837,23
89,19.099999999999998,20.882622978345722,0.9618252305136643,16.816227766016837,23
90,19.30787840283389,20.868667323854925,0.9805530972898295,16.816227766016837,23
91,18.50830459735946,20.48197131448388,1.0358242798077564,16.816227766016837,23
92,18.80990195135928,21.1847702142075,1.2331301927805478,16.816227766016837,23
93,19.689974874213238,20.84379285683841,0.8248120281829097,16.816227766016837,23
94,19.12736184954957,20.520808877572737,0.7954725245814551,16.816227766016837,23
95,18.923538406167136,21.04330953050822,0.9908204154407596,16.816227766016837,23
96,19.3,20.980966980485803,0.8587044907952033,16.816227766016837,23
97,19.00830459735946,21.159486585960213,1.0086756717953538,16.816227766016837,23
98,18.71909059582729,21.062970925997863,1.0740202842197195,16.816227766016837,23
99,18.683095189484533,20.524166499572996,0.9910340345583666,16.816227766016837,23
100,19.264911064067352,20.967595919199496,0.873280201163051,16.816227766016837,23
101,18.229563014098698,20.790353598425053,1.0101832559544803,16.816227766016837,23
102,18.735270009440733,21.038982574379705,1.122432785199303,16.816227766016837,23
103,19.16770782520313,20.91724919807554,0.9462377447181006,16.816227766016837,23
104,18.713594362117867,20.857419541289044,0.7862389016089204,16.816227766016837,23
105,19.21909059582729,21.13137526505864,0.9586642347747638,16.816227766016837,23
106,18.70293863659264,20.838229547993404,1.0076442381923136,16.816227766016837,23
107,18.843559577416272,20.889048445549523,0.9129889992074173,16.816227766016837,23
108,18.3,20.450202235092974,0.8696512897620675,16.816227766016837,23
109,19.229563014098698,21.048518778951713,1.001964381051654,16.816227766016837,23
110,19.193737745050925,20.746187635328017,1.0542744047972676,16.816227766016837,23
111,19.50830459735946,21.03117851503657,0.8003128624657888,16.816227766016837,23
112,18.755294535724687,20.87629545160425,1.1629629717468446,16.816227766016837,23
113,17.707106781186546,20.681593651943356,0.8894680638601554,16.816227766016837,23
114,19.17979589711327,20.79465984647604,0.9228796785929473,16.816227766016837,23
115,18.764911064067352,20.497346911518054,0.9636070568156366,16.816227766016837,23
116,18.400000000000002,20.554891453927027,1.079417606724276,16.816227766016837,23
117,19.1431676725155,20.954940738503957,1.091920091975785,16.816227766016837,23
118,18.908304597359457,20.711907012881266,0.9059008611155897,16.816227766016837,23
119,19.172004514666934,20.626318466910874,0.9470136869205685,16.816227766016837,23
120,17.894427190999917,20.648520210047337,1.0321196613750845,16.816227766016837,23
121,19.47156333832011,21.09355858755407,1.0511191873118721,16.816227766016837,23
122,18.760681686165903,20.711582524891842,1.1275296209349752,16.816227766016837,23
123,18.76023252670426,20.248229196578944,0.8216757248010472,16.816227766016837,23
124,19.08679622641132,20.867925968992935,0.8511689968374202,16.816227766016837,23
125,18.862873883832776,20.73092545400802,0.817875182749302,16.816227766016837,23
126,18.411871208194288,20.789960003649977,0.8484636993288139,16.816227766016837,23
127,18.908304597359457,21.12891357425409,0.8542787363341998,16.816227766016837,23
128,19.055294535724684,20.719775793825665,0.7232628170138828,16.816227766016837,23
129,18.5,20.795666976798334,1.0406655900765918,16.816227766016837,23
130,17.7,20.606532697027497,1.1140432923962307,16.816227766016837,23
131,19.26023252670426,20.957238100527977,0.9775461205894329,16.816227766016837,23
132,18.18062484748657,20.4893299329398,1.0211894350318536,16.816227766016837,23
133,18.735270009440733,20.444983023111494,0.9256649263985909,16.816227766016837,23
134,18.960232526704264,20.825813331633054,0.95613349683026,16.816227766016837,23
135,18.369535971483266,20.727119969006235,1.1776808300066028,16.816227766016837,23
136,19.37840487520902,20.783565202904597,0.697986001433947,16.816227766016837,23
137,18.709901951359278,20.577489339276465,1.1045592806178572,16.816227766016837,23
138,18.488409872672513,20.712690051170032,0.9616701631644786,16.816227766016837,23
139,17.693737745050925,20.82920090537839,1.2680743087994506,16.816227766016837,23
140,18.82828568570857,20.728806487431356,0.8840198242470069,16.816227766016837,23
141,18.671779788708136,20.72265586248735,0.9901434447175881,16.816227766016837,23
142,18.3,21.025040796759104,1.2231232605483324,16.816227766016837,23
143,18.589897948556636,20.804098038904524,1.1159047125819317,16.816227766016837,23
144,19.07364413533277,20.9317911365999,0.9012581130773897,16.816227766016837,23
145,18.229563014098698,20.72747846215857,0.9241625665798917,16.816227766016837,23
146,18.214944167960986,20.435924035302225,0.972891081140311,16.816227766016837,23
147,18.992838827718412,20.775299000184084,1.0765826467977802,16.816227766016837,23
148,18.30384048104053,20.995660237422246,1.033928770462668,16.816227766016837,23
149,18.840967364599088,20.690913978762236,1.0279085332098004,16.816227766016837,23
150,18.764911064067352,20.771856265666447,0.9555112153034377,16.816227766016837,23
0,18.336660026534076,20.733589923532215,0.8488122774642174,18.336660026534076,24
1,17.2,20.71390419603562,1.3388438532333438,17.2,24
2,18.0,20.724243450635143,1.063881214180573,17.2,24
3,17.830950643030008,20.621033781507894,1.2969167930188519,17.2,24
4,18.400000000000002,21.089821831021826,1.0934716522361403,17.2,24
5,19.780350850198275,21.150803499603445,0.7861722238957859,17.2,24
6,19.257583690279024,20.880527436000303,0.9411441821900589,17.2,24
7,18.961324772583616,21.16072863114359,1.155028550421861,17.2,24
8,19.377032961426902,21.13326803737908,1.0407781528364568,17.2,24
9,19.235270009440733,21.066127269397338,0.9137908440374305,17.2,24
10,18.76332495807108,20.681314727691397,0.9263126091312133,17.2,24
11,18.894427190999917,21.03156271099648,1.1259757490865925,17.2,24
12,18.5,20.65166118420996,1.0907415849282036,17.2,24
13,19.227566688249706,20.959323706945927,0.8982678001306258,17.2,24
14,18.207106781186546,20.618410704920134,1.068791936204283,17.2,24
15,18.06287388383278,20.47657421342674,0.960657567092369,17.2,24
16,18.62736184954957,20.92563750294229,1.0100179443538244,17.2,24
17,19.311871208194287,20.968917392493463,0.8668425803387887,17.2,24
18,18.756465996625053,20.979167734420148,0.9077476809898527,17.2,24
19,19.01657508881031,21.288506700249894,1.0779263935030161,17.2,24
20,17.919803902718556,21.04091660659583,1.2076705198324564,17.2,24
21,18.634846922834953,20.857098558747165,1.2359506258451267,17.2,24
22,18.1431676725155,21.051956370731236,1.0067757609644463,17.2,24
23,18.488409872672513,20.73848847292228,1.3590568886540717,17.2,24
24,18.474165738677396,20.555761127455067,0.8768206998771368,17.2,24
25,18.992838827718412,20.648870130063347,0.8090005088092066,17.2,24
26,19.11245154965971,20.97252473108424,0.8232457452832075,17.2,24
27,19.285229954635273,20.80461573538312,0.5777713133003608,17.2,24
28,17.140175425099137,20.652987737284718,1.0647684479881738,17.140175425099137,24
29,18.71909059582729,20.790786617744967,1.1224455513781693,17.140175425099137,24
30,19.256465996625053,20.87444186548468,1.0334855928780118,17.140175425099137,24
31,18.599999999999998,20.738621176052572,1.141934784712048,17.140175425099137,24
32,19.330950643030008,20.689131852397,0.6431204489852576,17.140175425099137,24
33,18.071779788708135,20.948759112322175,1.1084367532593384,17.140175425099137,24
34,19.22736184954957,21.026364656797263,1.0568063832747527,17.140175425099137,24
35,19.3295630140987,20.531334278990343,0.7415902204412214,17.140175425099137,24
36,18.05758369027902,20.667621209548074,0.8453168148581467,17.140175425099137,24
37,19.70332963783729,20.86574957360669,0.769256609616471,17.140175425099137,24
38,18.513552872566002,20.70340137999199,1.1041644558156571,17.140175425099137,24
39,18.988409872672513,20.820564598838807,1.0669972943990909,17.140175425099137,24
40,19.339607805437115,20.76173296409681,0.9211227072251451,17.140175425099137,24
41,18.840967364599088,20.654991136762956,0.9632813645713966,17.140175425099137,24
42,18.56953597148327,20.629633467888237,1.0765494612769484,17.140175425099137,24
43,18.891153452528776,21.039009988238423,0.9398179077189237,17.140175425099137,24
44,19.088409872672514,20.842433479253447,1.0249720857823532,17.140175425099137,24
45,18.95472369909914,20.944735866028115,0.9300230584958773,17.140175425099137,24
46,18.861324772583615,20.773970712967902,0.8552270238027471,17.140175425099137,24
47,18.839607805437115,20.88381431129464,1.1693737056591278,17.140175425099137,24
48,18.919090595827292,20.404451634381022,0.8613922644450025,17.140175425099137,24
49,18.51657508881031,20.617921643030048,1.1310379424041288,17.140175425099137,24
50,18.869535971483266,20.643162880882453,0.7230208261934263,17.140175425099137,24
51,19.00830459735946,20.496721852234014,0.8992022477555508,17.140175425099137,24
52,19.60768096208106,21.194099325528388,1.0684970391193676,17.140175425099137,24
53,17.94494897427832,20.78135628180335,1.0836450564736713,17.140175425099137,24
54,19.256465996625053,20.766932423763038,1.0117534425188048,17.140175425099137,24
55,19.764911064067352,20.852293513381895,0.6808347839166341,17.140175425099137,24
56,19.048999599679682,20.805742521759672,0.85855458217914,17.140175425099137,24
57,17.36287388383278,20.452507546749874,1.1975900241540547,17.140175425099137,24
58,18.99373774505092,20.74695781529667,0.8232156323264295,17.140175425099137,24
59,18.560107523773826,20.598259691916876,1.285809327365213,17.140175425099137,24
60,18.257583690279024,20.823135013458778,1.0252130611623604,17.140175425099137,24
61,18.922497216032184,20.93600206661802,0.9443349309336391,17.140175425099137,24
62,19.30384048104053,20.81625620376764,0.9642211106278049,17.140175425099137,24
63,18.919803902718556,20.99074467988037,1.00639303749547,17.140175425099137,24
64,19.162049935181333,20.504250831828855,0.878960319690392,17.140175425099137,24
65,18.369535971483266,20.884080008148715,1.1376888903593982,17.140175425099137,24
66,18.66794833886788,20.71188597366477,1.1868818013775986,17.140175425099137,24
67,18.735270009440733,20.65102253565972,0.8831062741967225,17.140175425099137,24
68,18.264911064067352,20.460614247933027,1.2096350855869422,17.140175425099137,24
69,19.422497216032184,20.919797190243802,0.8742479154029278,17.140175425099137,24
70,18.76397674405503,20.839493760349253,0.9716641816742986,17.140175425099137,24
71,17.978232998312528,20.533394782293172,1.0747589008414506,17.140175425099137,24
72,17.960232526704264,20.907713808644214,1.0953365336462249,17.140175425099137,24
73,19.429705854077834,20.514202166327042,0.7352906808182933,17.140175425099137,24
74,19.920465053408524,20.964479371773393,0.7048270548519062,17.140175425099137,24
75,19.370828693386972,20.976980276369684,0.9219795358942795,17.140175425099137,24
76,18.57364413533277,20.96011834597545,1.0149786951650972,17.140175425099137,24
77,18.862873883832776,21.014134753084722,1.123471748487386,17.140175425099137,24
78,18.11980390271856,20.636041774668044,1.0574548573484255,17.140175425099137,24
79,18.98309518948453,20.891655940706897,0.8585674481402985,17.140175425099137,24
80,19.841640786499873,20.96004747135285,0.7521646732946183,17.140175425099137,24
81,18.662049935181333,20.812821681800198,0.9108923508782251,17.140175425099137,24
82,17.869535971483266,20.66309663582142,1.1422870457371652,17.140175425099137,24
83,17.80384048104053,20.732952787820164,1.0843200294497373,17.140175425099137,24
84,18.183095189484533,20.541174848959635,0.9693294537252852,17.140175425099137,24
85,19.07364413533277,20.74035954153172,0.7740165886908442,17.140175425099137,24
86,19.213552872566005,20.907716052288027,0.9067405440345488,17.140175425099137,24
87,19.20293863659264,21.094530286838506,0.850548660129339,17.140175425099137,24
88,18.840967364599088,20.89576252157534,1.025833620610059,17.140175425099137,24
89,19.063818169698585,20.84241619967855,0.8410111161029357,17.140175425099137,24
90,18.76843871413581,20.829259948086133,1.0885102977143843,17.140175425099137,24
91,18.50830459735946,20.737708515057832,1.108703209970567,17.140175425099137,24
92,19.422497216032184,20.85474052113808,0.7852039089871787,17.140175425099137,24
93,18.948331477354788,20.851398604806644,0.8283975587820444,17.140175425099137,24
94,19.57364413533277,21.07127533780001,0.7301872353260808,17.140175425099137,24
95,18.94899959967968,20.736881700633514,0.8881299827141601,17.140175425099137,24
96,18.919803902718556,20.65104829627124,0.9776150234853489,17.140175425099137,24
97,18.67979589711327,20.86127499901257,1.2150395481446234,17.140175425099137,24
98,18.911871208194288,21.32665281894287,1.0835909307232805,17.140175425099137,24
99,18.62664991614216,20.52501593453162,1.083871248491405,17.140175425099137,24
100,19.169693845669904,20.638275307895203,0.9528878577835814,17.140175425099137,24
101,19.10554700852678,21.005592807448828,1.069904304217726,17.140175425099137,24
102,18.96619037896906,20.79803382381661,1.0593369660730427,17.140175425099137,24
103,19.173320053068153,20.97547901592515,0.9311205728436083,17.140175425099137,24
104,19.67681974534503,20.931581605276392,0.7963753761043795,17.140175425099137,24
105,18.088409872672514,20.7146272769174,1.0932747108379255,17.140175425099137,24
106,18.229563014098698,20.519572089738507,1.0484408198072164,17.140175425099137,24
107,18.36619037896906,20.450969563508835,0.9471495166597429,17.140175425099137,24
108,17.394427190999917,20.775784594775207,1.2594939315296254,17.140175425099137,24
109,18.50830459735946,20.798651492271702,0.9939045629170167,17.140175425099137,24
110,19.394427190999917,20.98096144266476,1.0627199550724389,17.140175425099137,24
111,18.6431676725155,20.809145337974513,0.9740774230577461,17.140175425099137,24
112,18.27979589711327,20.79282047585727,0.9427089846653409,17.140175425099137,24
113,18.59799919935936,20.5744036480292,1.0467974948507697,17.140175425099137,24
114,18.99373774505092,20.84827877448017,0.9385809707832083,17.140175425099137,24
115,18.55758369027902,20.478569989131476,0.9191126867416434,17.140175425099137,24
116,19.435415650406263,21.01011592634737,0.8350231687248577,17.140175425099137,24
117,18.72736184954957,20.632280831718212,1.1101849052601533,17.140175425099137,24
118,18.822497216032183,21.124737945795292,0.9581245819297874,17.140175425099137,24
119,18.50830459735946,20.751085529129277,1.161709804382334,17.140175425099137,24
120,18.640175425099137,20.670078624726397,1.1924826497555856,17.140175425099137,24
121,18.840967364599088,20.991719451893605,0.9797001377535622,17.140175425099137,24
122,18.612403840463596,20.718179643210153,1.0327577791376736,17.140175425099137,24
123,18.757583690279024,20.644823978868995,1.0222220564752689,17.140175425099137,24
124,18.07763888346312,20.728973741855093,1.0468610252841501,17.140175425099137,24
125,19.26468827043885,20.752146826978358,0.7603334727681904,17.140175425099137,24
126,19.88910462845192,21.29123741544353,1.0771387650648108,17.140175425099137,24
127,19.57763888346312,21.04861246423772,0.796687339441741,17.140175425099137,24
128,18.55758369027902,20.46213296663224,0.7880279862815851,17.140175425099137,24
129,19.754065922853805,21.09990853561303,0.8213858258686352,17.140175425099137,24
130,18.163818169698587,20.775260545695502,1.0853616137303117,17.140175425099137,24
131,19.340967364599088,21.008840430034017,0.8527560850965837,17.140175425099137,24
132,19.483239697419133,20.56122782848676,0.7051121710457874,17.140175425099137,24
133,19.419090595827292,21.02687928840115,0.8514703264247597,17.140175425099137,24
134,19.227566688249706,20.959486961157637,1.111022958811105,17.140175425099137,24
135,19.17979589711327,20.685552037168183,0.9233476790953791,17.140175425099137,24
136,19.06953597148327,20.793686917793355,0.9391386250670333,17.140175425099137,24
137,18.7,20.78319555371281,0.9698157196810052,17.140175425099137,24
138,18.340967364599088,20.980491904549904,1.18218296814549,17.140175425099137,24
139,17.76332495807108,20.56021851759023,1.0643601850875848,17.140175425099137,24
140,18.72736184954957,20.68790085244987,0.8727900105744779,17.140175425099137,24
141,19.422497216032184,20.525279611725086,0.6596194423208979,17.140175425099137,24
142,19.33390796058137,20.8515361444171,0.8017101058930906,17.140175425099137,24
143,19.361324772583615,20.888223757213645,1.0100645240759694,17.140175425099137,24
144,18.62664991614216,21.047660485833646,1.2531959254857523,17.140175425099137,24
145,18.877032961426902,20.92194732829522,1.006018921143379,17.140175425099137,24
146,19.36619037896906,20.968976144788172,0.8696546190207598,17.140175425099137,24
147,19.345207879911715,20.842100579872092,0.6958421514023758,17.140175425099137,24
148,19.370828693386972,20.7943917058136,0.7369226594928668,17.140175425099137,24
149,19.3295630140987,20.880712432545934,1.1008458047253544,17.140175425099137,24
150,18.662049935181333,20.773175188964004,1.1398783304610764,17.140175425099137,24
0,18.400000000000002,20.805731193221355,0.9169920456801017,18.400000000000002,25
1,19.341640786499873,20.658406684784534,0.8390894571552082,18.400000000000002,25
2,19.7343879744639,21.051923827325012,1.043210330212476,18.400000000000002,25
3,19.264911064067352,21.031393771999085,0.7346128471352034,18.400000000000002,25
4,19.12736184954957,20.883522106702355,0.9978902843746793,18.400000000000002,25
5,18.880624847486573,20.887877838220206,0.9931297226986261,18.400000000000002,25
6,18.012403840463595,20.900423749617545,0.9321231821754077,18.012403840463595,25
7,18.632455532033674,20.923672480543857,1.046484507295733,18.012403840463595,25
8,18.671779788708136,20.805581155716183,1.008273617441847,18.012403840463595,25
9,18.663818169698587,20.831143444877572,0.9284660155546914,18.012403840463595,25
10,17.920465053408524,20.23069397945082,1.1399826256350423,17.920465053408524,25
11,18.632455532033674,20.9429204827296,1.0138493633675674,17.920465053408524,25
12,17.634846922834953,20.55742579493916,1.0614553536758489,17.634846922834953,25
13,19.58113883008419,20.7349778593141,0.6639849292179338,17.634846922834953,25
14,19.112403840463596,20.815387018884664,0.8033918817476114,17.634846922834953,25
15,19.10554700852678,20.834476720813722,0.9312011780931823,17.634846922834953,25
16,18.836660026534076,20.917397386617854,1.0006459773351781,17.634846922834953,25
17,19.112403840463596,20.59380482465487,0.8891037351607017,17.634846922834953,25
18,19.140967364599085,20.78834717470016,1.0148652917677679,17.634846922834953,25
19,18.563324958071078,20.38655785271756,1.083390563098735,17.634846922834953,25
20,18.63527000944073,20.8019231001234,0.9583949769577325,17.634846922834953,25
21,18.914213562373096,20.71464266218824,0.914811288635546,17.634846922834953,25
22,19.06287388383278,20.756430584853614,0.8861742772134734,17.634846922834953,25
23,18.72736184954957,21.076227996730424,0.9708819215642228,17.634846922834953,25
24,19.05758369027902,20.78418984377076,0.7927909368522345,17.634846922834953,25
25,17.460232526704264,20.77983605951671,1.316076764637062,17.460232526704264,25
26,18.26023252670426,20.637115964878607,0.9476244742676301,17.460232526704264,25
27,19.714944167960986,21.10761879564424,0.7856171843246322,17.460232526704264,25
28,18.17979589711327,20.720451965186403,1.061494426338704,17.460232526704264,25
29,19.18062484748657,20.928050094077786,0.9238953936159373,17.460232526704264,25
30,19.01657508881031,20.523310447958593,0.8632594904452414,17.460232526704264,25
31,19.9591260281974,20.895864699029932,0.6881511092232565,17.460232526704264,25
32,18.774596669241483,20.736875718687475,0.9296029579414987,17.460232526704264,25
33,18.599999999999998,20.61996058008457,0.9396705923795465,17.460232526704264,25
34,18.512403840463595,20.96818723415131,1.215482611273969,17.460232526704264,25
35,17.467707825203128,20.36499343982588,1.2479758124574474,17.460232526704264,25
36,18.836660026534076,20.825990976019778,0.8557366143677991,17.460232526704264,25
37,18.869535971483266,20.62886000218229,0.9138706861953088,17.460232526704264,25
38,18.634846922834953,20.823153754913516,1.159124754577715,17.460232526704264,25
39,19.213552872566005,20.63257638240795,0.6808306108402988,17.460232526704264,25
40,19.341640786499873,20.628707073842296,0.5365528340797977,17.460232526704264,25
41,19.29283882771841,20.878613542858115,0.8978571921648663,17.460232526704264,25
42,18.880624847486573,20.861134755447097,0.904583063550551,17.460232526704264,25
43,18.274165738677393,20.8295135650277,0.88582842374887,17.460232526704264,25
44,18.919090595827292,20.88496095729533,0.979682347218381,17.460232526704264,25
45,18.0,20.675218242720124,0.7917184077986249,17.460232526704264,25
46,18.919090595827292,20.900678606987128,1.0211600733989037,17.460232526704264,25
47,18.06953597148327,20.542411486849215,1.129306233819868,17.460232526704264,25
48,18.183095189484533,20.693597952618614,1.0194408005972464,17.460232526704264,25
49,19.01657508881031,21.109727443369007,0.9098764845044554,17.460232526704264,25
50,19.257583690279024,20.408306573138756,0.9226550946984856,17.460232526704264,25
51,18.571779788708135,20.427428522767734,0.9000053178361336,17.460232526704264,25
52,19.377902338672772,20.85059694157127,0.8075162908935051,17.460232526704264,25
53,18.488409872672513,21.053924783481182,1.0250993458851674,17.460232526704264,25
54,19.144994432064365,20.98255567908879,0.9704869749490187,17.460232526704264,25
55,17.640175425099137,20.860690090919345,1.0836634610755633,17.460232526704264,25
56,18.51657508881031,20.52534084763913,1.0718410538658933,17.460232526704264,25
57,18.755294535724687,20.603372430055614,1.0403914897063233,17.460232526704264,25
58,19.285229954635273,20.816772266439397,0.7971092955067897,17.460232526704264,25
59,18.30384048104053,20.729896904565376,1.118445634965759,17.460232526704264,25
60,19.757583690279024,20.780928069696486,0.6154997397910662,17.460232526704264,25
61,18.8,20.78233388376823,1.15888460490251,17.460232526704264,25
62,18.483239697419133,20.884166275245097,1.0633408801282676,17.460232526704264,25
63,18.929705854077834,20.64311520642626,0.9430366971409978,17.460232526704264,25
64,18.764911064067352,20.71293284966834,1.0034159814266168,17.460232526704264,25
65,19.140967364599085,20.71839834276861,0.8670464158183289,17.460232526704264,25
66,18.960232526704264,20.824055896067602,0.852240217748587,17.460232526704264,25
67,19.257583690279024,20.495613399989217,0.840074729098165,17.460232526704264,25
68,19.140967364599085,21.041707527973532,0.9485381478890237,17.460232526704264,25
69,19.055294535724684,20.92727194419554,1.0560146751075001,17.460232526704264,25
70,17.978232998312528,20.699554831930403,0.9819378096081884,17.460232526704264,25
71,19.09544511501033,20.811733765218392,1.1269228137552871,17.460232526704264,25
72,18.80384048104053,21.012952710268824,1.1540723941323838,17.460232526704264,25
73,18.588409872672514,20.69788107810629,0.91168448257865,17.460232526704264,25
74,18.400000000000002,20.706196331518285,1.167875008115979,17.460232526704264,25
75,18.983239697419133,21.09406068281328,0.842845546488462,17.460232526704264,25
76,18.483239697419133,20.439829145480918,0.9519947974511788,17.460232526704264,25
77,18.929705854077834,20.985452069820962,1.0552445031854156,17.460232526704264,25
78,18.93095064303001,20.8856762686338,1.086134682653175,17.460232526704264,25
79,17.336660026534076,21.024367711322398,1.1485349397951894,17.336660026534076,25
80,18.474165738677396,20.64164359082002,1.2674262048289286,17.336660026534076,25
81,18.68062484748657,20.614943784958964,0.9298830730620735,17.336660026534076,25
82,17.967707825203128,20.732084782656955,1.0774367303644825,17.336660026534076,25
83,18.724807680927192,20.774060507034797,0.9268663823023005,17.336660026534076,25
84,19.36619037896906,20.751052939005152,0.8672014892684906,17.336660026534076,25
85,18.54833147735479,20.48189241913251,1.0991312467826921,17.336660026534076,25
86,19.640967364599085,20.828043104880386,1.032798574729647,17.336660026534076,25
87,19.30384048104053,20.870873446678686,0.9168828796102493,17.336660026534076,25
88,19.18062484748657,20.684056757162022,0.8876642829768339,17.336660026534076,25
89,19.099999999999998,20.90129579631525,1.0640238167494072,17.336660026534076,25
90,18.79283882771841,20.92840192776961,1.2476719814954025,17.336660026534076,25
91,18.112403840463596,20.509275852812962,0.9920528415698591,17.336660026534076,25
92,18.7,20.967650405359525,0.9942146672884333,17.336660026534076,25
93,18.06953597148327,20.494281350138177,0.9810793289658315,17.336660026534076,25
94,18.7770329614269,20.90505163803941,0.8819483667991652,17.336660026534076,25
95,18.3295630140987,20.9121061863575,1.1746774395331896,17.336660026534076,25
96,18.614642819948223,20.612877961010888,0.9121885858285784,17.336660026534076,25
97,18.112403840463596,21.270596959096185,1.2104086301131491,17.336660026534076,25
98,18.52664991614216,20.81801952991208,1.1373242124132927,17.336660026534076,25
99,19.61245154965971,21.057162893477635,0.8130949837517721,17.336660026534076,25
100,18.95472369909914,20.698100804352396,0.9757674211675256,17.336660026534076,25
101,18.632455532033674,20.569362283573756,1.098138902440571,17.336660026534076,25
102,18.132455532033674,20.600361133653777,1.1692144223609293,17.336660026534076,25
103,19.033030277982334,20.80245955166269,0.8695565336734,17.336660026534076,25
104,18.8,21.221003199995163,1.0572406449270482,17.336660026534076,25
105,19.015167380558044,20.648748013997675,0.6880369674428191,17.336660026534076,25
106,17.7,20.6013955210203,1.0710593529006265,17.336660026534076,25
107,17.52828568570857,20.680435791627193,1.0839601454341143,17.336660026534076,25
108,18.753720459187964,20.662183633256827,0.9920044025971393,17.336660026534076,25
109,18.474165738677396,20.966993905181685,0.9965121681197848,17.336660026534076,25
110,18.66770782520313,20.55882025966435,0.8858367108818007,17.336660026534076,25
111,18.024845673131658,20.947561624582875,1.07824200424679,17.336660026534076,25
112,19.340967364599088,20.860934275392953,0.9920085260733852,17.336660026534076,25
113,18.816590212458493,20.85808013750237,0.9995556328963415,17.336660026534076,25
114,19.169693845669904,20.723105560786383,1.0560771126073876,17.336660026534076,25
115,19.563818169698585,21.1094315194409,0.7394946308939329,17.336660026534076,25
116,19.423538406167136,20.88999559927373,0.8711545806700305,17.336660026534076,25
117,18.063324958071078,20.660568036826653,1.1689250063493604,17.336660026534076,25
118,18.229563014098698,20.716863280346217,1.1402571130791377,17.336660026534076,25
119,19.362873883832776,20.664492672652425,0.8458764650906235,17.336660026534076,25
120,19.492838827718412,21.011720966308108,0.9702676814247588,17.336660026534076,25
121,18.548999599679682,20.425823052385415,0.8004520709938234,17.336660026534076,25
122,19.456465996625056,20.71252812008233,0.7771474167956854,17.336660026534076,25
123,19.20332963783729,21.093847105010312,0.8277467937827147,17.336660026534076,25
124,18.659126028197402,20.849079941848622,1.150953963531516,17.336660026534076,25
125,18.870828693386972,20.48406974117538,0.7731573403906986,17.336660026534076,25
126,18.891153452528776,20.793338803604357,0.945894483880872,17.336660026534076,25
127,18.92756668824971,20.999373871100286,1.0278248911832009,17.336660026534076,25
128,19.14355957741627,20.937785311111103,0.9802896712008794,17.336660026534076,25
129,18.00830459735946,20.531070163270353,1.3240356888310219,17.336660026534076,25
130,19.099999999999998,20.6216817629813,1.0796439274851806,17.336660026534076,25
131,18.521347195933174,21.25314001748801,1.1287588563112185,17.336660026534076,25
132,18.22736184954957,20.934837557023798,1.1392086363093266,17.336660026534076,25
133,19.280350850198275,20.919233358517435,0.827866483862744,17.336660026534076,25
134,18.21909059582729,20.67372930672695,1.095025109980826,17.336660026534076,25
135,18.61980390271856,20.7258928030861,1.0715096135345508,17.336660026534076,25
136,18.563818169698585,20.63336875717071,1.021764574017375,17.336660026534076,25
137,19.344994432064368,21.091502278252868,0.9693987967603658,17.336660026534076,25
138,19.507878402833892,21.087476550713813,0.9343435959230079,17.336660026534076,25
139,18.394427190999917,21.130785022131388,1.0013787764348738,17.336660026534076,25
140,18.11980390271856,20.8294955062817,1.1226660393688745,17.336660026534076,25
141,18.36619037896906,21.06758060338321,1.0416910148411656,17.336660026534076,25
142,18.640175425099137,20.633147235188666,1.1333409385380226,17.336660026534076,25
143,18.140175425099137,21.01933648727011,1.1070390217565511,17.336660026534076,25
144,18.99373774505092,20.781711760298396,0.8266646648228788,17.336660026534076,25
145,19.167156809750924,20.493465972391366,0.901440293890454,17.336660026534076,25
146,18.683095189484533,21.00899256764739,1.083488043972961,17.336660026534076,25
147,18.86619037896906,20.35601598530887,0.9234520505862052,17.336660026534076,25
148,18.09544511501033,20.398122791135464,1.027583666511726,17.336660026534076,25
149,18.11980390271856,20.90531165227895,1.1186797214205406,17.336660026534076,25
150,18.713552872566005,20.93996173024084,1.024351401591024,17.336660026534076,25
0,18.70332963783729,20.7977919304045,1.0774243862526074,18.70332963783729,26
1,19.520465053408525,20.73932910164892,0.9566236488502388,18.70332963783729,26
2,19.060107523773826,20.596526414782268,0.8326221776042221,18.70332963783729,26
3,18.840967364599088,20.557135474992254,0.9400352700935765,18.70332963783729,26
4,19.38806130178211,21.343189205315824,0.9942500821474076,18.70332963783729,26
5,19.2,21.085540199399855,1.040767715006663,18.70332963783729,26
6,18.099999999999998,21.160951446725225,0.9934556157164691,18.099999999999998,26
7,18.79283882771841,20.8667679910698,0.9781443686727235,18.099999999999998,26
8,19.72474487139159,21.044385453288317,0.8277077249506702,18.099999999999998,26
9,19.372004514666937,20.97390550112883,0.934880893253512,18.099999999999998,26
10,19.45472369909914,20.806712929054225,0.8113759394209239,18.099999999999998,26
11,18.99373774505092,20.868259176960922,1.0706653811845814,18.099999999999998,26
12,17.919803902718556,20.744165277522736,0.8634851658733731,17.919803902718556,26
13,20.295829710142186,21.549098735130045,0.7191373010342592,17.919803902718556,26
14,19.140967364599085,21.49116243641751,0.9359388123962783,17.919803902718556,26
15,18.49373774505092,20.80809829856806,0.945925098291452,17.919803902718556,26
16,19.274596669241483,21.253866300351238,1.0790057311196812,17.919803902718556,26
17,18.134846922834953,20.988573495350163,1.1207954770635942,17.919803902718556,26
18,19.314944167960988,20.886267721022367,0.8700837415105085,17.919803902718556,26
19,18.134846922834953,20.450995580808158,0.9034587261026873,17.919803902718556,26
20,18.563324958071078,20.437814869559176,1.0486011245304698,17.919803902718556,26
21,18.50830459735946,20.71792412628913,1.1260029465439545,17.919803902718556,26
22,19.12736184954957,20.73307716863712,0.8323925303296336,17.919803902718556,26
23,19.256465996625053,21.03197169206952,0.9913947881058776,17.919803902718556,26
24,19.83390796058137,21.018645229153325,0.8332924664043362,17.919803902718556,26
25,19.372004514666937,20.935839381043525,1.0220879325862207,17.919803902718556,26
26,18.52480768092719,20.572648997054277,1.1594677316286695,17.919803902718556,26
27,17.834846922834956,20.212843296882145,1.0612454026517215,17.834846922834956,26
28,19.364054992217053,20.902078585393635,1.0123040755415518,17.834846922834956,26
29,17.316515138991168,20.705967565224384,1.1947990208395898,17.316515138991168,26
30,19.089897948556636,20.70044665674138,0.9078243446873739,17.316515138991168,26
31,18.9591260281974,20.732322852179752,0.9581301314288125,17.316515138991168,26
32,18.755294535724687,20.366840460861805,0.7287809828293675,17.316515138991168,26
33,17.76332495807108,20.908817301738083,1.0637089415826555,17.316515138991168,26
34,17.634846922834953,20.478112698470326,1.2584417737761266,17.316515138991168,26
35,18.94935886896179,21.081140739563793,0.8045422807968583,17.316515138991168,26
36,17.76332495807108,20.661837129892092,1.2695790066413943,17.316515138991168,26
37,19.26468827043885,21.07331277762626,1.071304935442183,17.316515138991168,26
38,18.914213562373096,21.180743515539458,1.0930467790691483,17.316515138991168,26
39,18.257583690279024,20.76578674383747,1.2205158336236173,17.316515138991168,26
40,18.80990195135928,20.61372486543935,1.086666652985963,17.316515138991168,26
41,18.5,20.953366888289285,1.0449378501071265,17.316515138991168,26
42,18.48309518948453,21.227782643932947,1.085167813859941,17.316515138991168,26
43,18.983239697419133,20.73586393441651,0.9537578735416427,17.316515138991168,26
44,19.330950643030008,20.92006593453574,0.8068313086764585,17.316515138991168,26
45,18.0,20.895953988982622,1.2877848027479637,17.316515138991168,26
46,19.163818169698587,20.750046925809066,1.1211221725692404,17.316515138991168,26
47,18.735270009440733,20.74114401945668,0.8214850799719119,17.316515138991168,26
48,18.235270009440733,20.659947834842935,0.9944293974515827,17.316515138991168,26
49,18.707106781186546,20.999948789332848,0.9356262996350398,17.316515138991168,26
50,19.160107523773828,20.570641363795186,0.7471017471958028,17.316515138991168,26
51,19.37840487520902,20.767851010498614,1.040936454293339,17.316515138991168,26
52,18.533907960581374,20.710127144127746,1.004611972622985,17.316515138991168,26
53,18.76023252670426,21.351435368656784,0.9252694380523759,17.316515138991168,26
54,18.257583690279024,20.39223776188795,0.9633261716010775,17.316515138991168,26
55,19.12736184954957,20.77794941908769,0.9218472841284955,17.316515138991168,26
56,18.62736184954957,20.573413177356738,0.9649273788591637,17.316515138991168,26
57,18.44899959967968,20.893828749012844,1.0491005978386956,17.316515138991168,26
58,18.693737745050925,21.024194607316,1.1648492117292373,17.316515138991168,26
59,18.400000000000002,20.969174060258155,0.914662040251037,17.316515138991168,26
60,19.048999599679682,21.01385584871468,1.0185999180568248,17.316515138991168,26
61,18.8,21.07399432154439,1.0336518312660197,17.316515138991168,26
62,18.414213562373096,20.892648360648067,0.9556195063660546,17.316515138991168,26
63,19.0,21.061304070207132,0.9101247410881399,17.316515138991168,26
64,18.419090595827292,20.80784557623345,1.1317559215767699,17.316515138991168,26
65,18.840967364599088,20.68661644054367,1.3318714505276223,17.316515138991168,26
66,18.6431676725155,20.794580815907835,1.027523997067637,17.316515138991168,26
67,18.755294535724687,20.72241699761174,1.1324988773359363,17.316515138991168,26
68,18.071779788708135,20.516359436013676,0.9239901656768661,17.316515138991168,26
69,19.481742422927145,21.034426893803587,0.9707165210649314,17.316515138991168,26
70,18.76332495807108,20.622542346678674,0.9068120958600613,17.316515138991168,26
71,18.68062484748657,20.629863770478725,1.07610559296033,17.316515138991168,26
72,19.3295630140987,20.913577127277517,1.0269149808068487,17.316515138991168,26
73,19.414213562373096,20.853141039698393,0.9282373036833673,17.316515138991168,26
74,17.877032961426902,21.004801618589266,1.3247881763374827,17.316515138991168,26
75,17.663818169698587,21.05909954008565,1.1858391104621018,17.316515138991168,26
76,19.227566688249706,20.516319744730776,0.8518112855762998,17.316515138991168,26
77,19.42756668824971,21.245671650240478,0.9276446066803481,17.316515138991168,26
78,18.7,20.761872797126912,0.9844953909895907,17.316515138991168,26
79,19.377032961426902,20.83972963032789,0.7348717052296225,17.316515138991168,26
80,18.257583690279024,20.93952868122214,0.953440052075389,17.316515138991168,26
81,18.76332495807108,20.611612558679436,1.0194878676316272,17.316515138991168,26
82,18.37840487520902,20.66283480664102,1.1911148559900353,17.316515138991168,26
83,19.400000000000002,20.76579834573664,0.8949310458699556,17.316515138991168,26
84,18.816590212458493,20.979379561768805,1.2296995064960394,17.316515138991168,26
85,18.71909059582729,20.893607829275158,1.1532848500377344,17.316515138991168,26
86,18.512403840463595,20.749727573897108,0.831476247686347,17.316515138991168,26
87,18.04880884817015,20.847668526821824,0.9346850237883048,17.316515138991168,26
88,18.419090595827292,20.743522735072535,0.8832828823268035,17.316515138991168,26
89,18.341640786499873,20.66309627956215,1.072306329026965,17.316515138991168,26
90,19.256465996625053,20.967488081119495,1.161646180028623,17.316515138991168,26
91,18.27979589711327,20.606804330513253,1.058866386150097,17.316515138991168,26
92,17.640175425099137,20.444524220123924,1.2882439148785196,17.316515138991168,26
93,18.3295630140987,21.416028728430167,1.0740977011326003,17.316515138991168,26
94,18.171779788708136,20.58823218268275,1.0273306463704472,17.316515138991168,26
95,18.37840487520902,20.749365449436127,0.9585038428981728,17.316515138991168,26
96,18.72736184954957,20.915811424364318,1.1769947779989725,17.316515138991168,26
97,18.640175425099137,20.683647837325747,1.1544343543654276,17.316515138991168,26
98,19.020465053408525,20.75879122369763,1.1093601498280328,17.316515138991168,26
99,18.788854381999833,20.651369276788305,1.0283005662588771,17.316515138991168,26
100,18.29283882771841,20.672965937724808,0.9420945630502082,17.316515138991168,26
101,18.274596669241483,20.658307661604272,1.2548693637922792,17.316515138991168,26
102,17.30990195135928,21.029199563039462,1.172598070543219,17.30990195135928,26
103,18.612403840463596,20.586933602526557,1.0393232396842413,17.30990195135928,26
104,18.908304597359457,20.975706478126735,1.179423005726255,17.30990195135928,26
105,19.055294535724684,20.83989819890328,0.8655226997525003,17.30990195135928,26
106,18.822497216032183,20.820224521767788,0.9830337232272003,17.30990195135928,26
107,19.257583690279024,20.78583549297794,1.032629501251505,17.30990195135928,26
108,18.900000000000002,20.610881391056783,0.8553970680130136,17.30990195135928,26
109,18.512403840463595,20.79953782488869,1.2223576144508426,17.30990195135928,26
110,19.173320053068153,20.7111739656616,0.8273975985178784,17.30990195135928,26
111,19.063818169698585,20.66690453277191,0.7460307042550689,17.30990195135928,26
112,19.015167380558044,20.9545979427963,0.8672389834326534,17.30990195135928,26
113,19.456465996625056,20.876339245098794,0.7424679481113381,17.30990195135928,26
114,18.612403840463596,20.6696766652223,0.9374938426372005,17.30990195135928,26
115,18.94928556845359,20.536380832333652,0.9698738151287501,17.30990195135928,26
116,18.914213562373096,20.910548776504314,0.75488540397411,17.30990195135928,26
117,17.900000000000002,20.549144242823974,1.1922433933795347,17.30990195135928,26
118,17.04833147735479,20.687621941234223,1.5325475389325016,17.04833147735479,26
119,19.17979589711327,21.106452082160633,0.9365832209325848,17.04833147735479,26
120,18.378232998312527,20.68491154187932,1.0249326234847642,17.04833147735479,26
121,18.288061301782108,20.342112172423786,1.0745693229302749,17.04833147735479,26
122,18.448683298050515,20.717234059202966,1.050131516668546,17.04833147735479,26
123,18.58113883008419,20.70679910771474,1.0426887640310951,17.04833147735479,26
124,18.948683298050515,20.71480518834665,1.0198600685386086,17.04833147735479,26
125,17.877032961426902,20.63380547778085,1.10767029306311,17.04833147735479,26
126,18.816590212458493,20.771841614571652,1.0849002123572902,17.04833147735479,26
127,18.683095189484533,20.73564722469059,0.9263884440561336,17.04833147735479,26
128,18.408304597359457,21.000931604162957,1.169289900602925,17.04833147735479,26
129,19.27979589711327,20.580786248184182,0.9170975830155463,17.04833147735479,26
130,18.87840487520902,21.076106063796875,1.0519091764139692,17.04833147735479,26
131,19.048999599679682,20.762778201160298,1.0685211193684316,17.04833147735479,26
132,18.76023252670426,20.8930274381545,0.9791616648596154,17.04833147735479,26
133,19.18679622641132,20.99654504411352,1.091727066898647,17.04833147735479,26
134,18.7,21.141747894185887,1.1133954067936236,17.04833147735479,26
135,18.22736184954957,20.47870676917519,0.953544725642849,17.04833147735479,26
136,18.30384048104053,21.013637598405253,1.0289961108983339,17.04833147735479,26
137,17.334846922834956,20.46759603488189,1.2178141443386605,17.04833147735479,26
138,18.693737745050925,21.055424477131613,1.0987911641476513,17.04833147735479,26
139,19.06953597148327,21.095859029775905,0.9593222228768394,17.04833147735479,26
140,17.98309518948453,20.5720589314943,0.9774956431301934,17.04833147735479,26
141,18.2,20.997702416252043,0.8452624033608362,17.04833147735479,26
142,18.62664991614216,20.921772630470514,1.085563889633612,17.04833147735479,26
143,18.400000000000002,21.25505642798576,1.15892166960351,17.04833147735479,26
144,18.54880884817015,21.038134140988774,1.1457637436244625,17.04833147735479,26
145,19.22074368738204,20.7828723756021,0.7434232133696344,17.04833147735479,26
146,19.461324772583616,20.85148837238863,0.8691413991585983,17.04833147735479,26
147,17.769693845669906,20.346433560309528,1.0240624803495844,17.04833147735479,26
148,18.80384048104053,20.650695804690304,0.8777813809393473,17.04833147735479,26
149,19.229563014098698,20.86864625019715,1.059070319399857,17.04833147735479,26
150,18.613112646970897,20.996292821026227,1.1496362395086535,17.04833147735479,26
0,18.843559577416272,20.838510872804612,0.9771654928793344,18.843559577416272,27
1,19.12736184954957,21.04120065583862,0.980551673466238,18.843559577416272,27
2,19.79283882771841,21.447567788501008,1.0484112483505506,18.843559577416272,27
3,19.173320053068153,20.662810750926877,0.8350653470983437,18.843559577416272,27
4,19.368438714135813,20.874605416193152,0.9549956730159203,18.843559577416272,27
5,18.257583690279024,20.839104000195004,1.079156234568177,18.257583690279024,27
6,18.68321595661992,20.801974696638865,1.0879657702296894,18.257583690279024,27
7,17.98309518948453,20.910987273789647,1.2225231609198923,17.98309518948453,27
8,19.2131126469709,20.817311186979904,0.8311091003802943,17.98309518948453,27
9,18.512403840463595,20.66340617173907,0.8848001819145751,17.98309518948453,27
10,17.460232526704264,20.537610808240117,1.0996333654790296,17.460232526704264,27
11,19.09666295470958,20.917759932190283,0.6578037143339472,17.460232526704264,27
12,18.13527000944073,21.14468391202701,1.0064051403820493,17.460232526704264,27
13,18.57763888346312,21.056474668117804,1.2582135618700927,17.460232526704264,27
14,18.08522995463527,20.89710237796476,1.0703835331444682,17.460232526704264,27
15,18.12664991614216,20.69335419096998,0.9915785028633437,17.460232526704264,27
16,18.870828693386972,20.924569958573375,0.8365010010404431,17.460232526704264,27
17,18.869535971483266,20.47740682672416,0.8555979437169322,17.460232526704264,27
18,18.547722557505168,21.522222311241933,1.0273092353857958,17.460232526704264,27
19,18.229563014098698,20.887103979741507,1.0029556146453125,17.460232526704264,27
20,18.93095064303001,20.677568396174625,0.9682048736225162,17.460232526704264,27
21,18.209901951359278,20.74199181044631,1.093153128412165,17.460232526704264,27
22,18.900000000000002,20.678289866813106,0.8380427291027048,17.460232526704264,27
23,18.235270009440733,20.5945161870777,1.3538327721392143,17.460232526704264,27
24,18.862873883832776,20.856737842370965,0.8198713869456921,17.460232526704264,27
25,19.257583690279024,20.626562728071075,0.8687787142381737,17.460232526704264,27
26,19.21909059582729,20.63605723804888,0.7564929500939406,17.460232526704264,27
27,18.869535971483266,20.925067260793544,0.9131091374606536,17.460232526704264,27
28,19.013552872566002,20.993154217220738,0.7386201128038683,17.460232526704264,27
29,18.755294535724687,20.79609390481613,1.0701037742587387,17.460232526704264,27
30,18.394427190999917,20.61991553189655,0.9702187495504294,17.460232526704264,27
31,19.344994432064368,20.71694757778236,0.6533819228930737,17.460232526704264,27
32,19.193737745050925,20.885008963502713,1.1189604277979244,17.460232526704264,27
33,19.213552872566005,20.633903698583186,0.7993778809713956,17.460232526704264,27
34,19.52828568570857,20.83322457353157,0.854756617735809,17.460232526704264,27
35,18.26023252670426,20.673819044787606,1.4433959092116984,17.460232526704264,27
36,19.01657508881031,20.852736610679287,0.7740061261666509,17.460232526704264,27
37,18.537211521390788,20.704313720936543,0.8855738633989307,17.460232526704264,27
38,19.055294535724684,20.79450449039265,0.6563049108060244,17.460232526704264,27
39,18.408304597359457,20.61943428313245,0.8983355464590259,17.460232526704264,27
40,18.880624847486573,20.939769196070344,1.1319246206788147,17.460232526704264,27
41,18.394427190999917,20.74911256150706,1.0718910740299186,17.460232526704264,27
42,17.988409872672513,20.740025836728446,1.019853986376359,17.460232526704264,27
43,18.8,20.630924020013627,0.8699297572971354,17.460232526704264,27
44,19.37840487520902,20.82662028408284,1.0990462088341026,17.460232526704264,27
45,18.30332963783729,20.7956196677613,1.1140524982737032,17.460232526704264,27
46,18.764911064067352,20.777724532903772,0.9075764112779258,17.460232526704264,27
47,18.340967364599088,20.279446847658182,0.9566424175954531,17.460232526704264,27
48,18.660107523773828,20.743618681140926,1.0167076717250356,17.460232526704264,27
49,18.322497216032183,20.70068366197305,0.9819884416871394,17.460232526704264,27
50,19.13527000944073,20.730856710111173,0.8429058212797689,17.460232526704264,27
51,18.822497216032183,20.83388342230232,1.0416230002582525,17.460232526704264,27
52,18.72736184954957,20.82198864257468,1.026137738899762,17.460232526704264,27
53,18.683266665599966,20.96769281262688,1.2630893242246601,17.460232526704264,27
54,18.68062484748657,20.843508222975956,1.000662221227417,17.460232526704264,27
55,19.26023252670426,20.962016991333734,0.9891377604159821,17.460232526704264,27
56,18.37840487520902,20.48687069850312,0.9994222937269791,17.460232526704264,27
57,19.00454076850486,20.433197920915433,0.8282017475753954,17.460232526704264,27
58,18.992838827718412,20.468498981475637,0.8211534484065807,17.460232526704264,27
59,18.51657508881031,21.095923552335176,1.1932683396910622,17.460232526704264,27
60,19.983239697419133,21.18690290901162,0.9720152580128447,17.460232526704264,27
61,18.96204993518133,21.135966856151935,0.9335604793665564,17.460232526704264,27
62,19.55758369027902,20.721181630652957,0.8840629488364844,17.460232526704264,27
63,18.52828568570857,20.74303776496623,1.2352540866419996,17.460232526704264,27
64,18.548999599679682,20.983717953320348,1.0757943407777857,17.460232526704264,27
65,18.112403840463596,20.680238292903194,1.0389068514488293,17.460232526704264,27
66,18.17979589711327,20.628861846132025,1.2276116059321733,17.460232526704264,27
67,19.013552872566002,20.78037882816871,0.9857694601637046,17.460232526704264,27
68,18.79283882771841,20.584739910571525,0.938833416150611,17.460232526704264,27
69,17.61980390271856,20.41519990308227,1.3174758164033848,17.460232526704264,27
70,18.26332495807108,20.991947832180717,1.0063568186920353,17.460232526704264,27
71,18.2,20.985116458911406,1.165939309401708,17.460232526704264,27
72,18.22474487139159,21.004833539637833,1.0043134371374234,17.460232526704264,27
73,18.54880884817015,20.666563622172813,0.9254896193136436,17.460232526704264,27
74,19.0,20.971707167953806,0.9284091558749031,17.460232526704264,27
75,18.64355957741627,21.096196531856027,1.2535749334760755,17.460232526704264,27
76,18.229563014098698,20.604957992328597,1.061183032609806,17.460232526704264,27
77,19.400000000000002,21.200419365935463,1.0466547281821692,17.460232526704264,27
78,18.50830459735946,20.43265500801444,1.006994573978174,17.460232526704264,27
79,18.30384048104053,20.450841781989393,1.1572858646213064,17.460232526704264,27
80,18.22736184954957,20.753646889959185,0.9960743012565824,17.460232526704264,27
81,18.3295630140987,20.649007569720684,0.9968061393949366,17.460232526704264,27
82,18.71909059582729,20.785383943792905,1.0945785488760846,17.460232526704264,27
83,18.834846922834956,20.83134003628456,1.147650612120777,17.460232526704264,27
84,18.29283882771841,20.928298887654247,1.0151364644552123,17.460232526704264,27
85,17.94899959967968,20.436440686059424,1.1597653395687166,17.460232526704264,27
86,19.4591260281974,21.09203075123807,1.011933658092314,17.460232526704264,27
87,18.269693845669906,20.226630636751697,0.886252317711695,17.460232526704264,27
88,18.229563014098698,20.850802062091052,1.0482775270310136,17.460232526704264,27
89,19.343559577416272,20.858174961150706,1.0439024037464109,17.460232526704264,27
90,18.22736184954957,20.589655075785586,0.9585373654650683,17.460232526704264,27
91,18.6431676725155,20.862916961927045,0.8924261123327253,17.460232526704264,27
92,18.914213562373096,20.64846058385889,0.7675429052949272,17.460232526704264,27
93,18.760681686165903,20.86986014357103,0.9687443327622535,17.460232526704264,27
94,19.483266665599963,21.35090187846518,1.0456103452493397,17.460232526704264,27
95,18.8,20.46820548808097,0.9479103435025169,17.460232526704264,27
96,18.96619037896906,20.699623375022444,0.7963976517600075,17.460232526704264,27
97,18.071779788708135,20.540432910404583,1.0128766824028053,17.460232526704264,27
98,19.117935662402836,20.50348481311777,1.0393773311150287,17.460232526704264,27
99,18.960232526704264,20.877691480155143,0.849983676050434,17.460232526704264,27
100,19.02664991614216,20.92822086206341,1.0310970408983506,17.460232526704264,27
101,18.599999999999998,20.673921855128484,0.9085586446995423,17.460232526704264,27
102,18.58113883008419,20.93077088742672,1.1602182669796213,17.460232526704264,27
103,18.209901951359278,20.766613168320486,1.102870465255581,17.460232526704264,27
104,18.960232526704264,20.626528354868892,0.7946371421970211,17.460232526704264,27
105,19.49373774505092,20.753239762118188,0.6245779973996223,17.460232526704264,27
106,18.04880884817015,21.120260168317703,1.1033018580042346,17.460232526704264,27
107,18.394427190999917,20.52659696977841,0.8750413534570364,17.460232526704264,27
108,18.555294535724684,20.955466856245973,1.0243024869545403,17.460232526704264,27
109,18.460232526704264,20.495661880369838,0.9836139226414585,17.460232526704264,27
110,18.70332963783729,20.720294293391103,0.929755650232568,17.460232526704264,27
111,18.93469899493758,20.32182020756702,0.8844928756678737,17.460232526704264,27
112,18.40831891575846,20.846279314862183,1.0347951073116644,17.460232526704264,27
113,18.04928556845359,21.010373286323652,1.1402059325896186,17.460232526704264,27
114,19.08113883008419,20.634798005054733,0.9244616473084647,17.460232526704264,27
115,19.134698994937583,20.71179282559683,0.8828193439996765,17.460232526704264,27
116,19.400000000000002,21.18510265134102,0.8843553658726335,17.460232526704264,27
117,19.51657508881031,20.868100676809522,0.8183063140695319,17.460232526704264,27
118,18.97763888346312,20.381779850095985,0.8556414883426692,17.460232526704264,27
119,18.0,20.867529614589944,1.0249293596719604,17.460232526704264,27
120,18.920465053408524,20.88896592132155,1.1857568112870767,17.460232526704264,27
121,19.257583690279024,20.868068498790645,0.9713511549326085,17.460232526704264,27
122,19.26843871413581,21.125008329901892,0.8567273337485642,17.460232526704264,27
123,19.00554700852678,20.898245153239696,0.8320255504715257,17.460232526704264,27
124,18.816515138991168,21.08316653243264,0.8743794763672259,17.460232526704264,27
125,18.50830459735946,20.705140178025072,1.123592963307265,17.460232526704264,27
126,18.54833147735479,20.831964288272093,1.0196255748352325,17.460232526704264,27
127,19.6431676725155,21.04510216502106,0.9187087674012079,17.460232526704264,27
128,19.49373774505092,20.67040883823566,0.7508778873351597,17.460232526704264,27
129,18.491153452528778,20.778140463648253,1.0191576103022035,17.460232526704264,27
130,19.129705854077837,20.943017462518316,0.8620507044853911,17.460232526704264,27
131,19.162049935181333,20.718571636261586,0.9286745798565441,17.460232526704264,27
132,19.264911064067352,20.993013558179204,0.800756535360231,17.460232526704264,27
133,18.80332963783729,20.545160552339492,0.9211060299030996,17.460232526704264,27
134,18.632455532033674,20.6927891934631,1.1412615805764352,17.460232526704264,27
135,18.02664991614216,20.708493355119845,1.0979857547675151,17.460232526704264,27
136,18.51657508881031,20.815221148028428,1.0666466411796458,17.460232526704264,27
137,18.6431676725155,20.905629972754056,0.9753664784051752,17.460232526704264,27
138,17.56287388383278,20.49936377899546,1.3265011796139876,17.460232526704264,27
139,19.51657508881031,20.89832493476707,0.9462629110277875,17.460232526704264,27
140,19.05758369027902,20.77296174012636,1.0541257687804457,17.460232526704264,27
141,18.774596669241483,20.932746579587086,1.1334508477428418,17.460232526704264,27
142,19.30384048104053,20.823726164593158,0.9261659888620366,17.460232526704264,27
143,18.908304597359457,21.05062187741792,1.009646391237022,17.460232526704264,27
144,18.908304597359457,20.953121216100687,0.9497071511526983,17.460232526704264,27
145,17.956465996625056,20.638609995224964,1.091495046480825,17.460232526704264,27
146,18.44948974278318,20.554662297024155,0.9419032783556702,17.460232526704264,27
147,18.088409872672514,20.944841003189,1.0836462132491247,17.460232526704264,27
148,18.63907194296653,20.725755197906263,0.9657731801203358,17.460232526704264,27
149,19.20332963783729,20.611796796482306,0.949383305127112,17.460232526704264,27
150,19.260681686165903,20.89147424448435,1.0715853096040318,17.460232526704264,27
0,18.134698994937583,20.520610486534018,1.0058338589445555,18.134698994937583,28
1,18.408304597359457,20.50872041823401,1.009867016087046,18.134698994937583,28
2,19.171779788708136,21.103879046756056,0.9706806340456838,18.134698994937583,28
3,18.735270009440733,21.052676087253403,1.0614409652750505,18.134698994937583,28
4,18.54880884817015,20.90654132428058,0.9476548475388312,18.134698994937583,28
5,18.336660026534076,20.707772619110074,1.0360326458936333,18.134698994937583,28
6,18.52828568570857,20.38965015970369,0.8758415248570399,18.134698994937583,28
7,19.316590212458493,20.968147891372343,0.8121587592449432,18.134698994937583,28
8,19.254723699099138,21.020798464701524,0.9396558235603264,18.134698994937583,28
9,17.992838827718412,20.91316847408723,1.48635111390711,17.992838827718412,28
10,17.919803902718556,20.903751005401535,1.3333281294301107,17.919803902718556,28
11,19.09666295470958,20.628137456253445,0.9509796300456507,17.919803902718556,28
12,18.77979589711327,20.4410657337612,0.9804055448755384,17.919803902718556,28
13,18.80384048104053,20.792589947740574,1.0592460772376782,17.919803902718556,28
14,18.919803902718556,20.783226595781226,0.858850951828062,17.919803902718556,28
15,18.00830459735946,20.729165064538247,1.0762847357890952,17.919803902718556,28
16,19.533907960581374,21.167072232018803,0.7061123155561247,17.919803902718556,28
17,18.62736184954957,20.814047047442077,0.8329713864836651,17.919803902718556,28
18,19.264911064067352,20.867165524733114,1.080483789455179,17.919803902718556,28
19,18.0,20.626644476932395,1.4168910259516894,17.919803902718556,28
20,19.3,20.714010443418953,0.7094134867921633,17.919803902718556,28
21,18.683095189484533,21.045288953984926,1.1364550582673794,17.919803902718556,28
22,18.26023252670426,20.765320470144186,0.819195595888355,17.919803902718556,28
23,19.09544511501033,20.966962985654877,0.8676851677685684,17.919803902718556,28
24,19.483266665599963,20.899336296765924,0.8814165610589082,17.919803902718556,28
25,18.62736184954957,21.023433687801045,0.9013457325603907,17.919803902718556,28
26,18.134846922834953,20.703128822198803,1.1135572773187634,17.919803902718556,28
27,19.729563014098698,21.149974115235093,0.7256377810468644,17.919803902718556,28
28,18.830950643030008,20.759695840362877,1.1241698229704715,17.919803902718556,28
29,17.840967364599088,20.749465572919227,1.0864297871691488,17.840967364599088,28
30,18.68062484748657,20.70815759133002,1.0060007801181314,17.840967364599088,28
31,19.012403840463595,20.660762678769284,0.9919800361645468,17.840967364599088,28
32,18.512403840463595,20.9248577207062,1.0859495077969414,17.840967364599088,28
33,19.08113883008419,20.708100345341276,0.7788281539480817,17.840967364599088,28
34,18.512403840463595,20.738306623451034,1.1032652695438971,17.840967364599088,28
35,18.134846922834953,20.61579460309943,1.2228355387654772,17.840967364599088,28
36,19.3,20.97704067751935,0.9360161097348038,17.840967364599088,28
37,17.878232998312527,20.749892228420034,1.2852214149736485,17.840967364599088,28
38,19.084943324127924,20.64611932429365,0.9152204555883444,17.840967364599088,28
39,19.671779788708136,21.011010934040254,0.9327935593134115,17.840967364599088,28
40,18.563324958071078,20.504129690107746,1.0022314985934933,17.840967364599088,28
41,18.988409872672513,20.885646476172564,0.9098859572503818,17.840967364599088,28
42,18.713552872566005,21.018520576080302,0.9991589179577746,17.840967364599088,28
43,19.256465996625053,20.92152937567757,0.7881934001106873,17.840967364599088,28
44,18.988409872672513,21.15217259856368,0.9786867361360005,17.840967364599088,28
45,19.20332963783729,20.945786106090797,0.9060276200947625,17.840967364599088,28
46,18.012403840463595,20.896994759307383,1.0537340423746593,17.840967364599088,28
47,18.193737745050925,20.747596273132007,1.0850191072616364,17.840967364599088,28
48,19.24131112314674,20.85384867584154,0.8775641627172711,17.840967364599088,28
49,19.46204993518133,20.899710907193445,0.8502699914942891,17.840967364599088,28
50,17.72474487139159,20.638410315713802,1.1922848660738956,17.72474487139159,28
51,19.20332963783729,20.583662120861423,0.9425040950894207,17.72474487139159,28
52,18.92756668824971,20.733316242475485,1.1213342720944743,17.72474487139159,28
53,18.836660026534076,20.55218046854633,0.8100769105140357,17.72474487139159,28
54,18.841640786499873,20.835052118327795,1.3509003644577025,17.72474487139159,28
55,18.209901951359278,20.772579490639732,1.210775593332317,17.72474487139159,28
56,19.260681686165903,20.523421751458823,0.7261830771811371,17.72474487139159,28
57,17.67979589711327,20.769228750433623,1.1046264554046115,17.67979589711327,28
58,19.00830459735946,20.497781165527325,0.8814838020425385,17.67979589711327,28
59,19.063818169698585,21.160327558239604,0.8543944318641415,17.67979589711327,28
60,19.164688270438848,20.97497414692218,0.9168400885959331,17.67979589711327,28
61,19.841640786499873,21.09617057196562,0.7670796213026452,17.67979589711327,28
62,18.83622914957372,20.777712032410065,0.9985472931320493,17.67979589711327,28
63,18.11980390271856,20.60674432169574,1.2342423276675132,17.67979589711327,28
64,18.340967364599088,20.434089023626242,1.2553049973078623,17.67979589711327,28
65,18.369535971483266,20.969642562987726,0.8354843440399564,17.67979589711327,28
66,19.372004514666937,21.001461984858768,0.9202877525711103,17.67979589711327,28
67,19.3295630140987,20.85529700767916,0.8736916932658815,17.67979589711327,28
68,18.671779788708136,20.77760381578804,0.8527794292852405,17.67979589711327,28
69,18.836660026534076,20.683903002825165,0.9026236652914307,17.67979589711327,28
70,18.560107523773826,20.870882432659105,1.1396729712035458,17.67979589711327,28
71,19.00830459735946,20.949292915896837,0.9564123944600708,17.67979589711327,28
72,18.891153452528776,20.61855189255112,0.8535053902957075,17.67979589711327,28
73,18.3295630140987,21.08347450854272,1.0526879497731811,17.67979589711327,28
74,18.29283882771841,20.42821740494011,0.9070600915873329,17.67979589711327,28
75,18.48148877222268,20.90548635376807,0.8642502417414563,17.67979589711327,28
76,18.830950643030008,20.511417085884972,0.9675878096105177,17.67979589711327,28
77,18.960232526704264,21.213782174534593,0.8411825446316341,17.67979589711327,28
78,18.414213562373096,20.778359457075506,0.8818524275481616,17.67979589711327,28
79,19.32828568570857,20.78470774484143,0.8890745238693648,17.67979589711327,28
80,18.269693845669906,20.51053506472412,1.08730665193408,17.67979589711327,28
81,18.77979589711327,20.665498716352122,0.765425432075852,17.67979589711327,28
82,18.77979589711327,20.904134009129848,1.037457191465891,17.67979589711327,28
83,19.06287388383278,20.785315114555285,0.8731564127629957,17.67979589711327,28
84,18.478232998312528,21.10711180863338,1.2877250651653767,17.67979589711327,28
85,19.22074368738204,20.784351550582727,0.8273192089641227,17.67979589711327,28
86,18.774868417407582,20.460744999659408,1.0995149259668446,17.67979589711327,28
87,19.22474487139159,21.07682652993943,1.0561891740727856,17.67979589711327,28
88,19.381742422927143,20.775498975459744,0.851468439207131,17.67979589711327,28
89,18.70332963783729,21.214111186628767,1.077791424468153,17.67979589711327,28
90,18.62664991614216,20.646912628670403,1.21741983354096,17.67979589711327,28
91,18.429705854077834,20.637804433499188,0.8902302794388748,17.67979589711327,28
92,18.55758369027902,20.40900450765336,1.02915536467001,17.67979589711327,28
93,18.76023252670426,20.79871217578051,1.1040899212686381,17.67979589711327,28
94,19.14476105895272,20.80642812189448,0.983614245073763,17.67979589711327,28
95,19.03072757526625,21.067367603556793,1.4119952567560703,17.67979589711327,28
96,18.861324772583615,20.587508295169656,0.8599772345583889,17.67979589711327,28
97,17.467707825203128,20.317805164894338,1.2512320503580063,17.467707825203128,28
98,18.757583690279024,20.476685233000968,0.968475479454319,17.467707825203128,28
99,18.70332963783729,20.825673959786766,1.1474508110194097,17.467707825203128,28
100,18.8295630140987,20.629761921685812,0.8795219425622953,17.467707825203128,28
101,18.04833147735479,20.820167398283875,1.1073710387950055,17.467707825203128,28
102,18.61980390271856,20.57277655712056,1.179394459105116,17.467707825203128,28
103,18.673320053068153,20.591176413003954,1.0419351930612653,17.467707825203128,28
104,17.77979589711327,20.635470388823617,1.2602619442296643,17.467707825203128,28
105,17.640175425099137,20.74239046672023,1.3692466636344391,17.467707825203128,28
106,18.80384048104053,20.46338506782516,0.9752640171106798,17.467707825203128,28
107,19.257583690279024,20.851863961980047,1.0061581846345335,17.467707825203128,28
108,18.724807680927192,20.811321170512723,0.8737696964708379,17.467707825203128,28
109,18.46619037896906,20.82237101589551,1.089740251656601,17.467707825203128,28
110,17.478232998312528,20.801583842557633,0.9410573118607092,17.467707825203128,28
111,17.769693845669906,20.563280212231803,0.9327400749341889,17.467707825203128,28
112,19.7,20.864937046911674,0.6316533149002238,17.467707825203128,28
113,19.140967364599085,20.90146225009035,0.9522420091953819,17.467707825203128,28
114,19.22736184954957,21.20397168509187,0.8954515689949565,17.467707825203128,28
115,18.632455532033674,21.102483822654623,0.9679845363301602,17.467707825203128,28
116,17.758317958127243,20.4973066633743,0.9835021570235861,17.467707825203128,28
117,18.988409872672513,20.507730141633278,0.9873941649016621,17.467707825203128,28
118,19.256465996625053,21.055632151221122,1.078697923715369,17.467707825203128,28
119,18.841640786499873,20.838096607596814,1.0115730948416215,17.467707825203128,28
120,18.757583690279024,21.01861044619204,1.0154081737751444,17.467707825203128,28
121,18.38494332412792,20.827979659289042,1.0386369947339522,17.467707825203128,28
122,19.340967364599088,20.881398509068873,0.7656995284200929,17.467707825203128,28
123,19.66794833886788,20.912913861574108,0.6552444644878271,17.467707825203128,28
124,19.160107523773828,20.88739546845942,1.1636793291416074,17.467707825203128,28
125,18.012403840463595,20.324311916653325,0.8285984115666883,17.467707825203128,28
126,19.593468988235944,20.42110357891532,0.6181794893136592,17.467707825203128,28
127,19.58113883008419,20.85111676093145,0.8200674043525896,17.467707825203128,28
128,18.869535971483266,20.83742593735106,0.873366422209426,17.467707825203128,28
129,18.71909059582729,20.56768758917281,1.0962860382799415,17.467707825203128,28
130,18.59544511501033,20.891450511216934,0.9931867340211735,17.467707825203128,28
131,19.12736184954957,20.978594492859262,0.9582090308407498,17.467707825203128,28
132,17.54833147735479,20.79303383407112,1.1855350365978365,17.467707825203128,28
133,18.729563014098698,20.78254162622306,0.9632840866219371,17.467707825203128,28
134,17.66770782520313,20.56860503855549,1.1120247671861792,17.467707825203128,28
135,17.956465996625056,20.74272318615507,1.0011105217181915,17.467707825203128,28
136,17.341640786499873,20.57783333959395,1.2600647390829884,17.341640786499873,28
137,19.3,20.422681151149177,0.9304080856641712,17.341640786499873,28
138,18.063324958071078,20.642274090215476,1.0591093285322684,17.341640786499873,28
139,18.894427190999917,20.80504216086551,1.0056916769880528,17.341640786499873,28
140,19.230727575266254,20.665409494960585,0.941857455913101,17.341640786499873,28
141,18.70332963783729,20.3478017794549,0.9061097964852709,17.341640786499873,28
142,18.870828693386972,21.087777917167916,1.0931647670953388,17.341640786499873,28
143,18.48309518948453,20.652004245864344,0.938571964572107,17.341640786499873,28
144,19.255294535724687,20.825653918974446,1.0320880862862876,17.341640786499873,28
145,18.512403840463595,20.827263190283706,1.0667609581884727,17.341640786499873,28
146,18.449137674618942,20.566281956322786,1.0120771605726777,17.341640786499873,28
147,19.11980390271856,20.68168585036395,0.8247662620020367,17.341640786499873,28
148,18.26332495807108,20.931883020696457,1.2273060526183261,17.341640786499873,28
149,18.11980390271856,20.67663001966035,1.0141649604212022,17.341640786499873,28
150,18.6431676725155,21.202988306878947,1.1598088934910418,17.341640786499873,28
0,19.0,20.762932305450807,0.7955450330052437,19.0,29
1,19.23622914957372,20.711135116557298,0.971022702637361,19.0,29
2,19.099999999999998,20.698538934302835,1.0850352229560547,19.0,29
3,19.036664289109584,20.909941103179335,1.0686990380003505,19.0,29
4,19.340967364599088,20.98518900253236,1.0876013499555732,19.0,29
5,19.53072757526625,21.28691234050669,0.919885833461725,19.0,29
6,18.336660026534076,20.795378220626286,1.0599143547930745,18.336660026534076,29
7,18.588409872672514,20.76715896854865,0.9549318877314683,18.336660026534076,29
8,18.099999999999998,20.580027914832783,1.1008919566564317,18.099999999999998,29
9,19.13527000944073,20.89240016923984,0.922257485792488,18.099999999999998,29
10,18.861324772583615,20.81671171542409,1.1906775426377822,18.099999999999998,29
11,18.47763888346312,20.839458332046608,1.0539490340935675,18.099999999999998,29
12,19.30332963783729,20.90202121944933,1.0195981712606965,18.099999999999998,29
13,18.80384048104053,20.641327560511154,0.9952235675356563,18.099999999999998,29
14,19.08522995463527,20.943587835174185,0.9448298231758874,18.099999999999998,29
15,18.79283882771841,20.859402703384394,1.0516296517735724,18.099999999999998,29
16,19.448683298050515,20.883039228822266,0.8509181192342284,18.099999999999998,29
17,18.8295630140987,20.70126382643869,1.0502372560564768,18.099999999999998,29
18,19.340967364599088,20.93932059596764,1.0566597020503146,18.099999999999998,29
19,18.80990195135928,20.659623968765544,1.040464229953659,18.099999999999998,29
20,19.72474487139159,21.17687761371505,0.778542981780722,18.099999999999998,29
21,18.533907960581374,20.779620514733057,1.0409617126897264,18.099999999999998,29
22,18.488409872672513,20.42624707922576,0.8232394145098,18.099999999999998,29
23,18.669693845669904,20.78564717915606,0.7509003900461267,18.099999999999998,29
24,18.71909059582729,20.898541216585315,1.1762211078228435,18.099999999999998,29
25,19.70713075057055,21.03428302101997,0.887898096605388,18.099999999999998,29
26,18.8295630140987,20.835605296954427,1.068152003383605,18.099999999999998,29
27,18.862873883832776,20.84488926424774,0.9632665622456021,18.099999999999998,29
28,19.277154105707726,21.140908705075482,0.9685340575460212,18.099999999999998,29
29,19.51657508881031,20.70952365788013,0.8359732809928279,18.099999999999998,29
30,18.112403840463596,20.792103104975023,1.2409147741571238,18.099999999999998,29
31,19.22736184954957,20.782130026095828,0.862740659764056,18.099999999999998,29
32,19.207106781186546,20.851392820048957,0.9933079519945234,18.099999999999998,29
33,19.18679622641132,20.861004727211405,0.884773442525511,18.099999999999998,29
34,16.834846922834956,20.860886140976202,1.1330666441731037,16.834846922834956,29
35,19.2,20.956607233949857,1.0380259816133723,16.834846922834956,29
36,18.55758369027902,20.924678884763868,0.8685127636285067,16.834846922834956,29
37,17.419090595827292,20.88817595336458,1.2314315865342147,16.834846922834956,29
38,19.162049935181333,20.74792957505354,0.9107418170120725,16.834846922834956,29
39,18.488409872672513,20.568530343603225,1.1561689390741998,16.834846922834956,29
40,19.06287388383278,21.030139146601375,0.943855004771301,16.834846922834956,29
41,18.56953597148327,20.939626601243607,0.9588288878967417,16.834846922834956,29
42,18.99373774505092,20.600306408532767,0.9818893861099446,16.834846922834956,29
43,19.048999599679682,20.536405339296703,0.8872979349969974,16.834846922834956,29
44,18.478232998312528,20.543103124505862,1.0383511863325445,16.834846922834956,29
45,18.99373774505092,20.873503202224345,0.8469461342681011,16.834846922834956,29
46,19.640967364599085,21.4511662355695,0.9760391342578584,16.834846922834956,29
47,18.56287388383278,20.98167645011009,1.1643430119232585,16.834846922834956,29
48,18.129705854077837,21.203448948519778,0.9712271603193838,16.834846922834956,29
49,19.274596669241483,20.875118293681613,0.9352042117830505,16.834846922834956,29
50,19.20293863659264,20.615146527706475,0.8893287445137276,16.834846922834956,29
51,17.948331477354788,20.46722536550979,1.122557118406558,16.834846922834956,29
52,19.02664991614216,20.665789996178507,1.0099017397375403,16.834846922834956,29
53,18.513552872566002,20.61015789792583,0.9280616843452287,16.834846922834956,29
54,19.672004514666934,20.82278631909932,0.7291089872433987,16.834846922834956,29
55,18.87840487520902,21.154737526165928,0.9286367886385023,16.834846922834956,29
56,18.900000000000002,20.60953234581365,0.956790608675787,16.834846922834956,29
57,18.67979589711327,20.886439236869194,1.0674071042912263,16.834846922834956,29
58,19.76332495807108,20.925394691301587,0.9621090045571772,16.834846922834956,29
59,18.640967364599085,20.20105495506417,0.9719921892276819,16.834846922834956,29
60,18.563818169698585,21.024345537772476,0.9785962357027576,16.834846922834956,29
61,17.71909059582729,20.89586580608322,1.367755249972962,16.834846922834956,29
62,18.922497216032184,20.905541090574307,0.9014985053432554,16.834846922834956,29
63,18.163818169698587,20.59984108562499,1.1034854293186094,16.834846922834956,29
64,19.422497216032184,21.061335571142862,0.782679155458931,16.834846922834956,29
65,17.98309518948453,20.61422947731877,1.2086505030823,16.834846922834956,29
66,18.948331477354788,20.835935179976758,0.8760899201293864,16.834846922834956,29
67,18.900000000000002,20.940230595179088,1.1627410007785732,16.834846922834956,29
68,18.285229954635273,20.752398992107473,1.0231075482374552,16.834846922834956,29
69,18.741653005427764,20.585459255377998,0.9477125134887495,16.834846922834956,29
70,19.193737745050925,21.07745577550688,1.1751329373036525,16.834846922834956,29
71,19.05758369027902,20.913419964090448,0.9020115491558461,16.834846922834956,29
72,17.948331477354788,20.654855114325123,1.255705447163137,16.834846922834956,29
73,18.7770329614269,20.551604199890154,1.0102801514236428,16.834846922834956,29
74,19.00554700852678,20.59258345356653,0.8281869916887878,16.834846922834956,29
75,17.836660026534076,20.54292423242704,1.029114976943758,16.834846922834956,29
76,18.255294535724687,21.07439663269542,1.2275189518532321,16.834846922834956,29
77,18.756465996625053,20.894272570804564,1.0506520384413862,16.834846922834956,29
78,19.73205080756888,21.205012392291923,0.8518935862678061,16.834846922834956,29
79,19.063818169698585,20.8431706020021,1.0288350419745662,16.834846922834956,29
80,17.72736184954957,20.855352178887856,1.1345070515555218,16.834846922834956,29
81,18.089897948556636,20.586516051977963,1.2577501998641043,16.834846922834956,29
82,19.160107523773828,20.64184144261843,0.9074433141424986,16.834846922834956,29
83,18.61980390271856,20.73206519922031,1.1826823806851652,16.834846922834956,29
84,19.22474487139159,20.643900948370568,0.914058214554365,16.834846922834956,29
85,18.640175425099137,20.615271905670465,0.9014201118208064,16.834846922834956,29
86,19.04880884817015,20.810594404172786,0.8026497233362709,16.834846922834956,29
87,19.61245154965971,20.922199183405123,0.8092120915769916,16.834846922834956,29
88,18.513552872566002,21.135380784917796,1.1420687077573073,16.834846922834956,29
89,19.488409872672513,21.073310966643405,0.8857108715390668,16.834846922834956,29
90,18.448683298050515,20.740170634128614,1.0047131887352034,16.834846922834956,29
91,18.394427190999917,20.832431396711257,1.1289426027267344,16.834846922834956,29
92,18.134846922834953,20.78280142359853,1.0317143607941193,16.834846922834956,29
93,19.609975124224178,21.30345616661182,0.8761241048172949,16.834846922834956,29
94,19.50454076850486,20.868570368942752,0.8169210039801169,16.834846922834956,29
95,18.96619037896906,20.62209484100384,1.066690494739369,16.834846922834956,29
96,18.735270009440733,20.635718911715404,1.0440698275347269,16.834846922834956,29
97,18.640175425099137,21.000480739447998,1.2095663848430773,16.834846922834956,29
98,18.30384048104053,20.88093958291067,1.3378356197412904,16.834846922834956,29
99,18.088409872672514,20.702172853851973,1.075556934982944,16.834846922834956,29
100,19.334846922834956,20.86557760983308,0.8758870883705712,16.834846922834956,29
101,18.67979589711327,20.539717052057068,1.0248178847269507,16.834846922834956,29
102,18.229563014098698,20.348948228086837,1.0747454835016743,16.834846922834956,29
103,19.055294535724684,20.967268541553594,0.9842170108562829,16.834846922834956,29
104,19.60554700852678,20.79378748698969,0.6561362485700512,16.834846922834956,29
105,18.880624847486573,20.869436320237373,0.811880809659183,16.834846922834956,29
106,17.336660026534076,20.497470368708125,1.0674295359508839,16.834846922834956,29
107,19.09666295470958,20.870348898879758,1.092086002189326,16.834846922834956,29
108,18.80384048104053,20.891962231707986,0.9453184017967269,16.834846922834956,29
109,17.50830459735946,21.153226377089407,1.2252956552985788,16.834846922834956,29
110,19.516609194718917,20.841902408092256,0.6393806216589256,16.834846922834956,29
111,19.460232526704264,21.152095271812637,0.9453362105685692,16.834846922834956,29
112,18.448683298050515,20.749615363229182,1.1058370995213023,16.834846922834956,29
113,19.05758369027902,21.069574515299905,1.0658839276653505,16.834846922834956,29
114,18.132455532033674,20.862906462400773,1.0598025827346031,16.834846922834956,29
115,18.04494897427832,20.266546777539187,1.0001390487186945,16.834846922834956,29
116,18.73622914957372,20.91310152519265,1.010597842766739,16.834846922834956,29
117,18.836660026534076,20.99017309269298,0.968924593560957,16.834846922834956,29
118,18.56287388383278,20.89681516722341,1.1261340153338026,16.834846922834956,29
119,18.362873883832776,20.791355365041476,0.9586032793512119,16.834846922834956,29
120,19.0,20.70930833909566,1.219330109110456,16.834846922834956,29
121,19.57763888346312,20.880842341260237,0.7729659245957696,16.834846922834956,29
122,18.785229954635273,20.54966739568331,0.8324332659205628,16.834846922834956,29
123,17.72736184954957,20.510671967206218,0.9660529391944953,16.834846922834956,29
124,18.44935886896179,20.622227700007702,0.950905191667429,16.834846922834956,29
125,18.32828568570857,20.692985427054506,0.9776075036409781,16.834846922834956,29
126,17.774165738677393,20.51047446363357,1.1911826355856652,16.834846922834956,29
127,18.63527000944073,20.861062142643263,1.076645083210444,16.834846922834956,29
128,18.7,20.76161633229589,1.1805460808992632,16.834846922834956,29
129,19.163818169698587,21.150615300200258,1.0983548080720658,16.834846922834956,29
130,19.099999999999998,20.830419211179102,1.200714125769621,16.834846922834956,29
131,18.755294535724687,20.62504809882828,0.9722839270066144,16.834846922834956,29
132,19.378232998312527,20.852554232448956,0.9265299932904573,16.834846922834956,29
133,19.756465996625053,21.06855576800349,0.8814024394049426,16.834846922834956,29
134,18.54880884817015,20.784068335290744,1.070872756963151,16.834846922834956,29
135,19.060107523773826,20.778677244969444,0.9222270178617167,16.834846922834956,29
136,19.343559577416272,21.144111633674274,0.893775178682176,16.834846922834956,29
137,19.30332963783729,20.603460530617784,0.9337492656486245,16.834846922834956,29
138,19.26468827043885,20.887810311934658,0.9191656490162478,16.834846922834956,29
139,19.11245154965971,20.794098342838677,0.861849841970832,16.834846922834956,29
140,18.30332963783729,21.016249031606083,0.9353306373384473,16.834846922834956,29
141,18.94928556845359,20.641135803481507,0.7758507745842621,16.834846922834956,29
142,17.978232998312528,20.55098232945613,1.0365763377275499,16.834846922834956,29
143,18.868438714135813,20.515018052909287,0.8232136164790765,16.834846922834956,29
144,18.336660026534076,20.744734341880257,0.9672536747189863,16.834846922834956,29
145,19.396662954709576,20.923715780688152,0.9030867020499561,16.834846922834956,29
146,18.95472369909914,20.814671248053244,1.1105386411056881,16.834846922834956,29
147,19.456465996625056,21.018695453643428,0.9008228465617516,16.834846922834956,29
148,18.071779788708135,20.27407440370466,0.8821714129204655,16.834846922834956,29
149,19.099999999999998,21.051756683978816,0.9514690674299363,16.834846922834956,29
150,19.36619037896906,20.947783138833383,0.9540692740207866,16.834846922834956,29
0,19.09544511501033,20.868412513535958,0.9947689350846427,19.09544511501033,30
1,19.0,20.66252065561895,1.0606936402354947,19.0,30
2,18.6431676725155,20.884126637892876,1.0556924676539725,18.6431676725155,30
3,18.12736184954957,20.884632598324064,1.0184121821354615,18.12736184954957,30
4,17.816515138991168,20.546174617307315,1.028822291813147,17.816515138991168,30
5,17.334846922834956,20.588980739179178,1.29692400910583,17.334846922834956,30
6,17.56953597148327,20.91480169565452,1.1619239649715085,17.334846922834956,30
7,18.316609194718914,20.447787329862212,0.984128398758042,17.334846922834956,30
8,18.61245154965971,20.972014941904234,1.0856080738776859,17.334846922834956,30
9,17.76023252670426,20.196376622857667,1.2264268053681133,17.334846922834956,30
10,18.49373774505092,20.58276870813216,1.0487608327974582,17.334846922834956,30
11,19.18062484748657,20.76408039956248,0.9876292059516033,17.334846922834956,30
12,18.94928556845359,20.69733561554882,1.1447598825007337,17.334846922834956,30
13,18.70936130717624,21.032549338721683,0.8989424682245901,17.334846922834956,30
14,18.512403840463595,20.553930911338437,1.000800388332651,17.334846922834956,30
15,18.5,21.016769216417185,1.338744250554386,17.334846922834956,30
16,18.96619037896906,20.91601993538979,1.0110318437270467,17.334846922834956,30
17,18.112403840463596,20.50822917129501,1.0022234567532964,17.334846922834956,30
18,18.492838827718412,20.97511850821883,1.213293241899129,17.334846922834956,30
19,19.14355957741627,20.666050992701418,0.7975634019347555,17.334846922834956,30
20,18.70332963783729,20.377969796526866,0.8769261278016387,17.334846922834956,30
21,18.599999999999998,20.953315605153318,1.0875058192230878,17.334846922834956,30
22,18.207106781186546,20.95435256050362,1.0991601886193372,17.334846922834956,30
23,18.70332963783729,20.686112761811614,1.0356131433609574,17.334846922834956,30
24,19.09666295470958,20.602641313517903,0.8925176403270496,17.334846922834956,30
25,18.880624847486573,20.66517335719148,0.9135081993676858,17.334846922834956,30
26,19.16770782520313,20.506165209703635,0.6897474929038299,17.334846922834956,30
27,18.0,20.78078609346652,1.1374783202457515,17.334846922834956,30
28,18.071779788708135,20.628981607221217,1.0353689223001934,17.334846922834956,30
29,18.68062484748657,20.944461926099894,0.8503270945517519,17.334846922834956,30
30,18.993468988235943,20.70924047639777,0.9215795584154314,17.334846922834956,30
31,19.163818169698587,21.08822955358058,1.0661022399576618,17.334846922834956,30
32,19.33622914957372,20.854357700712878,0.807801033343653,17.334846922834956,30
33,18.99373774505092,20.75001488331962,0.8810453513499422,17.334846922834956,30
34,19.013552872566002,20.82419772136429,1.1171196893617872,17.334846922834956,30
35,18.840967364599088,21.16343694457974,1.2743400387346497,17.334846922834956,30
36,19.048999599679682,20.686685999916165,0.7443914178947147,17.334846922834956,30
37,19.422497216032184,20.79962434078956,1.0698625078294062,17.334846922834956,30
38,19.520465053408525,20.9433259643607,0.8706618982224433,17.334846922834956,30
39,18.612403840463596,20.798134525290504,0.9347985477844095,17.334846922834956,30
40,19.06287388383278,21.102129105384197,0.9886510605980765,17.334846922834956,30
41,17.478232998312528,20.884624607344424,1.3675439057492873,17.334846922834956,30
42,18.822611077089288,20.231281908148308,0.81431639101104,17.334846922834956,30
43,19.04880884817015,20.60642534018437,1.0528555906702841,17.334846922834956,30
44,18.780697580112786,20.704867328916507,1.126624392134846,17.334846922834956,30
45,18.563818169698585,20.701223082232165,0.9566605165311173,17.334846922834956,30
46,18.334846922834956,20.666037768184523,1.0109353676960624,17.334846922834956,30
47,19.27979589711327,20.912956588294815,0.8254414821434328,17.334846922834956,30
48,19.599999999999998,21.018284562054063,0.8781231653525482,17.334846922834956,30
49,18.400000000000002,20.76449304458325,1.2035451330108258,17.334846922834956,30
50,18.160107523773828,20.665771666299698,1.1286114462467678,17.334846922834956,30
51,17.132455532033674,20.595259518263976,1.3986365112501717,17.132455532033674,30
52,18.978232998312528,20.697785288790175,1.053996422134837,17.132455532033674,30
53,18.836660026534076,20.63087977320385,0.9844346270680355,17.132455532033674,30
54,18.93095064303001,20.35827025330983,0.7897634289658944,17.132455532033674,30
55,18.992838827718412,20.86261564930358,0.84838436396804,17.132455532033674,30
56,19.140967364599085,20.597987325698558,1.0487559192806293,17.132455532033674,30
57,19.1431676725155,20.88447829170875,0.8730785375677931,17.132455532033674,30
58,18.71909059582729,20.549450185783133,0.9706179107791829,17.132455532033674,30
59,18.460232526704264,20.520129533608223,0.9999471044516542,17.132455532033674,30
60,19.48148877222268,20.994338376154275,0.894842782509692,17.132455532033674,30
61,17.822497216032183,20.734922875928053,1.1717028878250237,17.132455532033674,30
62,18.3295630140987,20.342141875790173,1.0725464784461722,17.132455532033674,30
63,18.3295630140987,20.849757407778526,1.0753493287633795,17.132455532033674,30
64,17.894427190999917,20.69248897476385,1.1444472901900375,17.132455532033674,30
65,19.162049935181333,20.864676515505817,0.9063689674069224,17.132455532033674,30
66,19.12736184954957,20.57383312570489,1.0467581694615902,17.132455532033674,30
67,18.8295630140987,20.798034959089122,0.8727047792233391,17.132455532033674,30
68,19.049444375840398,20.814650405264683,1.0831231066489093,17.132455532033674,30
69,18.422497216032184,20.74765061536389,1.1071590226927044,17.132455532033674,30
70,18.30384048104053,20.491447990735082,0.8662255970268212,17.132455532033674,30
71,19.159126028197402,21.017243802545256,0.846287968512064,17.132455532033674,30
72,18.79283882771841,20.882336350011432,0.8904153512258529,17.132455532033674,30
73,20.013552872566002,21.300259041451117,0.9499328388799201,17.132455532033674,30
74,18.612403840463596,20.76912822518534,1.0613466129175506,17.132455532033674,30
75,18.76843871413581,20.75786095783114,1.0726539982952714,17.132455532033674,30
76,18.449137674618942,20.383408208136263,0.9477093265417537,17.132455532033674,30
77,19.400000000000002,20.64019749311701,0.7895168411843371,17.132455532033674,30
78,18.896662954709576,21.02172450144072,1.136985868678609,17.132455532033674,30
79,19.229563014098698,20.97947009236619,0.9083163477890149,17.132455532033674,30
80,18.87840487520902,20.966814672136927,1.0623695483375457,17.132455532033674,30
81,18.55758369027902,20.93130975568462,1.0961308249618251,17.132455532033674,30
82,18.099999999999998,20.7440886925662,1.092921681434663,17.132455532033674,30
83,18.274165738677393,20.604504408118913,1.0155515723649102,17.132455532033674,30
84,18.76332495807108,20.785191948889622,1.0255615106201348,17.132455532033674,30
85,18.764911064067352,20.76624504068334,0.8135699509122956,17.132455532033674,30
86,18.82828568570857,20.766709664031833,0.8492721120456516,17.132455532033674,30
87,18.3295630140987,20.67827964166605,1.0173435211920672,17.132455532033674,30
88,18.112403840463596,20.899508380715265,1.1737116650544104,17.132455532033674,30
89,18.72736184954957,20.554886322624185,1.1292144253796181,17.132455532033674,30
90,18.923538406167136,20.859890771333898,1.0628635047759403,17.132455532033674,30
91,17.960232526704264,20.67166866033256,1.014125482836417,17.132455532033674,30
92,18.8,20.562949609550213,1.0524080071320192,17.132455532033674,30
93,19.3,21.208460587773427,0.9726432306081494,17.132455532033674,30
94,19.280350850198275,21.047271082599487,1.0476014662956437,17.132455532033674,30
95,18.314642819948226,20.823999137931327,1.1802383080011196,17.132455532033674,30
96,19.049444375840398,21.020571279681366,0.9355208358221628,17.132455532033674,30
97,18.729563014098698,20.854680426714093,1.1531872864495856,17.132455532033674,30
98,19.491153452528778,21.097516179543316,1.0943855572439252,17.132455532033674,30
99,18.12664991614216,20.818232623620307,1.1300636661292336,17.132455532033674,30
100,17.419090595827292,20.668595598149178,1.1048935300821516,17.132455532033674,30
101,18.588409872672514,21.006232694572727,0.9127643264275475,17.132455532033674,30
102,18.132455532033674,20.563824848515846,0.9836448189164495,17.132455532033674,30
103,18.183095189484533,20.526627857237226,1.2320371563490722,17.132455532033674,30
104,19.06287388383278,21.340735305614093,1.2898562589046083,17.132455532033674,30
105,19.30332963783729,20.571311133065336,0.888048200096077,17.132455532033674,30
106,19.06287388383278,20.8940099312192,1.0594895872044843,17.132455532033674,30
107,19.33390796058137,20.81700913118925,0.756550531438764,17.132455532033674,30
108,19.224807680927192,20.773860413552352,0.7546812500033164,17.132455532033674,30
109,19.621320343559642,20.91830999788044,0.7877360654175053,17.132455532033674,30
110,18.04833147735479,20.917118982564265,1.0754520432433818,17.132455532033674,30
111,19.063818169698585,20.568703254646667,0.9215561756711279,17.132455532033674,30
112,19.46204993518133,20.72841536956324,0.7618986905129319,17.132455532033674,30
113,17.56953597148327,20.89079590846086,1.0275271335511238,17.132455532033674,30
114,18.640967364599085,20.826196898751842,1.0107439248493233,17.132455532033674,30
115,18.967707825203128,20.75722789673364,1.0959872125534857,17.132455532033674,30
116,18.563818169698585,20.55390097077975,1.2096597068235975,17.132455532033674,30
117,18.640967364599085,20.748490265829513,0.9312293537799727,17.132455532033674,30
118,18.735270009440733,21.110214104472444,1.083686822806607,17.132455532033674,30
119,19.05758369027902,20.64189572941453,0.8407047728001475,17.132455532033674,30
120,18.774165738677393,20.691404470517025,0.9687207180036699,17.132455532033674,30
121,19.132455532033674,20.891694226021887,0.8347533540658049,17.132455532033674,30
122,19.71909059582729,20.787442405144105,0.5952940449805472,17.132455532033674,30
123,19.22736184954957,20.613153471972073,0.7233660471812124,17.132455532033674,30
124,19.06953597148327,20.96683103670225,1.2163401007548442,17.132455532033674,30
125,18.900000000000002,21.051919993319906,0.9995192660717042,17.132455532033674,30
126,18.1431676725155,20.512468140744573,0.9905155776987485,17.132455532033674,30
127,18.183095189484533,20.52153422029089,1.2027790766726991,17.132455532033674,30
128,19.70332963783729,20.998573055493484,0.793634770313171,17.132455532033674,30
129,18.54833147735479,20.467509932197487,0.9870922373438767,17.132455532033674,30
130,18.330950643030008,20.49139696419671,1.1212607424161483,17.132455532033674,30
131,18.2770329614269,20.962641867906637,0.9894770346524706,17.132455532033674,30
132,19.033907960581374,20.61684430171461,0.7877296411311512,17.132455532033674,30
133,19.44899959967968,20.827738220146617,0.8590050501397657,17.132455532033674,30
134,18.880624847486573,20.908920175434297,1.1925583557632449,17.132455532033674,30
135,19.11980390271856,20.86596126847863,1.0283557383981028,17.132455532033674,30
136,19.183095189484533,20.636008979117985,1.106324882865252,17.132455532033674,30
137,18.683095189484533,21.101133945214745,1.0750537504007913,17.132455532033674,30
138,19.380624847486573,21.062496732654544,0.9287761755321936,17.132455532033674,30
139,19.140175425099137,21.069211246603306,1.1133396716503452,17.132455532033674,30
140,18.30384048104053,20.6947623848812,0.979572361861622,17.132455532033674,30
141,19.285229954635273,20.897616589904672,0.8744408501252869,17.132455532033674,30
142,18.54833147735479,20.648607242328485,1.0430484318761049,17.132455532033674,30
143,18.339607805437115,20.80704436792293,1.0694634082096384,17.132455532033674,30
144,18.96204993518133,20.663300711935104,1.0221286745379137,17.132455532033674,30
145,18.58113883008419,20.837947623834598,1.0151783368732286,17.132455532033674,30
146,18.900000000000002,20.94924920503112,1.1336567646942646,17.132455532033674,30
147,19.08113883008419,21.021052331834095,0.9332545486021563,17.132455532033674,30
148,19.04928556845359,20.749688860156564,0.8603221815416214,17.132455532033674,30
149,18.83390796058137,21.207398151525258,1.0206958266200088,17.132455532033674,30
150,17.960232526704264,20.596836828150156,1.1658953443473914,17.132455532033674,30
